episode,map,scen,agents,reward,completed,completion_rate,collisions,recovery_invocations,recovery_forced,recovery_resolved,recovery_wasted,recovery_preemptive,recovery_preemptive_success,risk_steps,risk_steps_acted,warning_steps,intervention_rate,brake_duty_cycle,mean_peer_gap,errors_injected,handovers_completed,retired_recalled,action_override_rate,gradient_agreement,mean_hops_remaining,incomplete_waiting,incomplete_moving,incomplete_rescuer_busy,incomplete_dead_rescue_late,incomplete_total,hops_waiting,hops_moving,hops_rescuer_busy,hops_dead_rescue_late,start_hops_waiting,start_hops_moving,start_hops_rescuer_busy,start_hops_dead_rescue_late,steps_held_waiting,steps_held_moving,steps_held_rescuer_busy,steps_held_dead_rescue_late,steps_waiting_waiting,steps_waiting_moving,steps_waiting_rescuer_busy,steps_waiting_dead_rescue_late,start_hops_delivered,steps_held_delivered,steps_waiting_delivered,sep_pairs,sep_min,sep_mean_nearest,sep_within_collision,sep_within_warning,sep_pct_within_warning,tier1_real_escapes,tier1_noop_escapes,tier1_rejected_occupied,tier1_rejected_obstacle,tier2_rejected_obstacle,recurrence_escalations,recurrence_pairs_tracked,doorstep_steps,doorstep_arrived,doorstep_closer,doorstep_idle,doorstep_away,doorstep_overridden,doorstep_peer_within_warning,doorstep_step_in_rate,doorstep_idle_rate,convoy_fleets_exempted,convoy_invocations_skipped,held_pair_invocations_skipped,rwd_term_pos_goal_baseline,rwd_term_neg_goal_baseline,rwd_term_pos_goal_delivery,rwd_term_neg_goal_delivery,rwd_term_pos_goal_progress,rwd_term_neg_goal_progress,rwd_term_pos_goal_final_approach,rwd_term_neg_goal_final_approach,rwd_term_pos_safety_collision,rwd_term_neg_safety_collision,rwd_term_pos_safety_warning,rwd_term_neg_safety_warning,rwd_term_pos_integrity_coherence,rwd_term_neg_integrity_coherence,rwd_term_pos_integrity_recovery_events,rwd_term_neg_integrity_recovery_events,rwd_term_pos_rescue_pickup,rwd_term_neg_rescue_pickup,rwd_term_pos_rescue_rescue_delivery,rwd_term_neg_rescue_rescue_delivery,rwd_term_pos_time_idle,rwd_term_neg_time_idle,rwd_term_pos_time_overtime,rwd_term_neg_time_overtime,rwd_spread_mean_goal,rwd_spread_std_goal,rwd_spread_mean_safety,rwd_spread_std_safety,rwd_spread_mean_integrity,rwd_spread_std_integrity,rwd_spread_mean_rescue,rwd_spread_std_rescue,rwd_spread_mean_time,rwd_spread_std_time,rwd_shadow_pos_safety,rwd_shadow_neg_safety,rwd_shadow_pos_delivery,rwd_shadow_neg_delivery,rwd_shadow_pos_efficiency,rwd_shadow_neg_efficiency,rwd_shadow_mean_safety,rwd_shadow_std_safety,rwd_shadow_mean_delivery,rwd_shadow_std_delivery,rwd_shadow_mean_efficiency,rwd_shadow_std_efficiency,rwd_shadow_freq_safety,rwd_shadow_typical_safety,rwd_shadow_freq_delivery,rwd_shadow_typical_delivery,rwd_shadow_freq_efficiency,rwd_shadow_typical_efficiency,rwd_live_pos_safety,rwd_live_neg_safety,rwd_live_pos_delivery,rwd_live_neg_delivery,rwd_live_pos_efficiency,rwd_live_neg_efficiency,rwd_approach_total,rwd_standoff_pairsteps,rwd_standoff_longest,rwd_standoff_past_cap,rwd_choice_wait,rwd_choice_follow,rwd_choice_reroute,rwd_choice_proceed,rwd_warnundo_fleetsteps,rwd_warnundo_mismatched,rwd_warnundo_escaped_kept,rwd_warnundo_error,rwd_all_pos_goal,rwd_all_pos_safety,rwd_all_pos_integrity,rwd_all_pos_rescue,rwd_all_pos_time,rwd_all_neg_goal,rwd_all_neg_safety,rwd_all_neg_integrity,rwd_all_neg_rescue,rwd_all_neg_time,rwd_learned_pos_goal,rwd_learned_pos_safety,rwd_learned_pos_integrity,rwd_learned_pos_rescue,rwd_learned_pos_time,rwd_learned_neg_goal,rwd_learned_neg_safety,rwd_learned_neg_integrity,rwd_learned_neg_rescue,rwd_learned_neg_time,held_pair_fleets_exempted,convoy_splats_skipped,orders_total,orders_delivered,orders_undelivered,orders_inherited,orders_inherited_delivered,orders_stranded_in_open_pickups,sep_warning_splats,loss_safety,loss_delivery,loss_efficiency,qval_safety,qval_delivery,qval_efficiency,loss_recovery,qval_recovery,incomplete_dead_no_pickup,hops_dead_no_pickup,start_hops_dead_no_pickup,steps_held_dead_no_pickup,steps_waiting_dead_no_pickup,incomplete_dead_rescued,hops_dead_rescued,start_hops_dead_rescued,steps_held_dead_rescued,steps_waiting_dead_rescued,incomplete_livelocked,hops_livelocked,start_hops_livelocked,steps_held_livelocked,steps_waiting_livelocked,incomplete_yielding,hops_yielding,start_hops_yielding,steps_held_yielding,steps_waiting_yielding
1,25_5_2_5_2_1,25_5_2_5_2_1_StartGoalLocations_Seed8.csv,46,-33414.72047320008,32,0.6956521739130435,37,70,37,37,0,70,1,72,72,72,1.0,0.2994397045715013,4.945945671617351,2,0,1,0.3564022644869919,0.4259271038737994,18.011524668106667,2.0,9.0,2.0,2.0,15,26.29,17.89,10.3,9.75,4.0,11.0,3.92,4.5,82.5,60.9,18.5,14.0,204.0,112.3,89.0,4.0,9.48,23.0,19.4,78,0.93,5.98,0.0,3.0,3.85,744,0,382,0,0,59,51,504,0,133,11,360,0,13,0.2639,0.0218,123,2,0,1572.1,0.0,3200.0,0.0,8338.922,-7215.694,10.5,0.0,0.0,-3700.0,5.106,-2966.656,0.0,-5953.0,45.0,-20792.0,0.0,0.0,0.0,0.0,0.0,-1462.0,0.0,-4497.0,0.37566,4.68311,-0.42374,3.42283,-1.69837,2.81199,0.0,0.0,-0.37905,1.55527,18.0,-16122.823,3200.0,0.0,12695.695,-9239.571,-1.02441,4.00228,0.20355,4.50705,0.21984,2.06346,0.30571,3.35847,0.00204,100.0,0.99796,1.39813,0.0,-186.2054,45.4545,0.0,465.0126,-740.7425,-272.845,1184,48,883,2223,440,1111,930,4681,1886,166,7.273,12602.08,0.544,22.5,0.0,0.0,-6696.251,-6662.094,-26722.5,0.0,-5959.0,12602.08,0.544,22.5,0.0,0.0,-6696.251,-6662.094,-26722.5,0.0,-5959.0,0,416,46,32,14,0,0,2,2522,0.006656683527920117,0.0038008539590086115,0.0020024854054212005,0.016621511627953854,0.06254859947759957,-0.012858373916727993,0.00011093470222724797,-0.02164532975031485,,,,,,,,,,,,,,,,,,,,
2,25_5_2_5_2_1,25_5_2_5_2_1_StartGoalLocations_Seed7.csv,46,2173.231998413801,44,0.9565217391304348,8,0,8,8,7,0,0,1,1,1,1.0,0.1601078167115903,6.187372168526388,2,0,0,0.10238907849829351,0.5033231543021376,0.0,,,,,2,,,,,,,,,,,,,,,,,7.95,0.5,1.6,0,,,,,,14,0,15,0,0,0,6,217,0,70,113,34,0,28,0.3226,0.5207,2,1,0,556.7,0.0,4400.0,0.0,3999.621,-2962.796,10.5,0.0,0.0,-800.0,1.114,-519.407,0.0,-2065.0,0.0,-300.0,0.0,0.0,0.0,0.0,0.0,-147.5,0.0,0.0,1.0785,8.95914,-0.2368,2.68078,-0.42482,0.50643,0.0,0.0,-0.0265,0.11201,0.0,-1810.373,4400.0,0.0,4882.349,-2422.016,-0.3252,2.75997,0.79037,8.85508,0.44195,1.47682,0.17065,1.90566,0.0079,100.0,0.9921,1.32254,0.0,-37.65,62.5,0.0,229.1498,-177.7312,-40.894,0,0,0,72,220,387,208,877,508,46,-2.419,8757.433,0.0,0.0,0.0,0.0,-2753.408,-1318.292,-2365.0,0.0,-147.5,8757.433,0.0,0.0,0.0,0.0,-2753.408,-1318.292,-2365.0,0.0,-147.5,0,234,46,44,2,0,0,0,279,0.005432961486011767,0.00351166784714707,0.0023964611023570164,-0.018054533955608673,0.07444671043489552,-0.028545597053384938,6.590590813670409e-05,-0.009555726983846767,2.0,2.67,14.5,0.0,1.0,,,,,,,,,,,,,,,
3,25_5_2_5_2_1,25_5_2_5_2_1_StartGoalLocations_Seed4.csv,46,1193.8726429343224,41,0.8913043478260869,6,1,6,6,12,1,0,1,1,1,1.0,0.08599265744140074,6.736865706133728,2,2,2,0.13043478260869565,0.6781528032763734,3.7809659957885744,,5.0,,,7,,3.78,,,,9.2,,,,2.0,,,,2.4,,,8.82,0.3,0.8,10,6.96,14.27,0.0,0.0,0.0,17,0,10,0,0,1,9,146,0,88,6,52,0,34,0.6027,0.0411,0,0,0,708.4,0.0,4100.0,0.0,5080.422,-3964.243,59.5,0.0,0.0,-700.0,1.989,-354.695,0.0,-1430.0,0.0,-568.0,50.0,0.0,0.0,0.0,0.0,-64.5,0.0,-1725.0,0.84473,7.72984,-0.1486,2.22254,-0.28204,0.72305,0.00706,0.42,-0.25261,1.42414,0.0,-1459.124,4150.0,0.0,5692.397,-5051.154,-0.20597,2.29597,0.58583,7.59672,0.09052,2.13403,0.09486,2.17132,0.00607,96.51163,0.99421,1.52542,0.0,-30.6461,58.9489,0.0,284.6662,-319.7417,-39.161,2,1,0,41,142,234,182,600,317,35,6.418,9655.143,0.544,0.0,50.0,0.0,-3671.064,-1053.25,-1998.0,0.0,-1789.5,9655.143,0.544,0.0,50.0,0.0,-3671.064,-1053.25,-1998.0,0.0,-1789.5,0,135,46,41,5,2,2,0,182,0.0036897220022910917,0.004061589193734108,0.002164739590516547,-0.05330690582282841,0.09192858165130019,-0.01511214789573387,5.460188326878779e-05,-0.010452055804707925,,,,,,2.0,11.7,22.5,0.0,1.5,,,,,,,,,,
4,25_5_2_5_2_1,25_5_2_5_2_1_StartGoalLocations_Seed8.csv,46,1067.670634239912,42,0.9130434782608695,3,3,3,3,41,3,1,4,4,4,1.0,0.061377245508982034,6.7914583522960275,1,0,0,0.2501603592046183,0.5404191616766467,4.779508908589681,,2.0,1.0,1.0,4,,5.42,3.5,7.36,,7.5,3.5,10.0,,5.0,10.0,0.0,,2.0,9.0,11.0,8.26,0.5,0.5,3,7.91,17.39,0.0,0.0,0.0,13,0,6,0,0,2,5,114,0,75,14,25,0,4,0.6579,0.1228,8,1,0,467.7,0.0,4200.0,0.0,2819.13,-1802.672,10.5,0.0,0.0,-300.0,0.25,-174.738,0.0,-819.5,19.0,-1840.0,0.0,0.0,0.0,0.0,0.0,-477.0,0.0,-1035.0,1.21759,9.48713,-0.10145,1.79483,-0.56457,1.36975,0.0,0.0,-0.32328,1.40539,18.0,-930.467,4200.0,0.0,3268.55,-2798.547,-0.1951,1.92659,0.89801,9.4337,0.10049,1.88507,0.12893,1.57291,0.00898,100.0,0.99102,1.30897,0.0,-13.4945,59.6591,0.0,160.266,-187.9827,-15.86,13,3,0,46,59,116,66,288,94,21,0.98,7354.03,0.0,9.5,0.0,0.0,-1659.372,-474.487,-2650.0,0.0,-1512.0,7354.03,0.0,9.5,0.0,0.0,-1659.372,-474.487,-2650.0,0.0,-1512.0,0,58,46,42,4,0,0,1,83,0.002870382400424205,0.004532997947935655,0.0028238038292329294,-0.058256012671627104,0.10148960636928678,-0.0031064045337780045,0.00014523448827844732,-0.009918823255648022,,,,,,,,,,,,,,,,,,,,
5,25_5_2_5_2_1,25_5_2_5_2_1_StartGoalLocations_Seed1.csv,46,3207.5277727544308,45,0.9782608695652174,3,1,3,3,12,1,1,4,4,4,1.0,0.11008849557522124,7.122605858429344,2,1,2,0.23008849557522124,0.7161061946902655,7.0,,1.0,,,3,,7.0,,,,7.0,,,,0.0,,,,4.0,,,7.0,0.0,0.3,0,,,,,,8,0,4,0,0,0,4,119,0,99,0,20,0,9,0.8319,0.0,6,3,0,282.5,0.0,4500.0,0.0,2061.996,-1122.565,0.0,0.0,0.0,-300.0,0.672,-213.075,0.0,-945.0,45.0,-540.0,25.0,0.0,0.0,0.0,0.0,-242.0,0.0,-345.0,2.02546,12.54106,-0.18138,2.31142,-0.50973,1.27931,0.00885,0.47028,-0.20779,1.05778,18.0,-786.956,4525.0,0.0,2357.934,-1419.708,-0.2722,2.4465,1.60177,12.52787,0.33212,1.67748,0.11469,2.48443,0.01628,98.36957,0.98407,1.35886,0.0,-13.5927,64.2756,0.0,117.1426,-97.0037,-11.73,8,1,0,18,183,65,38,307,67,1,8.053,6769.396,0.32,45.0,25.0,0.0,-1047.465,-512.723,-1485.0,0.0,-587.0,6769.396,0.32,45.0,25.0,0.0,-1047.465,-512.723,-1485.0,0.0,-587.0,0,115,46,45,1,1,1,0,35,0.0023580764049347634,0.004921732190377952,0.0027795028299442493,-0.06054580722004175,0.10494527409784496,-0.003098653908479605,8.916681651271574e-05,-0.008151108766323887,1.0,7.5,9.0,0.0,0.0,1.0,3.0,14.0,0.0,0.0,,,,,,,,,,
6,25_5_2_5_2_1,25_5_2_5_2_1_StartGoalLocations_Seed5.csv,46,-1790.0881859362125,42,0.9130434782608695,17,9,16,17,10,8,2,10,10,9,1.0,0.17696404793608522,6.1707146992497695,2,1,2,0.22369996010107726,0.555954757152362,6.11358642578125,,2.0,1.0,1.0,6,,7.95,3.07,8.0,,11.5,3.07,10.0,,21.5,29.0,10.0,,20.0,7.0,12.0,8.38,10.4,10.7,6,6.35,14.46,0.0,0.0,0.0,53,0,35,0,0,10,17,582,0,239,97,246,0,12,0.4107,0.1667,10,1,0,751.9,0.0,4200.0,0.0,5010.935,-3890.826,17.5,0.0,0.0,-2000.0,1.828,-883.425,0.0,-1840.0,280.0,-1528.0,25.0,0.0,0.0,0.0,0.0,-555.0,0.0,-1380.0,0.80988,7.59722,-0.38324,3.63795,-0.41069,1.31347,0.00332,0.28829,-0.25735,1.25097,41.72,-4020.461,4225.0,0.0,5766.744,-4970.626,-0.52916,3.82326,0.56191,7.45828,0.10588,2.01157,0.18699,2.88918,0.00572,98.25581,0.99441,1.43605,0.0,-80.2339,60.0142,0.0,280.985,-326.5502,-63.022,230,25,146,529,212,258,319,1308,536,63,4.144,9741.289,0.0,280.0,25.0,0.0,-3651.78,-2881.597,-3368.0,0.0,-1935.0,9741.289,0.0,280.0,25.0,0.0,-3651.78,-2881.597,-3368.0,0.0,-1935.0,0,161,46,42,4,1,1,1,595,0.0029819891319493763,0.00495551919866557,0.0031049957049253864,-0.06539557290729135,0.10823903111740947,0.00874722047323303,0.00010488542088637586,-0.008342616751324385,,,,,,1.0,1.0,19.0,15.0,9.0,1.0,5.48,7.0,40.0,42.0,,,,,
7,25_5_2_5_2_1,25_5_2_5_2_1_StartGoalLocations_Seed8.csv,46,-2184.3393136262894,38,0.8260869565217391,9,6,9,9,9,6,2,7,7,7,1.0,0.14000441306266548,6.115998790784355,1,1,0,0.14848317705460562,0.6005308560053085,8.2205810546875,,8.0,,,9,,8.22,,,,8.62,,,,12.5,,,,13.4,,,8.22,2.6,3.1,28,5.65,9.83,0.0,0.0,0.0,34,0,24,0,0,6,11,105,0,72,10,23,0,19,0.6857,0.0952,2,1,0,906.5,0.0,3800.0,0.0,5416.781,-4443.662,7.0,0.0,0.0,-1000.0,1.124,-836.582,0.0,-2058.0,171.0,-1100.0,25.0,0.0,0.0,0.0,0.0,-313.5,0.0,-2760.0,0.62732,6.61496,-0.20248,2.35336,-0.32951,1.01134,0.00276,0.26256,-0.33905,1.59568,36.0,-2704.515,3825.0,0.0,6296.411,-6456.737,-0.29438,2.46588,0.42195,6.46609,-0.01769,2.1822,0.15003,2.01508,0.0043,98.07692,0.99581,1.41278,0.0,-50.6729,54.3324,0.0,297.6043,-417.226,-94.08,78,11,23,255,223,329,458,1264,659,69,5.057,9833.26,0.0,171.0,25.0,0.0,-4146.641,-1835.458,-3158.0,0.0,-3073.5,9833.26,0.0,171.0,25.0,0.0,-4146.641,-1835.458,-3158.0,0.0,-3073.5,0,171,46,38,8,1,1,0,653,0.0027707932862449523,0.004989218971932132,0.0036328280638554134,-0.06975545951165259,0.11154830289073288,0.011104391020744515,0.00014798637095736922,-0.007327944270728039,,,,,,1.0,6.0,15.0,0.0,29.0,,,,,,,,,,
8,25_5_2_5_2_1,25_5_2_5_2_1_StartGoalLocations_Seed0.csv,46,-1324.0751246511936,40,0.8695652173913043,5,12,5,5,3,12,6,13,13,13,1.0,0.21126365928831606,4.9436410308368535,1,0,0,0.17943689592379886,0.5076341224261101,7.8618978500366214,2.0,2.0,1.0,1.0,6,6.23,11.93,3.0,12.28,14.5,12.5,3.0,16.0,107.5,15.0,0.0,0.0,275.0,3.0,17.0,22.0,8.15,0.6,1.5,10,1.46,9.99,0.0,1.0,10.0,28,0,17,0,0,12,8,197,0,73,58,66,0,8,0.3706,0.2944,6,1,0,713.9,0.0,4000.0,0.0,3983.595,-2961.814,24.5,0.0,0.0,-500.0,0.629,-918.386,0.0,-2459.5,405.0,-1088.0,0.0,0.0,0.0,0.0,0.0,-799.0,0.0,-1725.0,0.80686,7.58327,-0.19859,1.88535,-0.44019,1.29062,0.0,0.0,-0.35355,1.45607,108.0,-2483.033,4000.0,0.0,4760.748,-4612.708,-0.33268,2.07648,0.5603,7.46434,0.02074,2.05102,0.21936,1.65456,0.0056,100.0,0.98879,1.32787,0.0,-38.8758,56.8182,0.0,226.4301,-310.8711,-70.94,246,31,138,666,222,345,280,1517,572,73,2.777,8523.027,0.0,405.0,0.0,0.0,-2762.845,-1417.756,-3547.5,0.0,-2524.0,8523.027,0.0,405.0,0.0,0.0,-2762.845,-1417.756,-3547.5,0.0,-2524.0,0,183,46,40,6,0,0,1,606,0.002231571603820157,0.00416278599317593,0.004044326472067042,-0.07219971557613462,0.11328360772691667,-0.022635264124855895,0.0001855540215194651,-0.011828454358037562,,,,,,,,,,,,,,,,,,,,
9,25_5_2_5_2_1,25_5_2_5_2_1_StartGoalLocations_Seed0.csv,46,1265.0828095972538,43,0.9347826086956522,4,5,4,4,14,5,0,7,7,7,1.0,0.15133988818199345,5.695133384215894,1,0,1,0.11659279244555791,0.5276002324230099,5.985909700393677,,1.0,1.0,1.0,4,,9.44,2.12,7.74,,7.0,3.12,12.0,,0.0,0.0,10.0,,9.0,0.0,17.0,8.74,0.5,4.6,3,6.27,6.62,0.0,0.0,0.0,21,0,11,0,0,2,7,113,0,83,9,21,0,4,0.7345,0.0796,16,2,0,518.9,0.0,4300.0,0.0,3472.85,-2442.122,3.5,0.0,0.0,-400.0,0.748,-508.794,0.0,-1289.5,0.0,-1024.0,0.0,0.0,0.0,0.0,0.0,-331.5,0.0,-1035.0,1.12799,9.15008,-0.17499,1.97379,-0.44585,1.18164,0.0,0.0,-0.26335,1.30968,0.0,-1621.547,4300.0,0.0,4015.441,-3198.082,-0.3125,2.22448,0.82868,9.06537,0.15752,1.92348,0.16092,1.94197,0.00829,100.0,0.99171,1.40177,0.0,-24.1097,61.0795,0.0,193.6581,-212.645,-30.464,81,10,11,235,198,213,140,787,251,41,5.001,8127.011,0.0,0.0,0.0,0.0,-2273.882,-908.046,-2313.5,0.0,-1366.5,8127.011,0.0,0.0,0.0,0.0,-2273.882,-908.046,-2313.5,0.0,-1366.5,0,166,46,43,3,0,0,1,227,0.002157307846900949,0.005369696675988962,0.0045444854718516585,-0.07425946710631251,0.1319525363482535,-0.03212168574736097,0.00026184427960174617,-0.021244806424656416,,,,,,,,,,,1.0,6.4,4.0,0.0,20.0,,,,,
10,25_5_2_5_2_1,25_5_2_5_2_1_StartGoalLocations_Seed5.csv,46,-1944.6833264231682,37,0.8043478260869565,5,2,4,5,14,1,0,4,4,3,1.0,0.07321266053190413,6.136055193784951,1,1,1,0.1017291940539994,0.44534331074931743,11.02348083919949,,9.0,,,10,,11.02,,,,13.11,,,,0.0,,,,4.9,,,5.92,0.3,1.4,36,4.0,10.0,0.0,0.0,0.0,13,0,6,0,0,1,6,113,0,69,10,34,0,15,0.6106,0.0885,6,2,0,988.9,0.0,3700.0,0.0,6171.717,-5509.194,21.0,0.0,0.0,-500.0,1.344,-417.949,0.0,-1436.0,108.0,-1232.0,25.0,0.0,0.0,0.0,0.0,-760.5,0.0,-3105.0,0.54327,6.29645,-0.09269,1.59533,-0.25887,0.90611,0.00253,0.25139,-0.39089,1.63312,6.6,-1407.489,3725.0,0.0,7390.507,-7622.138,-0.14166,1.66792,0.37668,6.11037,-0.02342,2.24147,0.08818,1.62166,0.00384,98.02632,0.99626,1.52382,0.0,-26.2684,52.9119,0.0,340.9292,-522.7565,-38.007,7,2,0,96,172,195,246,713,391,71,-6.716,10557.004,0.64,108.0,25.0,0.0,-5184.581,-917.246,-2668.0,0.0,-3865.5,10557.004,0.64,108.0,25.0,0.0,-5184.581,-917.246,-2668.0,0.0,-3865.5,0,139,46,37,9,1,1,0,219,0.002037981482280884,0.005482846279919613,0.004651948080572765,-0.0773403636412695,0.14212408247403802,-0.055320962904243064,0.00021673154851441722,-0.025624467203742826,,,,,,1.0,1.2,7.0,0.0,2.0,,,,,,,,,,
11,25_5_2_5_2_1,25_5_2_5_2_1_StartGoalLocations_Seed3.csv,46,2772.124276213348,46,1.0,5,5,5,5,12,5,0,6,6,6,1.0,0.15518207282913166,6.1108890824625135,5,3,5,0.07390817469204927,0.5459126539753639,0.0,,,,,5,,,,,,,,,,,,,,,,,8.72,2.3,3.2,0,,,,,,24,0,9,0,0,3,8,205,0,136,19,50,0,16,0.6634,0.0927,16,1,0,357.2,0.0,4600.0,0.0,2469.081,-1274.327,28.0,0.0,0.0,-500.0,0.815,-290.145,0.0,-1226.5,0.0,-1256.0,75.0,0.0,0.0,0.0,0.0,-211.0,0.0,0.0,1.73011,11.30213,-0.22098,2.6441,-0.69499,1.58308,0.021,0.72421,-0.05907,0.16139,0.0,-1393.205,4675.0,0.0,2915.684,-1218.866,-0.39004,2.84332,1.30879,11.29564,0.47503,1.2631,0.16209,2.40623,0.01372,95.40816,0.98712,1.17259,0.0,-23.6153,66.4062,0.0,142.6903,-84.8758,-29.004,56,15,24,158,122,126,143,552,197,28,2.876,7355.38,0.0,0.0,75.0,0.0,-1175.427,-789.33,-2482.5,0.0,-211.0,7355.38,0.0,0.0,75.0,0.0,-1175.427,-789.33,-2482.5,0.0,-211.0,0,94,46,46,0,3,3,0,181,0.001967364168641973,0.0056223703390090255,0.00543293788039484,-0.07866572852128119,0.15035650862679298,-0.08024622198623667,0.0001864065757276382,-0.02778509317495917,2.0,1.25,2.5,0.0,9.5,3.0,1.94,4.33,0.0,3.0,,,,,,,,,,
12,25_5_2_5_2_1,25_5_2_5_2_1_StartGoalLocations_Seed1.csv,46,-4881.482079386711,36,0.782608695652174,20,11,19,20,26,10,3,11,11,10,1.0,0.11754351652650108,5.368850154989087,5,3,3,0.23348964439234077,0.5551741049534086,4.60153161154853,,7.0,2.0,2.0,14,,5.49,1.51,2.62,,5.79,4.53,10.0,,10.0,36.0,0.0,,11.9,26.5,3.0,7.82,4.1,3.6,36,1.12,6.36,0.0,1.0,2.78,54,0,28,0,0,10,14,333,0,210,22,101,0,20,0.6306,0.0661,16,0,0,1023.6,0.0,3600.0,0.0,5960.878,-5095.022,49.0,0.0,0.0,-2300.0,4.126,-784.565,0.0,-1749.0,435.0,-2412.0,75.0,0.0,0.0,0.0,0.0,-583.5,0.0,-3105.0,0.54108,6.08114,-0.30094,3.34197,-0.36401,1.31559,0.00733,0.42793,-0.36035,1.58383,94.993,-4197.925,3675.0,0.0,6677.442,-7803.731,-0.40083,3.48195,0.35903,5.935,-0.11003,2.14094,0.14781,2.83735,0.00381,94.23077,0.96893,1.46009,0.0,-87.9265,52.2017,0.0,328.2306,-486.7245,-79.378,109,26,65,366,178,339,306,1186,633,61,19.993,10297.613,0.0,424.5,75.0,0.0,-4759.156,-3080.439,-4150.5,0.0,-3688.5,10297.613,0.0,424.5,75.0,0.0,-4759.156,-3080.439,-4150.5,0.0,-3688.5,0,169,46,36,10,3,2,2,502,0.0022575846250492758,0.006915311389893759,0.006020507113134954,-0.08025921714492142,0.18165470199659467,-0.07709566688621634,0.00023054200745264096,-0.029274351501226193,,,,,,3.0,5.55,12.0,52.0,39.3,,,,,,,,,,
13,25_5_2_5_2_1,25_5_2_5_2_1_StartGoalLocations_Seed4.csv,46,-2231.499411866069,40,0.8695652173913043,9,10,8,9,26,9,3,13,13,12,1.0,0.12305374183827222,5.074692807504126,2,2,2,0.21806775407779172,0.547136563876652,10.63158377011617,,6.0,,,8,,10.63,,,,10.57,,,,12.2,,,,14.0,,,8.37,2.4,2.5,15,4.99,7.85,0.0,0.0,0.0,45,0,15,0,0,9,13,386,0,209,54,123,0,39,0.5415,0.1399,6,3,0,797.0,0.0,4000.0,0.0,4348.408,-3306.79,56.0,0.0,0.0,-1000.0,1.979,-479.596,0.0,-1854.5,298.0,-2316.0,50.0,0.0,0.0,0.0,0.0,-756.0,0.0,-2070.0,0.7396,7.17042,-0.1854,2.50189,-0.48588,1.43808,0.00627,0.39598,-0.35458,1.5085,65.285,-2419.281,4050.0,0.0,5296.913,-4875.198,-0.29536,2.65254,0.50816,7.0772,0.05291,1.99117,0.1532,2.03486,0.00527,96.42857,0.99473,1.28306,0.0,-45.867,57.5284,0.0,245.9748,-344.7395,-66.739,118,26,75,359,133,238,248,979,473,102,-8.121,8960.63,0.0,293.5,50.0,0.0,-3066.012,-1477.617,-4166.0,0.0,-2826.0,8960.63,0.0,293.5,50.0,0.0,-3066.012,-1477.617,-4166.0,0.0,-2826.0,0,108,46,40,6,2,0,0,416,0.0021882757068124193,0.006226607915887143,0.007236816952645313,-0.08055181800387799,0.20955617748200894,-0.10172746066405125,0.0002960318764598924,-0.03347713598283008,,,,,,2.0,8.56,11.5,79.5,90.0,,,,,,,,,,
14,25_5_2_5_2_1,25_5_2_5_2_1_StartGoalLocations_Seed8.csv,46,-327.1191231608391,44,0.9565217391304348,8,20,5,8,45,17,3,20,20,17,1.0,0.2037720377203772,5.44128987907007,1,1,1,0.29946743138058174,0.5507988529291274,11.5,,2.0,,,3,,11.5,,,,7.5,,,,103.5,,,,62.0,,,7.56,11.0,7.0,1,7.72,7.72,0.0,0.0,0.0,78,0,32,0,0,18,12,120,0,90,14,16,0,3,0.75,0.1167,4,0,0,488.2,0.0,4400.0,0.0,3054.096,-1987.775,7.0,0.0,0.0,-800.0,1.921,-382.061,0.0,-1584.5,906.0,-3120.0,25.0,0.0,0.0,0.0,0.0,-645.0,0.0,-690.0,1.22112,9.53577,-0.24173,2.85849,-0.77806,2.38684,0.00512,0.35776,-0.27345,1.11188,89.429,-2578.931,4425.0,0.0,3529.458,-2703.31,-0.50993,3.15177,0.90639,9.45693,0.16922,1.85382,0.24109,2.26709,0.00922,98.33333,0.99078,1.28856,0.0,-40.1184,62.8551,0.0,171.7083,-186.6614,-53.563,233,40,176,579,47,142,252,1017,441,44,22.861,7834.343,0.8,869.0,25.0,0.0,-1872.822,-1180.94,-4667.5,0.0,-1335.0,7834.343,0.8,869.0,25.0,0.0,-1872.822,-1180.94,-4667.5,0.0,-1335.0,0,40,46,44,2,1,1,0,528,0.0024146031044165284,0.005990289056207985,0.0071996488145668995,-0.08272028671577573,0.22993776597082616,-0.1000586036290781,0.0005069858249157732,-0.06383452350914012,,,,,,1.0,5.14,13.0,141.0,132.0,,,,,,,,,,
15,25_5_2_5_2_1,25_5_2_5_2_1_StartGoalLocations_Seed1.csv,46,1913.0047055110335,45,0.9782608695652174,4,8,4,4,29,8,1,9,9,9,1.0,0.16243148978574987,5.478684872188376,3,2,3,0.11304780876494024,0.5453175997991464,4.0,,1.0,,,4,,4.0,,,,8.0,,,,10.0,,,,6.0,,,7.82,1.9,2.1,0,,,,,,29,0,13,0,0,8,11,534,0,321,79,134,0,0,0.6011,0.1479,11,1,0,401.6,0.0,4500.0,0.0,2992.773,-1935.79,14.0,0.0,0.0,-400.0,0.724,-344.803,0.0,-1330.5,36.0,-1420.0,50.0,0.0,0.0,0.0,0.0,-306.0,0.0,-345.0,1.4872,10.60702,-0.18528,2.23405,-0.67592,1.5463,0.01245,0.55776,-0.1621,0.87509,18.0,-1510.517,4550.0,0.0,3368.88,-2246.067,-0.37164,2.47184,1.13297,10.53942,0.27958,1.79257,0.18127,2.09961,0.0117,96.80851,0.98879,1.41399,0.0,-22.6436,64.6307,0.0,170.7299,-146.7309,-45.675,95,15,56,254,60,141,199,652,357,50,-0.561,7797.496,0.0,36.0,50.0,0.0,-1824.912,-744.078,-2750.5,0.0,-651.0,7797.496,0.0,36.0,50.0,0.0,-1824.912,-744.078,-2750.5,0.0,-651.0,0,50,46,45,1,2,2,0,321,0.00218057945307919,0.006605513416725444,0.007203441116143949,-0.08274906313978135,0.25745917806401847,-0.09888660268338753,0.00027009713995767014,-0.08230100854299963,1.0,1.43,2.93,61.0,78.0,2.0,9.36,12.0,40.0,41.5,,,,,,,,,,
16,25_5_2_5_2_1,25_5_2_5_2_1_StartGoalLocations_Seed4.csv,46,-4761.59341802448,41,0.8913043478260869,15,27,14,15,30,26,6,29,29,28,1.0,0.2527208480565371,4.98679389821767,1,0,1,0.27657772130453195,0.49504950495049505,6.918850612640381,,4.0,1.0,1.0,6,,8.35,1.2,4.6,,9.5,2.8,15.0,,150.8,20.0,50.0,,128.5,25.0,53.0,8.32,13.1,11.6,10,3.35,10.06,0.0,0.0,0.0,123,0,66,0,0,26,23,115,0,82,6,27,0,5,0.713,0.0522,17,2,0,708.3,0.0,4100.0,0.0,3424.411,-2244.982,31.5,0.0,0.0,-1600.0,2.888,-1070.711,0.0,-2055.5,294.0,-3584.0,0.0,0.0,0.0,0.0,0.0,-1042.5,0.0,-1725.0,0.84981,7.67044,-0.37665,3.3512,-0.75469,1.90941,0.0,0.0,-0.39072,1.4482,114.561,-4837.672,4100.0,0.0,4068.8,-4086.742,-0.66682,3.65192,0.57885,7.58617,-0.00253,1.92162,0.2835,2.46625,0.00579,100.0,0.99421,1.15813,0.0,-76.0497,58.2386,0.0,193.0634,-282.0103,-86.006,543,67,404,1063,135,239,364,1790,672,97,0.787,8104.886,0.0,294.0,0.0,0.0,-2085.656,-2667.823,-5639.5,0.0,-2767.5,8104.886,0.0,294.0,0.0,0.0,-2085.656,-2667.823,-5639.5,0.0,-2767.5,0,95,46,41,5,0,0,1,1005,0.002412928740473035,0.007075722411100287,0.008030503766785841,-0.08233097884804011,0.2972591426409781,-0.11136211596342037,0.00029246711600080746,-0.08591944721061737,,,,,,,,,,,,,,,,,,,,
17,25_5_2_5_2_1,25_5_2_5_2_1_StartGoalLocations_Seed0.csv,46,-4383.747040301561,38,0.8260869565217391,8,7,8,8,63,7,2,8,8,8,1.0,0.06169484702093398,6.052979842113292,1,1,1,0.23199195171026157,0.42593526268024606,8.984860002994537,,8.0,,,9,,8.98,,,,11.12,,,,12.0,,,,11.2,,,7.2,4.5,2.6,28,7.89,10.3,0.0,0.0,0.0,32,0,11,0,0,6,7,165,0,91,22,52,0,9,0.5515,0.1333,6,1,0,994.0,0.0,3800.0,0.0,5518.468,-4661.248,3.5,0.0,0.0,-800.0,0.924,-346.39,0.0,-1402.0,306.0,-3800.0,25.0,0.0,0.0,0.0,0.0,-1262.0,0.0,-2760.0,0.56889,6.34704,-0.11524,2.0074,-0.49256,1.46098,0.00252,0.25074,-0.40463,1.52741,54.0,-1975.121,3825.0,0.0,6323.535,-7359.323,-0.19327,2.12967,0.38481,6.1761,-0.1042,2.17166,0.12746,1.60152,0.00392,98.07692,0.99598,1.38211,0.0,-33.9444,54.3324,0.0,304.6702,-485.3148,-45.793,59,16,38,189,64,146,211,611,303,53,3.154,10016.089,0.0,296.5,25.0,0.0,-4361.369,-1145.467,-5192.5,0.0,-4022.0,10016.089,0.0,296.5,25.0,0.0,-4361.369,-1145.467,-5192.5,0.0,-4022.0,0,49,46,38,8,1,1,0,255,0.002318747509420973,0.008623931696929503,0.008474497768620495,-0.08163712169975042,0.33473619423806666,-0.12703939219635685,0.0005222073512322822,-0.08577729764627293,,,,,,1.0,2.33,6.0,0.0,2.0,,,,,,,,,,
18,25_5_2_5_2_1,25_5_2_5_2_1_StartGoalLocations_Seed1.csv,46,-2056.6199029386044,40,0.8695652173913043,9,14,8,9,44,13,5,16,16,15,1.0,0.09276683328432814,7.724314508841901,2,2,1,0.23394562821454812,0.5508013527422437,11.963022565841674,,5.0,,,7,,11.96,,,,10.95,,,,19.0,,,,18.4,,,6.74,5.1,3.8,10,10.74,13.54,0.0,0.0,0.0,60,0,31,0,0,14,12,206,0,98,39,69,0,32,0.4757,0.1893,12,2,0,680.5,0.0,4000.0,0.0,3942.538,-3086.345,17.5,0.0,0.0,-900.0,0.893,-370.706,0.0,-1320.0,546.0,-3392.0,50.0,0.0,0.0,0.0,0.0,-500.0,0.0,-1725.0,0.81619,7.73029,-0.1866,2.57163,-0.6122,1.94349,0.00735,0.42853,-0.32697,1.46883,94.255,-2342.014,4050.0,0.0,4702.959,-4224.478,-0.33031,2.79265,0.59515,7.6557,0.07031,1.93692,0.13593,2.6338,0.00617,96.42857,0.99412,1.31965,0.0,-37.4462,57.5284,0.0,220.0692,-297.2867,-51.405,91,13,51,293,44,137,167,636,319,34,14.946,8396.059,0.259,540.0,50.0,0.0,-2841.865,-1270.072,-4706.0,0.0,-2225.0,8396.059,0.259,540.0,50.0,0.0,-2841.865,-1270.072,-4706.0,0.0,-2225.0,0,43,46,40,6,2,1,0,298,0.0022521293194949976,0.009645897012087517,0.009457343847607262,-0.07999890193343162,0.38374897588044404,-0.1623982622098265,0.001082064974750665,-0.08713974702171981,,,,,,2.0,3.68,9.5,23.0,22.5,,,,,,,,,,
19,25_5_2_5_2_1,25_5_2_5_2_1_StartGoalLocations_Seed1.csv,46,-2462.1584342718124,42,0.9130434782608695,6,17,5,6,49,16,4,17,17,16,1.0,0.13216922203293582,6.522486826907346,2,2,1,0.21501561169457847,0.4516776598795526,8.308099746704102,,4.0,,,6,,8.31,,,,11.5,,,,33.5,,,,40.2,,,7.99,6.2,6.7,6,6.77,11.5,0.0,0.0,0.0,67,0,35,0,0,15,16,367,0,170,60,137,0,9,0.4632,0.1635,8,0,0,704.6,0.0,4200.0,0.0,3963.663,-2828.472,0.0,0.0,0.0,-700.0,1.089,-519.537,0.0,-1807.0,351.0,-3724.0,50.0,0.0,0.0,0.0,0.0,-773.5,0.0,-1380.0,0.85719,7.79243,-0.17293,2.23093,-0.73517,1.93311,0.0071,0.42114,-0.30563,1.32044,75.725,-2515.821,4250.0,0.0,4757.338,-4009.716,-0.34631,2.478,0.60318,7.70856,0.10611,1.88302,0.17144,2.14532,0.00624,96.59091,0.9939,1.2519,0.0,-36.175,60.3693,0.0,223.5032,-281.6924,-57.804,176,21,107,499,48,182,219,948,411,53,6.647,8669.896,0.0,351.0,50.0,0.0,-2630.105,-1218.449,-5531.0,0.0,-2153.5,8669.896,0.0,351.0,50.0,0.0,-2630.105,-1218.449,-5531.0,0.0,-2153.5,0,36,46,42,4,2,1,0,447,0.002280902566849363,0.009943874913442414,0.010361252086877357,-0.08003311388194562,0.4341691080108285,-0.17785648727512127,0.001822877587351286,-0.09018439841689542,,,,,,2.0,14.03,20.0,34.5,31.0,,,,,,,,,,
20,25_5_2_5_2_1,25_5_2_5_2_1_StartGoalLocations_Seed3.csv,46,-901.6450226902962,42,0.9130434782608695,6,8,5,6,76,7,3,11,11,10,1.0,0.0521875,7.058139536385425,2,2,2,0.1704154951577632,0.40799750078100594,8.430151224136353,,4.0,,,6,,8.43,,,,12.5,,,,8.8,,,,10.8,,,7.91,1.4,1.3,6,6.39,11.76,0.0,0.0,0.0,29,0,13,0,0,5,9,181,0,87,30,64,0,13,0.4807,0.1657,6,3,0,640.2,0.0,4200.0,0.0,3742.102,-2754.365,35.0,0.0,0.0,-600.0,1.061,-176.142,0.0,-1232.0,710.0,-3276.0,50.0,0.0,0.0,0.0,0.0,-861.5,0.0,-1380.0,0.9158,8.16267,-0.12107,2.16224,-0.59325,1.95709,0.00781,0.4418,-0.35012,1.35001,97.0,-1487.889,4250.0,0.0,4319.785,-3985.056,-0.21726,2.31737,0.66386,8.08449,0.05229,1.9038,0.12043,2.05563,0.00687,96.59091,0.99297,1.30641,0.0,-23.8008,60.3693,0.0,210.0608,-279.7045,-35.367,15,2,0,103,25,85,127,343,206,35,4.807,8430.624,0.0,710.0,50.0,0.0,-2567.687,-775.082,-4508.0,0.0,-2241.5,8430.624,0.0,710.0,50.0,0.0,-2567.687,-775.082,-4508.0,0.0,-2241.5,0,23,46,42,4,2,2,0,148,0.002119452836604978,0.011092562201083638,0.01127502443647245,-0.07982826300896705,0.4872968254610896,-0.184689775203733,0.00279203536960722,-0.09164177507627755,,,,,,2.0,8.5,11.5,5.0,1.5,,,,,,,,,,
21,25_5_2_5_2_1,25_5_2_5_2_1_StartGoalLocations_Seed7.csv,46,-3275.9156869649887,42,0.9130434782608695,3,16,3,3,66,16,1,18,18,18,1.0,0.07499652149714763,6.2133872238555,0,0,0,0.21841958820255983,0.4006677796327212,2.810713768005371,,4.0,,,4,,2.81,,,,5.25,,,,0.0,,,,1.8,,,9.83,10.3,7.7,6,4.96,7.56,0.0,0.0,0.0,51,0,25,0,0,15,9,466,0,190,157,119,0,4,0.4077,0.3369,12,2,0,718.8,0.0,4200.0,0.0,4947.678,-3720.295,7.0,0.0,0.0,-300.0,0.807,-305.405,0.0,-1699.0,297.0,-5040.0,0.0,0.0,0.0,0.0,0.0,-1002.5,0.0,-1380.0,0.85604,7.83813,-0.08411,1.45187,-0.89622,2.15654,0.0,0.0,-0.33146,1.28065,18.0,-1732.335,4200.0,0.0,5466.941,-5149.17,-0.2385,1.73948,0.58431,7.62163,0.04421,2.31344,0.12493,1.94915,0.00584,100.0,0.99416,1.4856,0.0,-17.749,59.6591,0.0,275.4746,-341.0813,-28.791,127,73,98,342,36,92,80,552,188,24,7.737,9674.509,0.4,297.0,0.0,0.0,-3521.326,-604.998,-6739.0,0.0,-2382.5,9674.509,0.4,297.0,0.0,0.0,-3521.326,-604.998,-6739.0,0.0,-2382.5,0,34,46,42,4,0,0,0,240,0.0019849046895842547,0.012497145252418705,0.012205080328858458,-0.0794982086867094,0.5332486618682742,-0.18378433608078923,0.004419655126075668,-0.08370696044526994,,,,,,,,,,,,,,,,,,,,
22,25_5_2_5_2_1,25_5_2_5_2_1_StartGoalLocations_Seed9.csv,46,-5337.671272262931,41,0.8913043478260869,5,21,5,5,85,21,4,22,22,22,1.0,0.1050737675422814,5.161678255285321,2,2,1,0.19599616398945097,0.3923940149625935,9.132826042175292,,5.0,,,7,,9.13,,,,17.2,,,,30.4,,,,20.4,,,8.1,15.5,8.5,10,6.07,9.28,0.0,0.0,0.0,76,0,35,0,0,22,17,169,0,94,34,41,0,10,0.5562,0.2012,14,1,0,834.2,0.0,4100.0,0.0,4362.79,-3237.14,3.5,0.0,0.0,-500.0,0.725,-448.746,0.0,-1983.5,235.0,-5916.0,50.0,0.0,0.0,0.0,0.0,-1113.5,0.0,-1725.0,0.72685,7.09242,-0.11364,1.73788,-0.91878,2.04931,0.00599,0.38705,-0.34027,1.34029,71.2,-2576.533,4150.0,0.0,5170.197,-4819.011,-0.30033,2.0404,0.49748,7.00366,0.0421,1.85325,0.17442,1.81975,0.00515,96.51163,0.99497,1.20352,0.0,-29.4206,58.9489,0.0,245.1195,-342.7966,-52.626,158,48,95,466,68,159,211,904,389,54,8.812,9065.846,0.194,223.5,50.0,0.0,-3002.496,-948.216,-7888.0,0.0,-2838.5,9065.846,0.194,223.5,50.0,0.0,-3002.496,-948.216,-7888.0,0.0,-2838.5,0,59,46,41,5,2,2,0,438,0.0022123824327900366,0.01255242685379926,0.013005812062183396,-0.07918546119704843,0.5933167942240835,-0.1802027566396373,0.008925916393318403,-0.08135299311252311,,,,,,2.0,2.51,4.0,18.5,2.5,,,,,,,,,,
23,25_5_2_5_2_1,25_5_2_5_2_1_StartGoalLocations_Seed3.csv,46,-12292.186562150717,41,0.8913043478260869,9,103,8,9,9,102,9,103,103,102,1.0,0.28717097462651175,5.442615405092568,2,2,2,0.36583343205781305,0.36820281957114087,21.8,,4.0,,,7,,17.75,,,,11.0,,,,224.2,,,,164.5,,,7.44,26.3,15.9,10,3.0,9.6,0.0,0.0,0.0,227,0,129,0,0,106,21,216,0,98,42,76,0,32,0.4537,0.1944,20,0,0,844.1,0.0,4100.0,0.0,3249.681,-2295.146,0.0,0.0,0.0,-1000.0,1.057,-1269.879,0.0,-3074.0,823.0,-10056.0,50.0,0.0,0.0,0.0,0.0,-1940.0,0.0,-1725.0,0.69881,7.01348,-0.26879,2.44125,-1.458,2.86948,0.00592,0.38477,-0.43419,1.33025,171.042,-6736.664,4150.0,0.0,4217.609,-4040.204,-0.77783,3.14941,0.49165,6.96267,0.02102,1.63091,0.31098,2.63151,0.00509,96.51163,0.99514,0.98307,0.0,-67.5372,58.9489,0.0,179.8103,-334.694,-70.026,969,422,866,1973,147,170,180,2466,392,26,32.301,8028.981,0.0,816.0,50.0,0.0,-2130.345,-2268.822,-13123.0,0.0,-3665.0,8028.981,0.0,816.0,50.0,0.0,-2130.345,-2268.822,-13123.0,0.0,-3665.0,0,97,46,41,5,2,2,0,1256,0.00197323172149936,0.014901738592889159,0.013328194439236541,-0.08103926138021052,0.6740471785515547,-0.1761879881009736,0.013325153882651647,-0.07069817355601117,,,,,,2.0,5.17,11.5,74.0,68.0,,,,,,1.0,38.0,7.0,616.0,515.0
24,25_5_2_5_2_1,25_5_2_5_2_1_StartGoalLocations_Seed1.csv,46,-6871.089043721557,43,0.9347826086956522,6,30,5,6,90,29,4,31,31,30,1.0,0.15586854460093896,6.19753460682114,0,0,0,0.24393187608958025,0.360600777792678,12.071850776672363,,3.0,,,3,,12.07,,,,14.0,,,,50.0,,,,53.0,,,8.19,17.1,13.4,3,19.59,20.73,0.0,0.0,0.0,110,0,61,0,0,24,20,477,0,185,101,191,0,3,0.3878,0.2117,12,1,0,745.7,0.0,4300.0,0.0,4310.09,-3268.151,0.0,0.0,0.0,-600.0,0.699,-570.427,0.0,-1954.0,375.0,-8128.0,0.0,0.0,0.0,0.0,0.0,-1047.0,0.0,-1035.0,0.81637,7.67986,-0.15686,2.01193,-1.30173,2.58743,0.0,0.0,-0.2792,1.10761,70.496,-3604.792,4300.0,0.0,5107.334,-4106.392,-0.47396,2.46474,0.57664,7.57175,0.13423,1.76691,0.21604,2.28137,0.00577,100.0,0.99423,1.24275,0.0,-36.3141,61.0795,0.0,242.8439,-302.2759,-50.573,387,69,318,753,83,150,196,1178,376,41,9.568,9152.068,0.0,368.5,0.0,0.0,-3064.429,-1169.729,-10075.5,0.0,-2082.0,9152.068,0.0,368.5,0.0,0.0,-3064.429,-1169.729,-10075.5,0.0,-2082.0,0,64,46,43,3,0,0,0,646,0.0022427258240213634,0.016990449232398532,0.01329271715017967,-0.08282512946054339,0.7425174985826015,-0.18452520657321655,0.013103860192541106,-0.05311349034891464,,,,,,,,,,,,,,,,,,,,
25,25_5_2_5_2_1,25_5_2_5_2_1_StartGoalLocations_Seed5.csv,46,-16394.39327070117,40,0.8695652173913043,16,76,12,16,44,72,5,77,77,73,1.0,0.2632685233841303,4.594699445474396,0,0,0,0.3324579831932773,0.3326330532212885,5.270465771357219,,6.0,,,6,,5.27,,,,7.83,,,,138.3,,,,84.7,,,8.25,53.8,46.5,15,4.09,5.05,0.0,0.0,0.0,429,0,201,0,0,70,33,204,0,75,60,69,0,8,0.3676,0.2941,6,1,0,1142.4,0.0,4000.0,0.0,4945.384,-3491.475,14.0,0.0,0.0,-1600.0,1.22,-1562.922,0.0,-3564.5,562.0,-12588.0,0.0,0.0,0.0,0.0,0.0,-2182.5,0.0,-2070.0,0.57863,6.00178,-0.27676,2.65018,-1.36471,2.63905,0.0,0.0,-0.37224,1.24627,111.296,-8845.555,4000.0,0.0,6462.272,-5686.471,-0.76455,3.23311,0.35014,5.90689,0.06791,1.7163,0.3055,2.56643,0.0035,100.0,0.9965,1.06718,0.0,-94.6331,56.8182,0.0,276.0869,-435.2064,-100.416,1452,108,1262,2401,77,166,405,3039,646,61,29.057,9850.677,0.0,562.0,0.0,0.0,-3240.369,-3161.702,-16152.5,0.0,-4252.5,9850.677,0.0,562.0,0.0,0.0,-3240.369,-3161.702,-16152.5,0.0,-4252.5,0,48,46,40,6,0,0,0,1966,0.00232039233525029,0.016356180947623214,0.013406825097335968,-0.08514556931331754,0.7955970787256956,-0.1654972626187873,0.020678915479438727,-0.02207741235033609,,,,,,,,,,,,,,,,,,,,
26,25_5_2_5_2_1,25_5_2_5_2_1_StartGoalLocations_Seed2.csv,46,-5099.780564367771,40,0.8695652173913043,5,16,3,5,120,14,8,18,18,16,1.0,0.022704395481489767,7.052358824945966,0,0,0,0.21681762272168176,0.3575981214357598,9.835748751958212,,6.0,,,6,,9.84,,,,13.5,,,,9.3,,,,4.2,,,8.18,3.6,1.5,15,7.25,11.72,0.0,0.0,0.0,40,0,17,0,0,11,12,159,0,58,41,60,0,3,0.3648,0.2579,4,2,0,894.3,0.0,4000.0,0.0,4841.42,-3828.915,21.0,0.0,0.0,-500.0,1.012,-88.097,0.0,-1186.5,2258.0,-8260.0,0.0,0.0,0.0,0.0,0.0,-1182.0,0.0,-2070.0,0.66284,6.77542,-0.06565,1.66978,-0.80381,2.67833,0.0,0.0,-0.36364,1.40646,212.223,-1545.762,4000.0,0.0,5633.124,-5621.114,-0.14912,1.87041,0.44728,6.67291,0.00134,1.88354,0.14067,1.39744,0.00447,100.0,0.99553,1.2641,0.0,-18.542,56.8182,0.0,271.5234,-398.2946,-20.992,17,5,2,97,10,45,68,220,126,25,5.453,9481.934,0.109,2235.5,0.0,0.0,-3554.13,-587.194,-9424.0,0.0,-3252.0,9481.934,0.109,2235.5,0.0,0.0,-3554.13,-587.194,-9424.0,0.0,-3252.0,0,7,46,40,6,0,0,0,105,0.0022414559820526847,0.016776264394284226,0.014061539622489364,-0.08709210412576794,0.8573731740564108,-0.18230974253412568,0.025457580349793715,0.01263366399332881,,,,,,,,,,,,,,,,,,,,
27,25_5_2_5_2_1,25_5_2_5_2_1_StartGoalLocations_Seed0.csv,46,-15568.15421244502,37,0.8043478260869565,17,86,16,17,49,85,17,87,87,86,1.0,0.17897655659188302,5.346886542571181,2,2,1,0.3338372385991434,0.33361579527158713,13.457211050722334,,7.0,,,11,,12.54,,,,15.29,,,,161.9,,,,119.3,,,7.07,12.1,7.7,36,2.7,7.85,0.0,0.0,0.0,247,0,115,0,0,73,32,183,0,66,51,66,0,3,0.3607,0.2787,9,1,0,1190.7,0.0,3700.0,0.0,5343.687,-4095.082,7.0,0.0,0.0,-1700.0,2.067,-885.026,0.0,-3770.5,1645.0,-11720.0,50.0,0.0,0.0,0.0,0.0,-2231.0,0.0,-3105.0,0.51619,5.66853,-0.21693,2.67017,-1.1628,2.69022,0.0042,0.32398,-0.44814,1.49954,307.084,-6371.101,3750.0,0.0,6908.907,-6719.567,-0.50928,3.07935,0.31494,5.57494,0.0159,1.88904,0.23297,2.40742,0.00328,96.15385,0.99656,1.14853,0.0,-84.9205,53.267,0.0,297.1853,-530.3508,-91.773,687,52,512,1594,41,189,358,2177,702,48,38.058,9960.889,0.0,1645.0,50.0,0.0,-3814.584,-2582.959,-15490.5,0.0,-5336.0,9960.889,0.0,1645.0,50.0,0.0,-3814.584,-2582.959,-15490.5,0.0,-5336.0,0,28,46,37,9,2,2,0,1172,0.0022376903131043945,0.01681239612225909,0.015429697694489732,-0.08420733374543488,0.9252285054326057,-0.19965763014552068,0.024395412719477462,0.03610950344242156,,,,,,2.0,6.1,12.5,5.0,9.5,,,,,,2.0,16.65,15.0,427.5,210.0
28,25_5_2_5_2_1,25_5_2_5_2_1_StartGoalLocations_Seed6.csv,46,-4953.471971273422,44,0.9565217391304348,6,27,5,6,103,26,5,30,30,29,1.0,0.07958271236959762,6.736073308623494,1,0,1,0.1906748100700134,0.314178544636159,10.0,,1.0,1.0,1.0,3,,18.0,2.0,7.12,,18.0,4.0,14.0,,0.0,153.0,195.0,,4.0,63.0,38.0,8.35,7.3,4.3,1,33.28,33.28,0.0,0.0,0.0,69,0,23,0,0,21,12,254,0,75,70,109,0,4,0.2953,0.2756,12,3,0,671.3,0.0,4400.0,0.0,3770.499,-2638.592,0.0,0.0,0.0,-600.0,0.709,-217.388,0.0,-1846.5,441.0,-7204.0,0.0,0.0,0.0,0.0,0.0,-1040.5,0.0,-690.0,0.92406,8.15188,-0.12166,2.11471,-1.28251,2.61766,0.0,0.0,-0.25778,0.95991,95.72,-2262.7,4400.0,0.0,4474.164,-3388.68,-0.3228,2.42326,0.65544,8.06938,0.1617,1.61191,0.13988,2.51163,0.00655,100.0,0.99345,1.17901,0.0,-26.9423,62.5,0.0,213.6666,-247.872,-38.619,105,24,66,306,38,83,125,555,225,20,6.801,8673.379,0.28,441.0,0.0,0.0,-2470.172,-816.959,-9050.5,0.0,-1730.5,8673.379,0.28,441.0,0.0,0.0,-2470.172,-816.959,-9050.5,0.0,-1730.5,0,26,46,44,2,0,0,1,258,0.002134612951720101,0.01605289240833372,0.014586127921647858,-0.08374528205022216,0.9906324898451566,-0.20666870292478165,0.025318094962176473,0.049542739385506136,,,,,,,,,,,,,,,,,,,,
29,25_5_2_5_2_1,25_5_2_5_2_1_StartGoalLocations_Seed0.csv,46,-9181.716646566987,40,0.8695652173913043,6,32,5,6,98,31,4,33,33,32,1.0,0.10050406336796626,6.100212827081905,2,1,2,0.26105739559761365,0.3352190907220736,8.735000133514404,,5.0,1.0,1.0,8,,9.64,4.2,3.0,,15.6,4.7,14.0,,41.4,0.0,35.0,,34.6,0.0,8.0,7.29,13.8,9.4,15,7.04,11.39,0.0,0.0,0.0,123,0,57,0,0,20,17,206,0,66,66,74,0,10,0.3204,0.3204,8,1,0,972.2,0.0,4000.0,0.0,4625.444,-3565.498,7.0,0.0,0.0,-600.0,1.2,-485.063,0.0,-2437.0,520.0,-8856.0,25.0,0.0,0.0,0.0,0.0,-1319.0,0.0,-2070.0,0.62118,6.49347,-0.11149,1.76288,-1.10811,2.34551,0.00257,0.25354,-0.34859,1.34733,77.752,-3124.381,4025.0,0.0,5503.45,-5356.781,-0.31337,2.09501,0.41401,6.40599,0.01509,1.77776,0.18052,1.82458,0.00422,98.17073,0.99547,1.12216,0.0,-34.0179,57.1733,0.0,258.3113,-391.0001,-58.315,203,65,150,563,66,159,210,1000,403,53,22.266,9311.19,0.556,520.0,25.0,0.0,-3272.044,-1084.419,-11293.0,0.0,-3389.0,9311.19,0.556,520.0,25.0,0.0,-3272.044,-1084.419,-11293.0,0.0,-3389.0,0,45,46,40,6,1,1,1,480,0.002072717771779935,0.016142644031788222,0.014114688748086336,-0.08474143103696406,1.0245270878076553,-0.19232225435356667,0.0361204513244229,0.09535365216957871,,,,,,1.0,6.4,8.0,0.0,2.0,,,,,,,,,,
30,25_5_2_5_2_1,25_5_2_5_2_1_StartGoalLocations_Seed1.csv,46,-5317.719312533736,44,0.9565217391304348,8,34,6,8,84,32,2,35,35,33,1.0,0.15174718084365865,6.455136604234732,3,3,3,0.24620737647877522,0.31440501043841335,21.811999797821045,,2.0,,,5,,21.81,,,,8.5,,,,133.5,,,,132.0,,,6.9,11.2,7.5,1,17.66,17.66,0.0,0.0,0.0,158,0,76,0,0,19,15,172,0,62,46,64,0,6,0.3605,0.2674,10,1,0,718.5,0.0,4400.0,0.0,3921.88,-2761.788,24.5,0.0,0.0,-800.0,1.044,-522.856,0.0,-2040.5,298.0,-6812.0,75.0,0.0,0.0,0.0,0.0,-1129.5,0.0,-690.0,0.87726,7.88919,-0.18397,2.36145,-1.19061,2.42043,0.01044,0.51074,-0.25324,0.92516,50.0,-3613.761,4475.0,0.0,4991.72,-3172.272,-0.496,2.7661,0.62283,7.8174,0.25323,1.56662,0.20404,2.49915,0.00654,95.21277,0.99388,1.14326,0.0,-41.4143,63.5653,0.0,222.6771,-258.9575,-53.509,286,121,236,722,72,150,168,1112,374,32,22.949,8883.518,0.0,298.0,75.0,0.0,-2580.426,-1321.812,-8852.5,0.0,-1819.5,8883.518,0.0,298.0,75.0,0.0,-2580.426,-1321.812,-8852.5,0.0,-1819.5,0,51,46,44,2,3,3,0,505,0.002171889140872736,0.0168838837655494,0.013777025425224566,-0.0860212038177997,1.051257955878973,-0.1990860223875643,0.04887460744790587,0.1492012657012674,,,,,,3.0,5.21,17.0,40.3,44.3,,,,,,,,,,
31,25_5_2_5_2_1,25_5_2_5_2_1_StartGoalLocations_Seed0.csv,46,-2183.671539247036,44,0.9565217391304348,7,22,6,7,115,21,8,23,23,22,1.0,0.05187239944521498,6.683438484664185,3,3,2,0.2015525367341281,0.32436928195176046,8.169000148773193,,2.0,,,5,,8.17,,,,14.0,,,,27.5,,,,9.0,,,8.37,6.6,3.9,1,6.34,6.34,0.0,0.0,0.0,54,0,20,0,0,17,11,280,0,82,86,112,0,4,0.2929,0.3071,8,1,0,721.4,0.0,4400.0,0.0,4304.537,-2992.945,14.0,0.0,0.0,-700.0,0.833,-202.497,0.0,-1340.0,2174.0,-7040.0,75.0,0.0,0.0,0.0,0.0,-908.0,0.0,-690.0,0.89368,7.86628,-0.12499,2.20292,-0.86027,2.90352,0.0104,0.50971,-0.22151,0.92104,175.019,-2121.414,4475.0,0.0,5078.127,-3489.975,-0.26981,2.45693,0.62032,7.80177,0.22015,1.55338,0.1346,2.36502,0.00652,95.21277,0.99348,1.19549,0.0,-27.3472,63.5653,0.0,243.9766,-259.5428,-35.011,59,23,36,198,34,60,91,384,166,18,16.731,9225.437,0.28,2118.0,75.0,0.0,-2778.445,-901.944,-8324.0,0.0,-1598.0,9225.437,0.28,2118.0,75.0,0.0,-2778.445,-901.944,-8324.0,0.0,-1598.0,0,23,46,44,2,3,3,0,166,0.0021853609440086073,0.01813906058203429,0.014277275323693175,-0.08723665237426757,1.0866719572246075,-0.19135779585079035,0.03920776588947774,0.14857809948531212,,,,,,3.0,8.35,19.67,7.0,4.0,,,,,,,,,,
32,25_5_2_5_2_1,25_5_2_5_2_1_StartGoalLocations_Seed1.csv,46,-3891.0873813703656,43,0.9347826086956522,6,67,5,6,61,66,9,67,67,66,1.0,0.1499129333544404,6.344216383586716,1,1,1,0.22218705491375218,0.2867542332647571,18.97512690226237,,3.0,,,4,,18.98,,,,16.33,,,,246.0,,,,215.0,,,7.14,3.3,2.3,3,25.86,26.06,0.0,0.0,0.0,90,0,43,0,0,60,10,100,0,33,34,33,0,2,0.33,0.34,0,0,0,631.9,0.0,4300.0,0.0,3416.733,-2382.153,21.0,0.0,0.0,-600.0,0.577,-389.144,0.0,-1581.5,1663.0,-6860.0,25.0,0.0,0.0,0.0,0.0,-1101.5,0.0,-1035.0,0.94754,8.29625,-0.15644,2.18227,-1.07272,2.96968,0.00396,0.31447,-0.33811,1.19465,168.385,-2830.296,4325.0,0.0,4193.397,-3187.327,-0.42126,2.61706,0.68444,8.22674,0.15921,1.70477,0.22298,2.12823,0.00696,98.29545,0.99304,1.17621,0.0,-32.3236,61.4347,0.0,192.3221,-254.089,-24.2,337,200,313,750,23,58,126,959,166,24,10.844,8213.506,0.0,1635.5,25.0,0.0,-2226.026,-988.567,-8414.0,0.0,-2136.5,8213.506,0.0,1635.5,25.0,0.0,-2226.026,-988.567,-8414.0,0.0,-2136.5,0,19,46,43,3,1,1,0,454,0.0021843044530487532,0.018787076229928062,0.013893299421470147,-0.08893533780239522,1.1311074692010878,-0.17889930029166862,0.0409177782653569,0.1481655849830713,,,,,,1.0,3.0,11.0,0.0,0.0,,,,,,,,,,
33,25_5_2_5_2_1,25_5_2_5_2_1_StartGoalLocations_Seed5.csv,46,-16728.082296580076,40,0.8695652173913043,12,119,11,12,33,118,11,120,120,119,1.0,0.3482273966855465,4.633878150104989,2,2,1,0.39001887188089746,0.32920947787796184,16.129400062561036,,3.0,,,7,,12.88,,,,19.0,,,,216.0,,,,173.7,,,7.33,40.1,31.7,10,1.0,11.67,0.0,1.0,10.0,575,0,223,0,0,110,31,277,0,94,77,106,0,68,0.3394,0.278,12,1,0,953.8,0.0,4000.0,0.0,3880.136,-2403.583,24.5,0.0,0.0,-1300.0,1.254,-890.189,0.0,-3277.0,675.0,-14532.0,50.0,0.0,0.0,0.0,0.0,-2185.0,0.0,-1725.0,0.67675,6.52729,-0.2295,2.61226,-1.79639,3.06479,0.00524,0.36198,-0.40994,1.25963,236.72,-9442.89,4050.0,0.0,5773.903,-3989.607,-0.96521,3.44803,0.42462,6.47211,0.18707,1.63943,0.3853,2.63391,0.0044,96.42857,0.99423,1.02958,0.0,-90.2028,57.5284,0.0,218.2565,-355.9106,-93.456,1612,158,1405,2851,64,179,269,3364,551,67,26.735,8685.732,0.24,667.0,50.0,0.0,-2230.879,-2189.175,-17801.0,0.0,-3910.0,8685.732,0.24,667.0,50.0,0.0,-2230.879,-2189.175,-17801.0,0.0,-3910.0,0,43,46,40,6,2,0,0,1977,0.0021434785421411105,0.018867595467017963,0.014651507002708968,-0.0901201115269214,1.1460013938695193,-0.14864315542334225,0.04072283594643523,0.14392203684954438,,,,,,2.0,6.29,9.0,164.5,160.0,,,,,,2.0,21.0,12.5,471.5,364.5
34,25_5_2_5_2_1,25_5_2_5_2_1_StartGoalLocations_Seed8.csv,46,-9859.497921131551,40,0.8695652173913043,18,27,18,18,87,27,3,28,28,28,1.0,0.10670792573367938,6.201242964495369,2,2,2,0.28696779339914247,0.3629474523880746,11.853520075480143,,6.0,,,8,,11.85,,,,10.83,,,,47.3,,,,36.3,,,7.62,9.8,8.0,15,3.13,8.9,0.0,0.0,0.0,121,0,53,0,0,17,17,159,0,57,51,51,0,20,0.3585,0.3208,22,1,0,1002.9,0.0,4000.0,0.0,4877.268,-3835.72,17.5,0.0,0.0,-1800.0,1.018,-617.964,0.0,-2272.5,369.0,-8188.0,50.0,0.0,0.0,0.0,0.0,-1393.0,0.0,-2070.0,0.60444,6.40866,-0.241,2.99274,-1.00623,2.21318,0.00499,0.35301,-0.3453,1.33934,52.0,-4418.542,4050.0,0.0,6118.362,-5551.532,-0.43539,3.24649,0.40383,6.31236,0.05652,1.80468,0.17858,2.49612,0.00419,96.42857,0.99601,1.16827,0.0,-71.074,57.5284,0.0,274.7065,-412.0751,-72.337,226,25,131,563,122,153,230,1064,435,55,18.096,9611.785,0.0,359.5,50.0,0.0,-3549.836,-2416.946,-10451.0,0.0,-3463.0,9611.785,0.0,359.5,50.0,0.0,-3549.836,-2416.946,-10451.0,0.0,-3463.0,0,77,46,40,6,2,2,0,505,0.002209153350604538,0.01731975982664153,0.013738412526727188,-0.09261265889741481,1.1411194135248661,-0.12301191222952185,0.041171729885245444,0.15681059168360661,,,,,,2.0,2.75,7.5,22.5,19.5,,,,,,,,,,
35,25_5_2_5_2_1,25_5_2_5_2_1_StartGoalLocations_Seed6.csv,46,-8679.03223901987,42,0.9130434782608695,10,86,8,10,37,84,8,90,90,88,1.0,0.23571906354515051,5.1286594163414625,2,1,2,0.3226367161385212,0.3553951062976334,16.923749923706055,,1.0,1.0,1.0,6,,23.19,5.5,11.0,,6.0,7.0,15.0,,167.0,45.0,44.0,,160.0,41.0,18.0,6.9,17.1,14.2,6,3.0,11.62,0.0,0.0,0.0,225,0,108,0,0,73,18,221,0,84,53,84,0,28,0.3801,0.2398,9,4,0,747.9,0.0,4200.0,0.0,3324.718,-2264.358,17.5,0.0,0.0,-1000.0,1.076,-837.368,0.0,-2306.0,443.0,-8264.0,25.0,0.0,0.0,0.0,0.0,-1386.5,0.0,-1380.0,0.80569,7.53625,-0.24553,2.58807,-1.35406,2.68105,0.00334,0.28906,-0.3699,1.28851,150.076,-5211.076,4225.0,0.0,4266.059,-3647.63,-0.67669,3.13744,0.56492,7.47808,0.08269,1.67402,0.27637,2.59369,0.00575,98.25581,0.99438,1.0641,0.0,-57.1957,60.0142,0.0,188.7934,-285.2871,-55.312,829,150,705,1389,39,153,200,1781,364,27,26.207,8122.321,0.0,443.0,25.0,0.0,-2096.561,-1836.292,-10570.0,0.0,-2766.5,8122.321,0.0,443.0,25.0,0.0,-2096.561,-1836.292,-10570.0,0.0,-2766.5,0,38,46,42,4,1,1,1,1095,0.0022292163801375863,0.01716203284682706,0.013606482587929349,-0.09580422447063029,1.1472101623564959,-0.10926214319835709,0.04789926379569806,0.21174216435756535,,,,,,1.0,5.5,18.0,0.0,0.0,,,,,,2.0,19.5,10.5,380.0,290.5
36,25_5_2_5_2_1,25_5_2_5_2_1_StartGoalLocations_Seed7.csv,46,-7199.029409855604,42,0.9130434782608695,9,36,5,9,78,32,3,36,36,32,1.0,0.18614270941054809,5.550635310864361,1,1,1,0.26183363970588236,0.3391544117647059,4.8788851499557495,,4.0,,,5,,4.88,,,,7.75,,,,4.8,,,,9.0,,,7.78,33.2,27.3,6,6.41,9.7,0.0,0.0,0.0,171,0,72,0,0,30,19,224,0,82,53,89,0,80,0.3661,0.2366,6,0,0,870.4,0.0,4200.0,0.0,4567.449,-3441.46,7.0,0.0,0.0,-900.0,1.07,-831.488,0.0,-2365.5,833.0,-7328.0,25.0,0.0,0.0,0.0,0.0,-1456.5,0.0,-1380.0,0.71271,7.03205,-0.19881,2.27878,-1.01798,2.38456,0.00287,0.26795,-0.32588,1.17615,97.304,-4381.332,4225.0,0.0,5171.693,-5069.712,-0.49219,2.67018,0.48541,6.93469,0.01172,1.74271,0.23725,2.16883,0.00494,98.25581,0.99494,1.18261,0.0,-51.9791,60.0142,0.0,255.772,-353.1155,-56.383,553,81,454,1247,15,158,206,1627,430,74,7.109,9426.311,0.0,833.0,25.0,0.0,-3222.923,-1730.418,-9693.5,0.0,-2836.5,9426.311,0.0,833.0,25.0,0.0,-3222.923,-1730.418,-9693.5,0.0,-2836.5,0,14,46,42,4,1,1,0,827,0.002186309230482948,0.01823782506166026,0.01271894973993767,-0.09883127307519317,1.1919611178338527,-0.08418505398582056,0.04805288401970756,0.22382406526652632,,,,,,1.0,7.0,25.0,88.0,80.0,,,,,,,,,,
37,25_5_2_5_2_1,25_5_2_5_2_1_StartGoalLocations_Seed2.csv,46,-23458.494874835014,36,0.782608695652174,28,116,24,28,5,112,5,117,117,113,1.0,0.34483026489551777,4.205139508268466,3,2,3,0.4070308862331212,0.3772311035232035,18.4289790391922,,7.0,1.0,1.0,13,,15.46,6.06,11.5,,13.43,10.06,20.0,,195.3,0.0,218.0,,140.6,0.0,177.0,9.18,44.1,38.9,45,1.0,6.26,0.0,1.0,2.22,534,0,228,0,0,109,38,212,0,79,54,79,0,9,0.3726,0.2547,30,1,0,1288.6,0.0,3600.0,0.0,5468.404,-3881.025,7.0,0.0,0.0,-2900.0,4.325,-2077.299,0.0,-5002.5,791.0,-14704.0,50.0,0.0,0.0,0.0,0.0,-2653.0,0.0,-3450.0,0.5031,5.38821,-0.38592,3.34765,-1.46791,2.74389,0.00388,0.31143,-0.47361,1.50613,109.811,-12580.813,3650.0,0.0,7782.379,-6597.9,-0.96779,3.90612,0.28325,5.28716,0.09192,1.89335,0.3635,2.70936,0.00295,96.05263,0.99697,1.11935,0.0,-155.5314,51.8466,0.0,302.5732,-560.2087,-145.726,1935,286,1709,3566,131,348,433,4471,933,78,71.027,10098.986,0.8,791.0,50.0,0.0,-3616.006,-4973.774,-19706.5,0.0,-6103.0,10098.986,0.8,791.0,50.0,0.0,-3616.006,-4973.774,-19706.5,0.0,-6103.0,0,99,46,36,10,2,1,1,2557,0.0022841445063113497,0.022791302090045065,0.01323965703661088,-0.10223588110879063,1.259468992650509,-0.09232806367093872,0.05918673764535924,0.2749610058299731,,,,,,2.0,3.81,8.0,67.5,55.5,,,,,,2.0,35.0,11.5,615.0,486.0
38,25_5_2_5_2_1,25_5_2_5_2_1_StartGoalLocations_Seed1.csv,46,-4010.356556855142,43,0.9347826086956522,4,33,3,4,74,32,2,33,33,32,1.0,0.17753399258343633,5.760611975468851,1,0,1,0.2503474903474903,0.40895752895752896,4.6669206619262695,,2.0,1.0,1.0,4,,5.88,2.23,5.0,,11.0,3.0,21.0,,143.5,0.0,0.0,,124.0,3.0,0.0,7.29,18.1,16.6,3,6.57,9.34,0.0,0.0,0.0,91,0,45,0,0,32,7,354,0,98,88,168,0,1,0.2768,0.2486,6,0,0,647.5,0.0,4300.0,0.0,3522.391,-2461.32,0.0,0.0,0.0,-400.0,0.722,-671.148,0.0,-2063.0,207.0,-4952.0,0.0,0.0,0.0,0.0,0.0,-1105.5,0.0,-1035.0,0.92796,8.20543,-0.16532,1.7703,-1.05143,2.1715,0.0,0.0,-0.33058,1.18227,39.619,-2932.959,4300.0,0.0,4044.953,-3614.138,-0.44685,2.19858,0.66409,8.12208,0.06654,1.7701,0.221,2.07727,0.00664,100.0,0.99336,1.19078,0.0,-29.8132,61.0795,0.0,196.855,-258.5367,-36.592,441,181,402,955,34,85,85,1160,190,34,8.913,8309.413,0.198,207.0,0.0,0.0,-2300.842,-1070.625,-7015.0,0.0,-2140.5,8309.413,0.198,207.0,0.0,0.0,-2300.842,-1070.625,-7015.0,0.0,-2140.5,0,28,46,43,3,0,0,1,550,0.0022852471542000787,0.026221008111024277,0.011997283358068671,-0.1047746076900512,1.3350431399047376,-0.06299478851899039,0.054886587184737434,0.21703909654170275,,,,,,,,,,,,,,,,,,,,
39,25_5_2_5_2_1,25_5_2_5_2_1_StartGoalLocations_Seed7.csv,46,-2255.887775838375,43,0.9347826086956522,0,23,0,0,87,23,4,23,23,23,1.0,0.08226992944002402,6.7580074449994685,5,4,5,0.1924635940549467,0.38329828777410635,4.558640480041504,,2.0,1.0,1.0,8,,3.24,7.19,3.68,,4.32,7.0,7.0,,0.0,0.0,0.0,,1.5,7.0,2.0,8.24,11.5,7.1,3,16.16,18.26,0.0,0.0,0.0,56,0,25,0,0,19,12,179,0,73,31,75,0,4,0.4078,0.1732,2,0,0,666.1,0.0,4300.0,0.0,3648.512,-2516.687,0.0,0.0,0.0,0.0,0.12,-223.433,0.0,-1642.0,459.0,-5260.0,100.0,0.0,0.0,0.0,0.0,-752.5,0.0,-1035.0,0.91547,8.09001,-0.03353,0.15553,-0.96727,2.29932,0.01501,0.61245,-0.26835,1.15999,70.821,-1480.238,4400.0,0.0,4330.641,-3547.792,-0.21159,1.01246,0.66056,8.03081,0.11753,1.73157,0.14262,1.63269,0.00706,93.61702,0.99339,1.19064,0.0,-9.3553,62.5,0.0,206.2509,-243.7181,-38.386,94,23,57,299,40,97,134,572,247,36,11.604,8423.183,0.12,459.0,100.0,0.0,-2325.258,-223.433,-6902.0,0.0,-1787.5,8423.183,0.12,459.0,100.0,0.0,-2325.258,-223.433,-6902.0,0.0,-1787.5,0,27,46,43,3,4,3,1,261,0.0022991620119682922,0.02965824001119472,0.011795859943667893,-0.10669649221934378,1.4000238777697087,-0.054921972041634036,0.05105541791606811,0.17798709440743551,,,,,,4.0,3.95,13.75,0.0,0.0,,,,,,,,,,
40,25_5_2_5_2_1,25_5_2_5_2_1_StartGoalLocations_Seed6.csv,46,-4972.65714430809,41,0.8913043478260869,16,16,16,16,68,16,6,16,16,16,1.0,0.15397766127193982,6.325077557585181,0,0,0,0.30289227966294696,0.3920519243907994,12.809827423095703,,5.0,,,5,,12.81,,,,14.0,,,,15.0,,,,18.6,,,8.24,14.8,13.9,10,3.44,9.59,0.0,0.0,0.0,78,0,35,0,0,16,17,141,0,59,32,50,0,2,0.4184,0.227,8,0,0,878.2,0.0,4100.0,0.0,3988.285,-2967.076,0.0,0.0,0.0,-1600.0,1.668,-753.734,0.0,-2447.0,729.0,-3860.0,0.0,0.0,0.0,0.0,0.0,-1317.0,0.0,-1725.0,0.68315,6.90421,-0.26783,3.01413,-0.63516,1.79233,0.0,0.0,-0.34639,1.31488,132.687,-3918.8,4100.0,0.0,5132.113,-4420.279,-0.43112,3.2011,0.46686,6.81678,0.08106,1.7661,0.20519,2.24833,0.00467,100.0,0.99533,1.09283,0.0,-69.9749,58.2386,0.0,224.6656,-340.1394,-95.64,238,25,145,671,84,233,369,1353,681,108,8.546,8758.39,0.0,702.0,0.0,0.0,-2758.981,-2352.066,-6280.0,0.0,-3042.0,8758.39,0.0,702.0,0.0,0.0,-2758.981,-2352.066,-6280.0,0.0,-3042.0,0,75,46,41,5,0,0,0,674,0.00219367611762209,0.03489018184598535,0.012163790743506979,-0.10891482406295835,1.5131087286770344,-0.060911936727752615,0.05579877415206283,0.21528559528291225,,,,,,,,,,,,,,,,,,,,
41,25_5_2_5_2_1,25_5_2_5_2_1_StartGoalLocations_Seed7.csv,46,-2789.962690398097,43,0.9347826086956522,9,24,8,9,57,23,4,25,25,24,1.0,0.12353875018040121,5.797321762748225,3,3,2,0.22028274668205425,0.40435660703981535,7.517606258392334,,3.0,,,6,,7.52,,,,12.0,,,,47.3,,,,26.3,,,7.74,9.4,5.7,3,6.77,13.96,0.0,0.0,0.0,85,0,36,0,0,21,15,179,0,85,49,45,0,1,0.4749,0.2737,16,1,0,693.2,0.0,4300.0,0.0,3734.327,-2591.643,0.0,0.0,0.0,-900.0,0.742,-414.587,0.0,-2029.0,387.0,-4256.0,75.0,0.0,0.0,0.0,0.0,-754.0,0.0,-1035.0,0.88515,7.92524,-0.18953,2.54762,-0.85084,2.04495,0.01082,0.51997,-0.25808,1.14209,93.331,-2844.728,4375.0,0.0,4444.647,-3418.693,-0.39691,2.86834,0.63113,7.86787,0.148,1.65635,0.17123,2.4752,0.00664,95.1087,0.9938,1.14143,0.0,-41.2307,62.1449,0.0,210.5129,-247.4453,-59.713,160,18,104,432,45,160,243,880,389,58,21.051,8521.253,0.0,379.5,75.0,0.0,-2385.37,-1313.846,-6277.5,0.0,-1789.0,8521.253,0.0,379.5,75.0,0.0,-2385.37,-1313.846,-6277.5,0.0,-1789.0,0,52,46,43,3,3,3,0,417,0.0022119011026370573,0.03474989430978894,0.0123802344626165,-0.11106629407964647,1.5922058048844336,-0.08163953197446971,0.05142696254930343,0.10515844715293497,,,,,,3.0,6.33,8.67,51.3,34.7,,,,,,,,,,
42,25_5_2_5_2_1,25_5_2_5_2_1_StartGoalLocations_Seed8.csv,46,-4752.853844553232,40,0.8695652173913043,15,15,15,15,61,15,5,16,16,16,1.0,0.13181255161023947,5.712583206698581,4,4,3,0.2651608910891089,0.4110606685926537,8.735433260599772,,6.0,,,10,,8.74,,,,8.36,,,,54.5,,,,53.2,,,9.81,7.9,7.3,15,2.24,8.44,0.0,0.0,0.0,83,0,35,0,0,15,15,163,0,82,33,48,0,10,0.5031,0.2025,10,1,0,969.6,0.0,4000.0,0.0,4966.183,-3653.376,7.0,0.0,0.0,-1500.0,3.15,-695.411,0.0,-2411.0,945.0,-4220.0,100.0,0.0,0.0,0.0,0.0,-1194.0,0.0,-2070.0,0.64866,6.5086,-0.2261,2.77894,-0.58643,1.84384,0.01031,0.50767,-0.33663,1.34227,126.0,-3783.982,4100.0,0.0,5972.758,-5339.753,-0.37727,3.02749,0.42285,6.42909,0.06529,1.8217,0.18224,2.21278,0.00454,93.18182,0.99567,1.1718,0.0,-65.253,58.2386,0.0,275.9675,-387.0642,-74.678,262,42,166,686,133,219,244,1279,506,55,20.221,9682.837,1.2,919.0,100.0,0.0,-3393.429,-2193.461,-6605.0,0.0,-3264.0,9682.837,1.2,919.0,100.0,0.0,-3393.429,-2193.461,-6605.0,0.0,-3264.0,0,99,46,40,6,4,3,0,579,0.0022895718780364407,0.03720262678340078,0.01285150705196429,-0.11303335951641202,1.667044113278389,-0.05756839103094535,0.057212155482557134,0.17341833120910452,,,,,,4.0,8.71,16.25,35.0,23.8,,,,,,,,,,
43,25_5_2_5_2_1,25_5_2_5_2_1_StartGoalLocations_Seed7.csv,46,-2046.913581520319,42,0.9130434782608695,10,12,8,10,58,10,3,13,13,11,1.0,0.13937960773403812,6.257284723409842,1,1,1,0.19635655680712,0.36932293117860127,10.4977285861969,,4.0,,,5,,10.5,,,,14.75,,,,11.2,,,,16.0,,,7.46,4.0,6.2,6,13.07,17.78,0.0,0.0,0.0,58,0,30,0,0,5,18,136,0,65,19,52,0,18,0.4779,0.1397,8,1,0,719.1,0.0,4200.0,0.0,4301.489,-3339.455,21.0,0.0,0.0,-1200.0,1.605,-545.152,0.0,-1908.0,735.0,-2840.0,25.0,0.0,0.0,0.0,0.0,-837.5,0.0,-1380.0,0.82077,7.74168,-0.24246,2.88483,-0.55806,1.76563,0.00348,0.29479,-0.30837,1.27625,67.2,-2898.49,4225.0,0.0,5017.394,-4458.733,-0.39373,3.04988,0.58754,7.62549,0.07769,1.93129,0.17911,2.30255,0.00598,98.25581,0.99416,1.32552,0.0,-52.3845,60.0142,0.0,240.5327,-311.0736,-77.289,84,24,47,327,123,234,320,1001,582,72,14.243,9038.234,0.0,727.0,25.0,0.0,-3136.101,-1743.547,-4740.0,0.0,-2217.5,9038.234,0.0,727.0,25.0,0.0,-3136.101,-1743.547,-4740.0,0.0,-2217.5,0,96,46,42,4,1,1,0,440,0.002217855566464095,0.04116691767936573,0.012688967363501433,-0.11525432580150664,1.7498313391208649,-0.03207826180707343,0.0630196270250599,0.16985150405904278,,,,,,1.0,14.0,19.0,15.0,3.0,,,,,,,,,,
44,25_5_2_5_2_1,25_5_2_5_2_1_StartGoalLocations_Seed9.csv,46,-2665.8079652786255,42,0.9130434782608695,10,16,10,10,36,16,3,16,16,16,1.0,0.14074776483337847,5.9198393763137105,2,2,2,0.23957769355711966,0.4290741743367623,7.587361454963684,,4.0,,,6,,7.59,,,,8.25,,,,70.2,,,,52.8,,,7.84,6.4,4.4,6,3.98,7.41,0.0,0.0,0.0,60,0,26,0,0,13,14,243,0,134,46,63,0,53,0.5514,0.1893,10,0,0,738.8,0.0,4200.0,0.0,3833.22,-2771.641,0.0,0.0,0.0,-1000.0,1.334,-552.521,0.0,-2076.5,441.0,-3296.0,50.0,0.0,0.0,0.0,0.0,-853.5,0.0,-1380.0,0.81218,7.59999,-0.20996,2.60046,-0.6675,1.84634,0.00677,0.41128,-0.30231,1.26902,53.0,-2792.716,4250.0,0.0,4468.663,-4089.611,-0.37083,2.83891,0.57526,7.52909,0.05131,1.75057,0.16987,2.2675,0.00596,96.59091,0.99418,1.16518,0.0,-46.579,60.3693,0.0,215.6953,-282.6621,-56.161,217,48,162,525,77,198,251,1051,476,44,5.029,8558.609,0.0,424.0,50.0,0.0,-2558.229,-1551.188,-5355.5,0.0,-2233.5,8558.609,0.0,424.0,50.0,0.0,-2558.229,-1551.188,-5355.5,0.0,-2233.5,0,79,46,42,4,2,2,0,506,0.002333352632404058,0.0382358676684089,0.012913344012922608,-0.11629225386306644,1.7534023222327233,-0.025543712919768494,0.06993006929842523,0.21740712323226036,,,,,,2.0,2.27,5.6,77.5,63.5,,,,,,,,,,
45,25_5_2_5_2_1,25_5_2_5_2_1_StartGoalLocations_Seed6.csv,46,-7320.674761146307,39,0.8478260869565217,8,35,8,8,33,35,12,35,35,35,1.0,0.1730295566502463,5.6113186212354424,1,1,1,0.2960303620884193,0.421991999179403,9.945131931986127,,7.0,,,8,,9.95,,,,11.14,,,,100.7,,,,84.0,,,8.26,18.7,13.7,21,2.5,7.57,0.0,0.0,0.0,130,0,53,0,0,34,15,113,0,59,14,40,0,5,0.5221,0.1239,12,0,0,974.9,0.0,3900.0,0.0,4137.168,-2976.876,7.0,0.0,0.0,-800.0,1.315,-744.682,0.0,-2845.0,1214.0,-6024.0,25.0,0.0,0.0,0.0,0.0,-1774.5,0.0,-2415.0,0.61978,6.39008,-0.15831,2.03209,-0.78521,2.26774,0.00256,0.25318,-0.42974,1.46496,213.857,-3866.102,3925.0,0.0,5008.388,-5450.915,-0.37463,2.39103,0.40261,6.31713,-0.04539,1.82393,0.21284,1.96625,0.0041,98.125,0.99569,1.0775,0.0,-50.8453,55.7528,0.0,231.7014,-404.399,-62.995,504,102,380,1186,151,198,194,1732,398,69,23.877,8781.446,0.64,1191.0,25.0,0.0,-2739.254,-1544.007,-8846.0,0.0,-4189.5,8781.446,0.64,1191.0,25.0,0.0,-2739.254,-1544.007,-8846.0,0.0,-4189.5,0,105,46,39,7,1,1,0,765,0.002201389089186705,0.0361255619651638,0.012239759556832723,-0.11854982740245759,1.7700154568254947,0.002789810319000026,0.0670344299118733,0.24716287248302252,,,,,,1.0,8.0,23.0,59.0,44.0,,,,,,,,,,
46,25_5_2_5_2_1,25_5_2_5_2_1_StartGoalLocations_Seed5.csv,46,-6132.982361227274,41,0.8913043478260869,13,20,13,13,38,20,3,23,23,23,1.0,0.19726656990807934,5.32391847375948,2,2,2,0.32942739792220344,0.40794877989852624,12.975113487243652,,5.0,,,7,,12.98,,,,11.6,,,,64.8,,,,57.4,,,8.7,15.0,13.9,10,4.0,6.44,0.0,0.0,0.0,133,0,61,0,0,18,22,141,0,63,18,60,0,5,0.4468,0.1277,31,3,0,827.8,0.0,4100.0,0.0,4119.822,-2998.56,63.0,0.0,0.0,-1300.0,2.436,-868.981,0.0,-2246.5,215.0,-5072.0,50.0,0.0,0.0,0.0,0.0,-1300.0,0.0,-1725.0,0.73835,7.11507,-0.26172,2.80162,-0.85812,2.0418,0.00604,0.38854,-0.36543,1.35475,52.857,-4488.301,4150.0,0.0,5166.936,-4626.837,-0.53581,3.14745,0.50133,7.03054,0.06525,1.85415,0.22916,2.39386,0.00519,96.51163,0.99481,1.18929,0.0,-64.4625,58.9489,0.0,234.631,-339.816,-72.562,403,35,298,923,194,254,264,1638,509,44,28.399,8903.356,0.8,215.0,50.0,0.0,-2791.293,-2167.345,-7318.5,0.0,-3025.0,8903.356,0.8,215.0,50.0,0.0,-2791.293,-2167.345,-7318.5,0.0,-3025.0,0,156,46,41,5,2,1,0,702,0.002287963639832924,0.035091782808303836,0.012340384366398211,-0.12172065579332411,1.7837926489114762,0.010912507180473768,0.06768734683282673,0.387320544377435,,,,,,2.0,3.87,11.5,37.5,46.0,,,,,,,,,,
47,25_5_2_5_2_1,25_5_2_5_2_1_StartGoalLocations_Seed7.csv,46,-6918.521768391132,39,0.8478260869565217,13,31,12,13,43,30,6,31,31,30,1.0,0.11921921921921921,5.795884850518303,2,2,1,0.2758931251876313,0.3976783748624037,11.701107433864049,,7.0,,,9,,11.7,,,,11.71,,,,49.7,,,,25.0,,,8.16,11.9,9.3,21,5.0,10.35,0.0,0.0,0.0,131,0,56,0,0,23,24,360,0,73,29,258,0,14,0.2028,0.0806,12,0,0,999.3,0.0,3900.0,0.0,5651.205,-4557.387,3.5,0.0,0.0,-1300.0,2.1,-597.24,0.0,-2244.0,524.0,-5808.0,50.0,0.0,0.0,0.0,0.0,-1127.0,0.0,-2415.0,0.60008,6.3757,-0.18965,2.5489,-0.75333,2.01244,0.005,0.35364,-0.35445,1.4322,110.636,-3854.658,3950.0,0.0,6789.268,-6403.563,-0.37466,2.81525,0.39528,6.24469,0.0386,2.00364,0.16311,2.4327,0.0041,96.34146,0.9961,1.32538,0.0,-58.4273,56.108,0.0,315.634,-455.3301,-75.058,226,36,143,569,105,284,258,1212,443,53,27.882,10236.946,0.165,524.0,50.0,0.0,-4240.327,-1895.305,-8052.0,0.0,-3542.0,10236.946,0.165,524.0,50.0,0.0,-4240.327,-1895.305,-8052.0,0.0,-3542.0,0,105,46,39,7,2,2,0,555,0.0024921955705394794,0.03568819408770651,0.013106602076150012,-0.12363903968594968,1.814931311905384,0.029041350060615513,0.06465267934079748,0.38472577459877355,,,,,,2.0,8.0,11.0,16.5,13.5,,,,,,,,,,
48,25_5_2_5_2_1,25_5_2_5_2_1_StartGoalLocations_Seed6.csv,46,-2454.4622930288315,42,0.9130434782608695,8,28,7,8,12,27,14,33,33,32,1.0,0.22542485838053983,4.982785050827676,1,1,1,0.31185481185481184,0.44522144522144524,8.742302417755127,,3.0,,,5,,8.32,,,,10.33,,,,122.0,,,,161.7,,,7.49,1.8,1.6,6,2.16,6.25,0.0,0.0,0.0,61,0,36,0,0,22,9,300,0,104,149,47,0,10,0.3467,0.4967,12,5,0,600.6,0.0,4200.0,0.0,2848.574,-1847.273,0.0,0.0,0.0,-800.0,1.794,-630.657,0.0,-2155.0,1397.0,-3580.0,25.0,0.0,0.0,0.0,0.0,-1134.5,0.0,-1380.0,0.96602,8.39264,-0.23791,2.58022,-0.72228,2.53649,0.00416,0.32256,-0.41866,1.41392,273.613,-2846.262,4225.0,0.0,3358.947,-3467.017,-0.42835,2.89226,0.70346,8.33902,-0.01799,1.84354,0.24942,2.08269,0.00716,98.25581,0.99301,1.14453,0.0,-45.194,60.0142,0.0,160.145,-246.6135,-52.155,407,58,307,963,60,167,182,1366,499,59,11.786,7526.584,1.119,1377.0,25.0,0.0,-1724.683,-1429.982,-5715.0,0.0,-2514.5,7526.584,1.119,1377.0,25.0,0.0,-1724.683,-1429.982,-5715.0,0.0,-2514.5,0,40,46,42,4,1,1,0,772,0.0023554110184386447,0.03697732374537736,0.012861433940415737,-0.13010360197164117,1.8530401818454265,0.022903442471770178,0.06420860974583775,0.32554061877192,,,,,,1.0,10.0,16.0,0.0,0.0,,,,,,1.0,10.0,3.0,251.0,388.0
49,25_5_2_5_2_1,25_5_2_5_2_1_StartGoalLocations_Seed7.csv,46,-5000.423032820225,43,0.9347826086956522,10,30,8,10,34,28,3,30,30,28,1.0,0.21088524590163935,5.460358315393573,4,3,4,0.23669724770642203,0.36081525312294543,4.864227453867595,,2.0,1.0,1.0,7,,3.55,7.5,12.4,,4.0,2.0,19.0,,0.0,0.0,186.0,,10.5,0.0,122.0,8.54,21.4,15.1,3,20.62,22.88,0.0,0.0,0.0,120,0,53,0,0,26,17,467,0,166,105,196,0,23,0.3555,0.2248,16,0,0,763.0,0.0,4300.0,0.0,3636.456,-2398.263,17.5,0.0,0.0,-1000.0,1.005,-698.121,0.0,-2485.0,420.0,-5156.0,75.0,0.0,0.0,0.0,0.0,-1441.0,0.0,-1035.0,0.82814,7.56211,-0.22243,2.56128,-0.9464,2.1765,0.00983,0.49562,-0.32451,1.08613,84.396,-4022.62,4375.0,0.0,4324.556,-3726.293,-0.51615,2.95569,0.57339,7.50156,0.07841,1.62937,0.23984,2.24427,0.00603,95.1087,0.99345,1.06212,0.0,-55.4745,62.1449,0.0,204.7226,-274.4544,-69.774,442,81,367,1060,71,245,257,1630,467,51,24.109,8560.814,0.0,414.0,75.0,0.0,-2242.12,-1697.116,-7635.0,0.0,-2476.0,8560.814,0.0,414.0,75.0,0.0,-2242.12,-1697.116,-7635.0,0.0,-2476.0,0,75,46,43,3,3,3,1,777,0.002365078691718736,0.03599391104653478,0.013108146129816305,-0.13420171432197095,1.8380926974117755,0.04162127191308173,0.05930631737341173,0.36441605337429794,,,,,,3.0,3.93,16.33,128.3,104.7,,,,,,,,,,
50,25_5_2_5_2_1,25_5_2_5_2_1_StartGoalLocations_Seed7.csv,46,-5181.876991778612,37,0.8043478260869565,14,10,13,14,22,9,0,13,13,12,1.0,0.10689064840573508,6.64353530314286,4,1,3,0.29961505560307955,0.4345594525235244,7.493750095367432,,5.0,2.0,2.0,12,,8.02,3.5,4.84,,7.6,7.0,9.0,,51.4,0.0,12.5,,42.8,0.5,4.0,7.59,8.0,8.1,28,4.64,11.15,0.0,0.0,0.0,66,0,30,0,0,9,13,683,0,470,105,108,0,47,0.6881,0.1537,9,3,0,935.2,0.0,3700.0,0.0,4856.788,-3980.225,3.5,0.0,0.0,-1400.0,2.147,-534.788,0.0,-1993.5,108.0,-2692.0,25.0,0.0,0.0,0.0,0.0,-1452.0,0.0,-2760.0,0.58974,6.3905,-0.20666,2.73392,-0.48947,1.39181,0.00267,0.2585,-0.45038,1.61748,5.72,-3059.132,3725.0,0.0,5555.166,-6740.616,-0.3265,2.88985,0.39831,6.28267,-0.12676,2.03874,0.12842,2.55192,0.00406,98.02632,0.99604,1.32,0.0,-57.2278,52.9119,0.0,270.8401,-461.2365,-42.413,273,57,187,641,61,146,138,990,265,51,16.272,9222.693,0.8,108.0,25.0,0.0,-3707.43,-1933.44,-4685.5,0.0,-4212.0,9222.693,0.8,108.0,25.0,0.0,-3707.43,-1933.44,-4685.5,0.0,-4212.0,0,48,46,37,9,1,0,2,446,0.002466885421999905,0.03473858336219564,0.013618189702974633,-0.13537777924910188,1.8489379394054413,0.031934177557304794,0.056797581367136446,0.4304786747251637,1.0,7.5,9.0,15.0,8.0,1.0,5.0,9.0,35.0,44.0,1.0,12.85,14.0,93.0,95.0,,,,,
51,25_5_2_5_2_1,25_5_2_5_2_1_StartGoalLocations_Seed7.csv,46,-7439.676550537348,38,0.8260869565217391,25,17,24,25,14,16,4,19,19,18,1.0,0.14423907410606324,5.53556598213402,4,3,4,0.22795513373597928,0.4096565019277953,10.98565661907196,1.0,4.0,1.0,1.0,12,15.0,10.72,5.0,7.0,8.0,9.52,6.0,13.0,130.0,5.0,0.0,0.0,110.0,7.2,15.0,0.0,7.76,6.5,4.7,28,1.8,6.65,0.0,2.0,7.14,70,0,35,0,0,13,18,273,0,110,58,105,0,24,0.4029,0.2125,18,2,0,1159.0,0.0,3800.0,0.0,6457.431,-5532.436,10.5,0.0,0.0,-2500.0,3.841,-905.011,0.0,-3554.0,719.0,-3104.0,75.0,0.0,0.0,0.0,0.0,-1309.0,0.0,-2760.0,0.50858,5.90273,-0.29346,3.27562,-0.51242,1.5398,0.00647,0.40216,-0.35108,1.42592,76.72,-4840.762,3875.0,0.0,7679.844,-7876.822,-0.41105,3.41798,0.33434,5.73035,-0.017,2.06928,0.16195,2.61986,0.00354,94.5122,0.99655,1.3469,0.0,-102.246,55.0426,0.0,361.0619,-540.1193,-132.038,131,25,71,475,204,465,509,1652,925,161,7.872,11102.864,0.52,698.5,75.0,0.0,-5208.37,-3401.691,-6637.5,0.0,-4069.0,11102.864,0.52,698.5,75.0,0.0,-5208.37,-3401.691,-6637.5,0.0,-4069.0,0,190,46,38,8,3,2,1,670,0.0025032937896185105,0.03372346165822819,0.01365879499266157,-0.1366688813082874,1.8604163229465485,0.019530912322643416,0.053207133422838525,0.482021440428216,,,,,,3.0,3.83,8.0,11.7,11.7,1.0,11.0,21.0,10.0,41.0,1.0,14.0,25.0,104.0,86.0
52,25_5_2_5_2_1,25_5_2_5_2_1_StartGoalLocations_Seed0.csv,46,-10303.89590895176,36,0.782608695652174,29,20,24,29,20,15,3,20,20,15,1.0,0.19612462006079026,5.074435430844414,1,1,0,0.2966449066342796,0.3961267605633803,8.173652076721192,,10.0,,,11,,8.17,,,,11.2,,,,62.9,,,,66.5,,,7.97,15.2,14.7,45,3.11,6.1,0.0,0.0,0.0,100,0,59,0,0,17,23,117,0,66,16,35,0,15,0.5641,0.1368,6,0,0,1317.4,0.0,3600.0,0.0,6050.886,-4954.758,14.0,0.0,0.0,-3050.0,3.833,-1549.256,0.0,-4036.0,742.0,-2816.0,25.0,0.0,0.0,0.0,0.0,-2201.0,0.0,-3450.0,0.45753,5.37633,-0.34883,3.39454,-0.46379,1.32,0.0019,0.2178,-0.42895,1.49678,100.283,-6652.19,3625.0,0.0,7466.086,-8284.404,-0.49734,3.54336,0.27516,5.22478,-0.06212,1.99932,0.21801,2.35114,0.00281,97.97297,0.99727,1.19885,0.0,-131.639,51.4915,0.0,336.1674,-595.6458,-130.718,477,38,319,1216,320,492,542,2556,1233,133,29.984,10657.13,0.39,742.0,25.0,0.0,-4629.603,-4595.813,-6852.0,0.0,-5651.0,10657.13,0.39,742.0,25.0,0.0,-4629.603,-4595.813,-6852.0,0.0,-5651.0,0,278,46,36,10,1,1,0,1310,0.0026248957123971195,0.029937248546630144,0.01449713884416269,-0.14009398283436894,1.8321925920248032,0.022048451862519868,0.05314554000331555,0.5389992948446889,,,,,,1.0,15.0,20.0,54.0,31.0,,,,,,,,,,
53,25_5_2_5_2_1,25_5_2_5_2_1_StartGoalLocations_Seed2.csv,46,-6550.486482948065,38,0.8260869565217391,14,20,13,14,32,19,6,21,21,20,1.0,0.15205862501205283,4.980460182510488,2,2,1,0.20863448010022165,0.4096792890262751,11.706293548856463,,7.0,,,9,,11.71,,,,13.98,,,,60.0,,,,44.1,,,7.32,4.8,4.9,21,4.66,7.05,0.0,0.0,0.0,75,0,41,0,0,17,21,199,0,127,22,50,0,4,0.6382,0.1106,27,1,0,1037.7,0.0,3800.0,0.0,6428.119,-5523.495,70.0,0.0,0.0,-1550.0,1.853,-828.663,0.0,-3161.5,624.0,-4376.0,50.0,0.0,0.0,0.0,0.0,-707.5,0.0,-2415.0,0.56012,6.23303,-0.22905,2.73175,-0.66623,1.75056,0.00482,0.34704,-0.30091,1.42322,121.608,-4076.936,3850.0,0.0,7788.041,-7106.016,-0.38116,2.92882,0.37101,6.04998,0.06572,2.12831,0.18869,2.1443,0.00385,96.25,0.99634,1.44057,0.0,-71.9191,54.6875,0.0,365.4896,-488.2253,-98.324,133,20,86,532,168,462,433,1586,959,130,5.017,10972.736,0.215,616.5,50.0,0.0,-5160.412,-2377.025,-7530.0,0.0,-3122.5,10972.736,0.215,616.5,50.0,0.0,-5160.412,-2377.025,-7530.0,0.0,-3122.5,0,167,46,38,8,2,1,0,754,0.0028081653265326165,0.028703967976616694,0.014474354251578916,-0.14045921012759208,1.8567964528501033,0.04039072790144019,0.05493574713473208,0.5779775518621318,,,,,,2.0,6.42,17.5,5.0,13.5,,,,,,,,,,
54,25_5_2_5_2_1,25_5_2_5_2_1_StartGoalLocations_Seed5.csv,46,-5216.8795369416475,40,0.8695652173913043,23,11,23,23,22,11,3,11,11,11,1.0,0.21872579395817196,5.322681138610812,2,1,0,0.24027858386535114,0.375507835171213,7.5334885597229,,4.0,1.0,1.0,7,,8.94,1.91,3.0,,12.0,2.08,6.0,,7.8,51.0,0.0,,25.0,131.0,20.0,9.15,8.8,14.7,10,15.86,16.23,0.0,0.0,0.0,74,0,56,0,0,11,25,153,0,68,43,42,0,1,0.4444,0.281,13,0,0,1033.8,0.0,4000.0,0.0,5128.935,-3961.463,14.0,0.0,0.0,-2400.0,3.312,-1237.963,0.0,-2948.0,270.0,-2248.0,25.0,0.0,0.0,0.0,0.0,-1171.5,0.0,-1725.0,0.60121,6.33314,-0.35158,3.39748,-0.47649,1.28404,0.00242,0.24587,-0.28018,1.20048,54.0,-5333.316,4025.0,0.0,6500.199,-5531.7,-0.51067,3.54281,0.38934,6.21298,0.09368,1.78767,0.23506,2.217,0.00397,98.17073,0.99574,1.16883,0.0,-106.4308,57.1733,0.0,287.8883,-385.8899,-98.077,339,27,196,856,412,542,441,2230,971,148,2.165,9920.893,0.0,270.0,25.0,0.0,-3705.621,-3634.651,-5196.0,0.0,-2896.5,9920.893,0.0,270.0,25.0,0.0,-3705.621,-3634.651,-5196.0,0.0,-2896.5,0,383,46,40,6,1,1,1,902,0.0030250584753912335,0.028073422481538726,0.01424924692051718,-0.14364822838455438,1.862818307131529,0.006138356223273149,0.05739108637499157,0.634098894810304,,,,,,1.0,5.0,14.0,0.0,36.0,,,,,,,,,,
55,25_5_2_5_2_1,25_5_2_5_2_1_StartGoalLocations_Seed0.csv,46,-5158.734835714102,38,0.8260869565217391,13,16,13,13,19,16,8,18,18,18,1.0,0.11259916403650942,5.723144952318708,3,2,3,0.2551794696905107,0.40938220968982314,7.465025171637535,1.0,6.0,1.0,1.0,11,10.22,7.12,6.8,3.9,14.0,13.83,8.0,6.0,180.0,23.8,30.0,0.0,38.0,28.2,22.0,3.0,8.23,8.7,4.3,28,0.49,6.59,1.0,1.0,3.57,46,0,23,0,0,15,10,146,0,80,25,41,0,15,0.5479,0.1712,14,2,0,1172.9,0.0,3800.0,0.0,6518.963,-5337.401,42.0,0.0,0.0,-1400.0,1.99,-681.686,0.0,-3172.0,900.0,-2984.0,50.0,0.0,0.0,0.0,0.0,-1309.5,0.0,-2760.0,0.5283,5.84602,-0.17731,2.44235,-0.44812,1.54977,0.00426,0.32643,-0.34696,1.42857,198.0,-3285.699,3850.0,0.0,7748.445,-7781.367,-0.26325,2.65397,0.32825,5.69185,-0.00281,2.02064,0.13684,2.17053,0.00341,96.25,0.99676,1.32836,0.0,-63.3803,54.6875,0.0,365.7586,-528.3836,-85.443,108,36,64,395,174,363,398,1330,654,134,-6.498,11181.367,0.322,900.0,50.0,0.0,-4984.905,-2080.018,-6156.0,0.0,-4069.5,11181.367,0.322,900.0,50.0,0.0,-4984.905,-2080.018,-6156.0,0.0,-4069.5,0,149,46,38,8,2,2,1,536,0.0031645597723127137,0.028401947891106828,0.01360997696290724,-0.1448710054345429,1.8458655825257302,-0.0005319397029143147,0.057434925077250225,0.7596812680806033,,,,,,2.0,7.21,11.0,0.0,0.0,,,,,,,,,,
56,25_5_2_5_2_1,25_5_2_5_2_1_StartGoalLocations_Seed9.csv,46,-6269.207617215812,39,0.8478260869565217,24,22,23,24,12,21,6,22,22,21,1.0,0.20396115025709388,5.162756124589754,4,3,2,0.27525204489252425,0.423815864561537,13.061704715092977,,5.0,1.0,1.0,10,,14.07,8.0,11.03,,10.4,2.96,17.0,,69.2,102.0,134.0,,55.0,109.0,131.0,8.04,14.3,12.8,15,5.85,11.93,0.0,0.0,0.0,104,0,56,0,0,22,22,195,0,77,10,108,0,16,0.3949,0.0513,6,0,0,1051.4,0.0,3900.0,0.0,6097.208,-5063.408,0.0,0.0,0.0,-2400.0,2.209,-1323.617,0.0,-3341.5,662.0,-2884.0,75.0,0.0,0.0,0.0,0.0,-974.5,0.0,-2070.0,0.56926,6.2376,-0.35395,3.37267,-0.52915,1.57233,0.00713,0.42224,-0.28957,1.28781,158.72,-5661.859,3975.0,0.0,7231.389,-6614.797,-0.52341,3.58064,0.37807,6.09334,0.05864,1.95241,0.22161,2.4981,0.00399,94.64286,0.9962,1.32196,0.0,-106.0064,56.4631,0.0,338.6104,-453.5075,-121.019,444,41,256,1069,186,393,506,2142,929,104,27.731,10726.823,0.079,662.0,75.0,0.0,-4741.622,-3721.487,-6225.5,0.0,-3044.5,10726.823,0.079,662.0,75.0,0.0,-4741.622,-3721.487,-6225.5,0.0,-3044.5,0,169,46,39,7,3,3,1,1081,0.0031033548488812812,0.026103823569137603,0.013607193431816995,-0.14409653833135963,1.825148345530033,-0.00788053514334024,0.05209917582513299,0.7797102320450358,,,,,,3.0,6.76,14.33,3.3,25.7,,,,,,,,,,
57,25_5_2_5_2_1,25_5_2_5_2_1_StartGoalLocations_Seed2.csv,46,-2709.4281104803085,44,0.9565217391304348,16,19,16,16,23,19,2,22,22,22,1.0,0.24826093677539032,4.896498917373527,2,2,2,0.24251312133374497,0.3913446676970634,23.634778022766113,,2.0,,,4,,23.63,,,,23.5,,,,12.5,,,,20.0,,,8.13,7.1,11.8,1,20.14,20.14,0.0,0.0,0.0,78,0,39,0,0,12,13,117,0,82,7,28,0,4,0.7009,0.0598,28,3,0,647.8,0.0,4400.0,0.0,3564.729,-2440.998,3.5,0.0,0.0,-1600.0,1.306,-1183.265,0.0,-2329.0,126.0,-2520.0,50.0,0.0,0.0,0.0,0.0,-739.5,0.0,-690.0,0.95323,8.30258,-0.42945,3.50836,-0.72908,1.68126,0.00772,0.43921,-0.22067,0.98018,45.0,-4470.131,4450.0,0.0,4803.171,-2690.103,-0.6831,3.74726,0.68694,8.22455,0.32619,1.63929,0.26227,2.65752,0.0071,96.73913,0.99274,1.16518,0.0,-73.2189,63.2102,0.0,201.8417,-219.1142,-85.908,218,22,127,582,440,284,294,1597,522,75,10.672,8462.684,0.28,126.0,50.0,0.0,-2287.653,-2782.239,-4849.0,0.0,-1429.5,8462.684,0.28,126.0,50.0,0.0,-2287.653,-2782.239,-4849.0,0.0,-1429.5,0,305,46,44,2,2,1,0,553,0.003209348940763448,0.024162740509491413,0.014310219809995034,-0.1453154574520886,1.848632709980011,-0.025818208214600416,0.05079182914865669,0.9070997583097778,,,,,,2.0,14.5,19.5,43.5,23.5,,,,,,,,,,
58,25_5_2_5_2_1,25_5_2_5_2_1_StartGoalLocations_Seed1.csv,46,-3157.7829343676567,36,0.782608695652174,6,3,6,6,26,3,1,4,4,4,1.0,0.08545400534706407,6.973905080475126,2,0,1,0.1843016925665644,0.4612491339206176,8.214391416973537,,7.0,2.0,2.0,11,,9.72,2.93,7.0,,11.86,4.12,9.0,,5.0,0.0,2.5,,4.7,1.0,2.5,7.71,1.7,1.3,36,3.55,9.0,0.0,0.0,0.0,28,0,15,0,0,4,14,438,0,275,34,129,0,48,0.6279,0.0776,23,1,0,1010.3,0.0,3600.0,0.0,5320.368,-4468.988,24.5,0.0,0.0,-600.0,0.411,-430.373,0.0,-1563.5,333.0,-2228.0,0.0,0.0,0.0,0.0,0.0,-1050.5,0.0,-3105.0,0.54302,6.10027,-0.10195,1.72848,-0.34232,1.2593,0.0,0.0,-0.41131,1.6353,18.0,-1926.233,3600.0,0.0,6427.507,-7313.33,-0.18888,1.87216,0.35633,5.95869,-0.08768,2.13254,0.11422,1.68478,0.00356,100.0,0.99644,1.36494,0.0,-31.4921,51.1364,0.0,299.279,-486.6859,-40.68,20,10,8,84,224,329,223,861,351,54,0.77,9649.669,0.0,314.5,0.0,0.0,-4163.49,-1029.962,-3773.0,0.0,-4155.5,9649.669,0.0,314.5,0.0,0.0,-4163.49,-1029.962,-3773.0,0.0,-4155.5,0,237,46,36,10,0,0,2,227,0.003127465657862558,0.022167602609843014,0.014060989762947429,-0.14428450083360075,1.839334120452404,-0.020945860601070763,0.049256322979344985,0.8569722414773423,,,,,,,,,,,,,,,,,,,,
59,25_5_2_5_2_1,25_5_2_5_2_1_StartGoalLocations_Seed1.csv,46,-9457.104842633009,32,0.6956521739130435,20,8,20,20,26,8,7,9,9,9,1.0,0.11583671724727505,5.1858962325288624,3,1,1,0.33556425774296905,0.3332112510987401,8.082105124990145,,10.0,2.0,2.0,15,,8.95,3.75,10.72,,9.6,1.5,18.5,,6.5,25.0,14.0,,13.9,52.0,9.5,8.26,2.9,7.1,66,2.85,8.14,0.0,0.0,0.0,45,0,31,0,0,7,22,765,0,272,227,266,0,12,0.3556,0.2967,19,1,0,1404.5,0.0,3200.0,0.0,5636.539,-4788.452,17.5,0.0,0.0,-2200.0,2.303,-1062.994,0.0,-3057.5,1260.0,-3028.0,25.0,0.0,0.0,0.0,0.0,-2726.0,0.0,-4140.0,0.38947,4.89711,-0.23216,2.79783,-0.34357,1.43659,0.00178,0.21094,-0.48886,1.58082,123.556,-4539.143,3225.0,0.0,6577.276,-9448.131,-0.31439,2.91976,0.22962,4.77239,-0.2044,1.96965,0.14496,2.29013,0.00235,97.72727,0.99758,1.14377,0.0,-91.5184,45.8097,0.0,311.054,-653.9347,-94.58,147,21,91,481,218,545,367,1604,863,127,-3.604,9902.807,0.32,1227.5,25.0,0.0,-4432.72,-3261.011,-6053.0,0.0,-6866.0,9902.807,0.32,1227.5,25.0,0.0,-4432.72,-3261.011,-6053.0,0.0,-6866.0,0,247,46,32,14,1,1,2,713,0.0031061601106648594,0.02155421157483943,0.015351751785492524,-0.14399772280827164,1.83667069748044,-0.06400422838552458,0.049187010281602855,0.8993075493630022,,,,,,1.0,6.64,8.0,0.0,1.0,,,,,,,,,,
60,25_5_2_5_2_1,25_5_2_5_2_1_StartGoalLocations_Seed1.csv,46,-371.12571546435356,41,0.8913043478260869,4,8,3,4,32,7,1,8,8,7,1.0,0.13196480938416422,5.953611635341302,1,0,1,0.14453259744739566,0.5467402552604347,15.544960308074952,,4.0,1.0,1.0,6,,17.18,9.0,11.22,,11.75,1.55,16.0,,7.8,30.0,16.0,,15.0,11.0,9.0,5.92,0.0,1.0,10,4.51,12.06,0.0,0.0,0.0,21,0,10,0,0,4,8,197,0,79,31,87,0,10,0.401,0.1574,8,0,0,579.8,0.0,4100.0,0.0,3054.553,-2464.89,28.0,0.0,0.0,-400.0,0.44,-386.529,0.0,-1163.0,81.0,-1784.0,0.0,0.0,0.0,0.0,0.0,-291.5,0.0,-1725.0,0.91367,8.45797,-0.13558,1.86492,-0.49431,1.36392,0.0,0.0,-0.34779,1.56716,23.08,-1504.808,4100.0,0.0,3740.573,-3709.259,-0.25556,2.02336,0.70714,8.37938,0.0054,2.00197,0.16609,1.58659,0.00707,100.0,0.99293,1.29405,0.0,-23.7836,58.2386,0.0,169.1743,-249.1078,-33.778,44,25,34,119,141,312,187,762,291,62,-12.361,7533.775,0.0,81.0,0.0,0.0,-2236.312,-786.089,-2947.0,0.0,-2016.5,7533.775,0.0,81.0,0.0,0.0,-2236.312,-786.089,-2947.0,0.0,-2016.5,0,155,46,41,5,0,0,1,225,0.0031546919205084124,0.0200225285848137,0.015103908126766328,-0.14398454841226338,1.8194566044211387,-0.09573760138369834,0.04564564985863399,0.8377692588348873,,,,,,,,,,,,,,,,,,,,
