episode,map,scen,agents,reward,completed,completion_rate,collisions,recovery_invocations,recovery_forced,recovery_resolved,recovery_wasted,recovery_preemptive,recovery_preemptive_success,risk_steps,risk_steps_acted,warning_steps,intervention_rate,errors_injected,handovers_completed,retired_recalled,action_override_rate,gradient_agreement,mean_hops_remaining,loss_goal,loss_safety,loss_integrity,loss_rescue,loss_time
1,25_10_5_10_5_2,25_10_5_10_5_2_StartGoalLocations_Seed8.csv,55,7953.555682376027,54,0.9818181818181818,0,1,0,0,2,1,1,1,1,1,1.0,1,0,0,0.01013986013986014,0.8402578796561605,0.0,0.6245371696547927,0.0053490676893199855,0.39051691411393824,3.152824127994336e-05,0.0001483369487347016
2,50_20_5_10_5_2,50_20_5_10_5_2_StartGoalLocations_Seed7.csv,55,9579.699895739555,54,0.9818181818181818,0,0,0,0,0,0,0,0,0,0,0.0,2,1,1,0.0017531556802244039,0.9442496493688639,0.0,0.5321415947736615,0.0027460646596788193,0.2274761040606638,0.0007948285679909062,9.269218853195571e-05
3,25_10_5_10_5_2,25_10_5_10_5_2_StartGoalLocations_Seed4.csv,25,4116.899999007583,25,1.0,0,0,0,0,1,0,0,0,0,0,0.0,1,1,0,0.009029345372460496,0.8532731376975169,0.0,0.5196742666111956,0.0018889957738681237,0.18158197599305143,0.004384293744567129,0.00011480474128904383
4,25_10_5_10_5_2,25_10_5_10_5_2_StartGoalLocations_Seed8.csv,55,4694.323497474194,50,0.9090909090909091,5,0,5,5,7,0,0,0,0,0,0.0,1,1,1,0.11389102072141212,0.6939647803043255,10.46655731201172,0.5810622776165987,0.053581080608105715,0.14765587790558735,0.006127198314133681,0.001773082515016237
5,50_20_5_10_5_2,50_20_5_10_5_2_StartGoalLocations_Seed1.csv,25,4383.399958014488,25,1.0,0,0,0,0,4,0,0,0,0,0,0.0,2,2,2,0.0,0.9413489736070382,0.0,0.5463322535244345,0.036300101037830254,0.11493960373670037,0.005485078725892859,0.041248344234531276
6,50_20_5_10_5_2,50_20_5_10_5_2_StartGoalLocations_Seed5.csv,25,5025.699924468994,25,1.0,0,0,0,0,2,0,0,0,0,0,0.0,0,0,0,0.0,0.9431567328918322,0.0,0.5417341597137912,0.046965800792085864,0.13101318325366704,0.007666486359987117,0.042288412272858796
7,50_20_5_10_5_2,50_20_5_10_5_2_StartGoalLocations_Seed8.csv,25,3946.003054186702,22,0.88,1,0,1,1,17,0,0,0,0,0,0.0,2,0,1,0.03899902502437439,0.6044848878778031,7.0,0.5601371721579478,0.036566828476936326,0.12372965226666285,0.007745817873004422,0.03969540883755634
8,50_20_5_10_5_2,50_20_5_10_5_2_StartGoalLocations_Seed0.csv,55,7158.970781445503,53,0.9636363636363636,0,1,0,0,27,1,0,1,1,1,1.0,1,0,0,0.031746031746031744,0.8473167044595616,9.331501007080078,0.5811412282097034,0.02757694171943093,0.12434104233980178,0.006735910309484948,0.046037532008724666
9,25_10_5_10_5_2,25_10_5_10_5_2_StartGoalLocations_Seed0.csv,55,5293.995039761066,53,0.9636363636363636,3,2,3,3,26,2,1,2,2,2,1.0,1,0,1,0.3311320754716981,0.8858490566037736,6.75,0.6005878432438924,0.03426956127244548,0.13378011973527,0.005257151221972505,0.04750605821124433
10,50_20_5_10_5_2,50_20_5_10_5_2_StartGoalLocations_Seed5.csv,25,5422.499951839447,25,1.0,0,0,0,0,2,0,0,0,0,0,0.0,0,0,0,0.0018264840182648401,0.9041095890410958,0.0,0.6216488157587098,0.028980435731095603,0.13647450302989025,0.005690354243988443,0.04798480093231416
11,25_10_5_10_5_2,25_10_5_10_5_2_StartGoalLocations_Seed3.csv,25,3999.6999441087246,25,1.0,0,0,0,0,2,0,0,0,0,0,0.0,0,0,0,0.004302925989672977,0.9165232358003442,0.0,0.6038722477175973,0.024122023559800802,0.0960116732157459,0.004239878418290145,0.052338762340628474
12,50_20_5_10_5_2,50_20_5_10_5_2_StartGoalLocations_Seed1.csv,25,4070.399951696396,24,0.96,0,0,0,0,5,0,0,0,0,0,0.0,1,0,0,0.0,0.9353821907013397,0.0,0.606230130938233,0.022789711493461536,0.1348859020127136,0.005311140399970502,0.047455495750134594
13,50_20_5_10_5_2,50_20_5_10_5_2_StartGoalLocations_Seed4.csv,25,4998.909982144833,24,0.96,0,1,0,0,11,1,1,1,1,1,1.0,1,0,0,0.003036876355748373,0.9362255965292842,0.0,0.5975608044075515,0.023211080300001723,0.14063387812823994,0.0036312662198677674,0.04336869705259015
14,25_10_5_10_5_2,25_10_5_10_5_2_StartGoalLocations_Seed8.csv,55,5167.937406271696,51,0.9272727272727272,6,6,6,6,18,6,5,6,6,6,1.0,3,1,3,0.16637230660543978,0.7202401978099612,5.387205004692078,0.620266993649495,0.029302289447906124,0.14106008797549666,0.0048566851277708056,0.04161900148446409
15,50_20_5_10_5_2,50_20_5_10_5_2_StartGoalLocations_Seed1.csv,55,8328.508311867714,55,1.0,0,2,0,0,6,2,1,2,2,2,1.0,0,0,0,0.002580169553999263,0.8746774788057501,0.0,0.6068829417680249,0.027545191503039943,0.17385670664071134,0.002264304354865186,0.04819443641551488
16,50_20_5_10_5_2,50_20_5_10_5_2_StartGoalLocations_Seed4.csv,25,5153.299973845482,25,1.0,0,0,0,0,6,0,0,0,0,0,0.0,0,0,0,0.0,0.92498782269849,0.0,0.6074104522694053,0.02848174125851116,0.16173683114435977,0.0029524237026130403,0.05039873706833648
17,25_10_5_10_5_2,25_10_5_10_5_2_StartGoalLocations_Seed0.csv,25,3038.408143758774,25,1.0,0,1,0,0,2,1,1,1,1,1,1.0,0,0,0,0.0,0.8607764390896921,0.0,0.6051314540629117,0.023606661645660422,0.19437484358841517,0.003347593265100343,0.04872419496664321
18,50_20_5_10_5_2,50_20_5_10_5_2_StartGoalLocations_Seed1.csv,25,3882.8259884119034,25,1.0,1,1,1,1,6,1,1,1,1,1,1.0,0,0,0,0.0,0.9430711610486892,0.0,0.6306599378585815,0.02295988174951105,0.1530314887154706,0.005233591588539408,0.03447522823050429
19,25_10_5_10_5_2,25_10_5_10_5_2_StartGoalLocations_Seed1.csv,25,3646.5998920202255,25,1.0,0,0,0,0,3,0,0,0,0,0,0.0,0,0,0,0.0018501387604070306,0.8547641073080481,0.0,0.6187940773963928,0.034816807434428484,0.18138478824496268,0.003990195274742291,0.046971251106821
20,50_20_5_10_5_2,50_20_5_10_5_2_StartGoalLocations_Seed3.csv,25,4017.307382643223,24,0.96,2,0,2,2,30,0,0,0,0,0,0.0,0,0,0,0.2082529888160432,0.8989587350559198,26.5,0.619047278433274,0.030395455466387854,0.1671963138362536,0.00278898631135153,0.04417737245019406
21,50_20_5_10_5_2,50_20_5_10_5_2_StartGoalLocations_Seed7.csv,55,8972.899825930595,55,1.0,0,0,0,0,8,0,0,0,0,0,0.0,0,0,0,0.0006361323155216285,0.8947201017811705,0.0,0.627904083331426,0.03209348670352483,0.18773243355875213,0.0038981095005074925,0.040549264194851276
22,25_10_5_10_5_2,25_10_5_10_5_2_StartGoalLocations_Seed9.csv,55,7937.430347561836,55,1.0,0,2,0,0,7,2,2,2,2,2,1.0,0,0,0,0.0025010421008753647,0.8416006669445603,0.0,0.6499893367290497,0.024778910915426656,0.21582013017991009,0.0027464442779185395,0.041886480137084924
23,50_20_5_10_5_2,50_20_5_10_5_2_StartGoalLocations_Seed3.csv,55,9201.8798109591,55,1.0,0,2,0,0,11,2,2,2,2,2,1.0,0,0,0,0.00575,0.81675,0.0,0.6507585643018995,0.024455712296309814,0.21232403463550975,0.0027131948071759584,0.03265705518823649
24,25_10_5_10_5_2,25_10_5_10_5_2_StartGoalLocations_Seed1.csv,55,7741.103814125061,55,1.0,0,3,0,0,7,3,3,3,3,3,1.0,0,0,0,0.00854368932038835,0.7572815533980582,0.0,0.6659347052757557,0.03289489911604995,0.22602130446869592,0.002756358683280688,0.032124080221491075
25,50_20_5_10_5_2,50_20_5_10_5_2_StartGoalLocations_Seed5.csv,25,4838.956688046455,25,1.0,0,1,0,0,14,1,1,1,1,1,1.0,0,0,0,0.003485838779956427,0.8723311546840958,0.0,0.6605745145568142,0.02741796893957301,0.20625998725953662,0.0022601400065808282,0.028563072072431146
26,25_10_5_10_5_2,25_10_5_10_5_2_StartGoalLocations_Seed2.csv,25,3379.8324995934963,25,1.0,0,1,0,0,14,1,1,1,1,1,1.0,0,0,0,0.00315955766192733,0.8562401263823065,0.0,0.6646065054431795,0.016685124849327767,0.2495512722858361,0.0015398728166820504,0.03439453310917117
27,25_10_5_10_5_2,25_10_5_10_5_2_StartGoalLocations_Seed0.csv,25,1449.3886595666409,23,0.92,5,28,3,5,73,26,8,28,28,26,1.0,3,2,3,0.2274339771383524,0.7016160819865983,3.0949997901916504,0.6799200625755848,0.031182851143724596,0.24182431909900445,0.00547977559612969,0.03311621723808527
28,25_10_5_10_5_2,25_10_5_10_5_2_StartGoalLocations_Seed6.csv,25,3213.3337219655514,25,1.0,2,1,2,2,7,1,1,1,1,1,1.0,0,0,0,0.0074794315632011965,0.8242333582647718,0.0,0.689686490893364,0.03136059084383305,0.1876197613030672,0.00653977550091895,0.04707899497472681
29,50_20_5_10_5_2,50_20_5_10_5_2_StartGoalLocations_Seed0.csv,25,2866.1999414414167,25,1.0,0,0,0,0,30,0,0,0,0,0,0.0,1,1,0,0.0,0.7708978328173375,0.0,0.6790337124291588,0.03023172906397817,0.2924210836097379,0.007461497507155373,0.036580451177809774
30,25_10_5_10_5_2,25_10_5_10_5_2_StartGoalLocations_Seed1.csv,25,3117.099895566702,25,1.0,0,0,0,0,11,0,0,0,0,0,0.0,0,0,0,0.0,0.8178170144462279,0.0,0.6771647869185968,0.04454861438319891,0.2642564510460943,0.005525033067711279,0.034873458884910426
31,25_10_5_10_5_2,25_10_5_10_5_2_StartGoalLocations_Seed0.csv,25,2753.299941778183,25,1.0,0,0,0,0,11,0,0,0,0,0,0.0,0,0,0,0.004801920768307323,0.7815126050420168,0.0,0.7074199139255367,0.03137160761900604,0.27280778366408936,0.010821438542298481,0.03127652367621609
32,25_10_5_10_5_2,25_10_5_10_5_2_StartGoalLocations_Seed1.csv,55,6324.426126748323,55,1.0,0,2,0,0,23,2,2,2,2,2,1.0,0,0,0,0.004275165176836378,0.7423241352506802,0.0,0.715476975067338,0.03646768806975703,0.25009766095943414,0.009705988091809559,0.03522918979314142
33,25_10_5_10_5_2,25_10_5_10_5_2_StartGoalLocations_Seed5.csv,55,7157.667829841375,53,0.9636363636363636,4,18,3,4,34,17,9,18,18,17,1.0,3,1,1,0.08958382318363509,0.7622854455678345,0.0,0.7272638091269661,0.03927118155475268,0.3602531502132907,0.008236470989943293,0.03057904901455485
34,25_10_5_10_5_2,25_10_5_10_5_2_StartGoalLocations_Seed8.csv,25,3171.8143863976,25,1.0,1,3,1,1,30,3,3,3,3,3,1.0,2,2,2,0.0026702269692923898,0.7923898531375166,0.0,0.7136118897925252,0.04019806872731905,0.3511326520541764,0.008546393729128122,0.035680154580800066
35,25_10_5_10_5_2,25_10_5_10_5_2_StartGoalLocations_Seed6.csv,25,3631.291721314192,25,1.0,0,8,0,0,27,8,5,8,8,8,1.0,0,0,0,0.0,0.7765694513099357,0.0,0.7129442486711728,0.03832857720541357,0.36952408497291866,0.00888583224775263,0.029214408498392592
36,50_20_5_10_5_2,50_20_5_10_5_2_StartGoalLocations_Seed7.csv,55,6955.799801826477,54,0.9818181818181818,0,0,0,0,24,0,0,0,0,0,0.0,1,0,0,0.0,0.7930752453653217,0.0,0.7277917680361413,0.042566303912371345,0.38235849258027327,0.00938098094406725,0.029937801695280764
37,25_10_5_10_5_2,25_10_5_10_5_2_StartGoalLocations_Seed2.csv,25,2965.6999234855175,25,1.0,0,1,0,0,25,1,1,1,1,1,1.0,0,0,0,0.0,0.7555809959931311,0.0,0.7246340457966786,0.03710910764643121,0.3640717344222874,0.007085257227388878,0.027828553771686474
38,50_20_5_10_5_2,50_20_5_10_5_2_StartGoalLocations_Seed1.csv,55,6348.699861139059,55,1.0,0,0,0,0,33,0,0,0,0,0,0.0,0,0,0,0.0021296014602981443,0.7672649832674171,0.0,0.721464565412246,0.03450204746923434,0.3679428002174525,0.007023625195841227,0.02849509154090329
39,25_10_5_10_5_2,25_10_5_10_5_2_StartGoalLocations_Seed7.csv,25,3177.299931615591,25,1.0,0,1,0,0,45,1,1,1,1,1,1.0,0,0,0,0.001447178002894356,0.7472262421611191,0.0,0.7200681841132617,0.03032842434582893,0.4363212777358113,0.008268013827261592,0.027878467082939666
40,50_20_5_10_5_2,50_20_5_10_5_2_StartGoalLocations_Seed6.csv,55,3765.8648007512093,54,0.9818181818181818,0,0,0,0,178,0,0,0,0,0,0.0,0,0,0,0.024462694391053644,0.7209505504106238,1.1500015258789062,0.7182843490288808,0.03259620195974257,0.4363394906027959,0.006099945285779121,0.026873299703322865
41,25_10_5_10_5_2,25_10_5_10_5_2_StartGoalLocations_Seed7.csv,25,1896.0999049022794,25,1.0,0,0,0,0,85,0,0,0,0,0,0.0,2,1,2,0.005229283990345938,0.6854384553499597,0.0,0.7277949890003929,0.033501773590730026,0.4571712447825489,0.0050941293681337155,0.02722225461304011
42,50_20_5_10_5_2,50_20_5_10_5_2_StartGoalLocations_Seed8.csv,25,1478.0999665260315,25,1.0,0,0,0,0,81,0,0,0,0,0,0.0,0,0,0,0.008492569002123142,0.7034677990092003,0.0,0.716078618916955,0.02589187605327825,0.4596943444583887,0.006703073451979495,0.024701943065551468
43,25_10_5_10_5_2,25_10_5_10_5_2_StartGoalLocations_Seed7.csv,25,2107.099945306778,25,1.0,0,0,0,0,75,0,0,0,0,0,0.0,1,1,0,0.008573388203017833,0.6728395061728395,0.0,0.7377267640872593,0.02365349470864515,0.4635925671887876,0.00652084923027081,0.025785189299771128
44,50_20_5_10_5_2,50_20_5_10_5_2_StartGoalLocations_Seed9.csv,55,3971.5619646012783,54,0.9818181818181818,0,10,0,0,201,10,8,10,10,10,1.0,3,3,2,0.013211249182472204,0.6822759973839111,0.18469810485839844,0.7281730689299413,0.03593891518809333,0.507841471549219,0.007336342820046108,0.025436329685348587
45,50_20_5_10_5_2,50_20_5_10_5_2_StartGoalLocations_Seed6.csv,55,608.6152874827385,52,0.9454545454545454,1,7,1,1,236,7,7,7,7,7,1.0,0,0,0,0.05962281832025302,0.6256296122759751,7.473329544067383,0.7505588000401472,0.03904734161757612,0.5689583676270186,0.007757246468069449,0.022608489931698363
46,25_10_5_10_5_2,25_10_5_10_5_2_StartGoalLocations_Seed5.csv,25,1506.929930575192,25,1.0,0,6,0,0,94,6,4,6,6,6,1.0,1,1,1,0.005036630036630037,0.6465201465201466,0.0,0.7609270366967893,0.03010778044428626,0.5896256876488527,0.009244613815749914,0.02647505105690714
47,25_10_5_10_5_2,25_10_5_10_5_2_StartGoalLocations_Seed7.csv,25,200.69993624091148,25,1.0,0,0,0,0,80,0,0,0,0,0,0.0,0,0,0,0.007293946024799417,0.6389496717724289,0.0,0.7690025926740082,0.025634241730905935,0.638029373595836,0.008154948566411972,0.027098156075226143
48,50_20_5_10_5_2,50_20_5_10_5_2_StartGoalLocations_Seed6.csv,25,201.6999389231205,25,1.0,0,0,0,0,111,0,0,0,0,0,0.0,0,0,0,0.0,0.6320834508034959,0.0,0.7683844944280028,0.02888736487644903,0.5891347766533636,0.011064412954760381,0.021269137756910018
49,25_10_5_10_5_2,25_10_5_10_5_2_StartGoalLocations_Seed7.csv,25,507.09997791051865,24,0.96,0,3,0,0,86,3,3,3,3,3,1.0,1,0,0,0.0,0.6124189696349369,0.0,0.7631073065102101,0.028116445578113294,0.6485066139139235,0.009045309691161189,0.02352894106322007
50,50_20_5_10_5_2,50_20_5_10_5_2_StartGoalLocations_Seed7.csv,25,-2334.8001317977905,25,1.0,0,0,0,0,261,0,0,0,0,0,0.0,5,5,4,0.0031067251461988302,0.5827850877192983,0.0,0.778838682413837,0.03308212609423814,0.6783977175177431,0.00949349669247253,0.025291610457551777
51,25_10_5_10_5_2,25_10_5_10_5_2_StartGoalLocations_Seed7.csv,25,-1736.4524087905884,25,1.0,0,15,0,0,189,15,10,15,15,15,1.0,3,3,2,0.005075022065313328,0.5778905560458959,0.0,0.7810673940919355,0.027451257626029665,0.7340013853863566,0.010756301128650536,0.023236260310344273
52,50_20_5_10_5_2,50_20_5_10_5_2_StartGoalLocations_Seed0.csv,55,1755.3826225996017,55,1.0,0,8,0,0,61,8,7,8,8,8,1.0,0,0,0,0.010807234230260256,0.5613145125716806,0.0,0.7950116586990845,0.02328281915225279,0.8152131038025404,0.011842659685924399,0.021530164171753522
53,25_10_5_10_5_2,25_10_5_10_5_2_StartGoalLocations_Seed2.csv,25,-1434.9001142978668,25,1.0,0,0,0,0,106,0,0,0,0,0,0.0,0,0,0,0.008043665613329504,0.5443837977592646,0.0,0.782273556116416,0.027914364756877422,0.8102542547785284,0.011863020629744434,0.024170979232431705
54,50_20_5_10_5_2,50_20_5_10_5_2_StartGoalLocations_Seed5.csv,55,-734.0825533270836,53,0.9636363636363636,0,22,0,0,318,22,22,22,22,22,1.0,1,0,0,0.028016224884444864,0.5306103197811527,6.349998474121094,0.7854586835090931,0.018545865220300748,0.8807129989258754,0.010486405955472178,0.01744633943670077
55,25_10_5_10_5_2,25_10_5_10_5_2_StartGoalLocations_Seed0.csv,25,642.2847982645035,25,1.0,0,8,0,0,66,8,7,8,8,8,1.0,0,0,0,0.028183190739808756,0.49924509310518367,0.0,0.8094384074211121,0.02435263160971147,0.9427143012990757,0.007768372623059514,0.018271761997262347
56,25_10_5_10_5_2,25_10_5_10_5_2_StartGoalLocations_Seed9.csv,25,-3575.2000247240067,24,0.96,0,0,0,0,135,0,0,0,0,0,0.0,1,0,0,0.01010611419909045,0.5101061141990905,0.0,0.7973377343187941,0.017295001890933564,0.9291448629599937,0.009117795110003189,0.019076371155220994
57,50_20_5_10_5_2,50_20_5_10_5_2_StartGoalLocations_Seed2.csv,55,-8043.17827372998,55,1.0,0,10,0,0,259,10,10,10,10,10,1.0,3,3,2,0.01676727028839705,0.49861071189038997,0.0,0.8048523957647423,0.019066908943911453,1.0057928027285374,0.008781287523068757,0.016061479131548848
58,50_20_5_10_5_2,50_20_5_10_5_2_StartGoalLocations_Seed1.csv,55,-7797.34865707159,55,1.0,0,5,0,0,218,5,4,5,5,5,1.0,1,1,1,0.029644268774703556,0.47419850680720244,0.0,0.8107152274276457,0.015277151585859171,1.0515375954982562,0.009093445272727561,0.013246502470403947
59,50_20_5_10_5_2,50_20_5_10_5_2_StartGoalLocations_Seed1.csv,55,-10235.900136075914,55,1.0,0,3,0,0,282,3,3,3,3,3,1.0,1,1,1,0.024782520736394902,0.4630791017600647,0.0,0.8097065993395868,0.01446326901531052,1.093363518055362,0.008328536019689636,0.013776555055557572
60,25_10_5_10_5_2,25_10_5_10_5_2_StartGoalLocations_Seed1.csv,55,-5645.173213541508,54,0.9818181818181818,0,11,0,0,175,11,5,11,11,11,1.0,2,1,0,0.038869257950530034,0.45031802120141345,0.0,0.8203409591308829,0.012347213024188649,1.1313932335176389,0.00997467587483504,0.012416677288362151
61,50_20_5_10_5_2,50_20_5_10_5_2_StartGoalLocations_Seed0.csv,25,-3920.0354067385197,24,0.96,0,9,0,0,406,9,9,9,9,9,1.0,4,0,4,0.03994190268700073,0.4352457032195594,5.0,0.8207973051529664,0.010015108014778935,1.1769261411749399,0.009001131645528368,0.010267066933468016
62,25_10_5_10_5_2,25_10_5_10_5_2_StartGoalLocations_Seed8.csv,55,-4502.2130408883095,55,1.0,0,30,0,0,305,30,25,30,30,30,1.0,1,1,1,0.0635182511858115,0.42369560734171996,0.0,0.8331247454931756,0.01077876600104618,1.2705959108196387,0.009559766545442303,0.008873218911719027
63,50_20_5_10_5_2,50_20_5_10_5_2_StartGoalLocations_Seed9.csv,25,-16456.69999396801,24,0.96,0,0,0,0,448,0,0,0,0,0,0.0,3,3,2,0.057771381578947366,0.42218338815789475,4.0,0.8469956107628651,0.00960473584009378,1.3281376598355097,0.009082213433688278,0.00783950762813616
64,50_20_5_10_5_2,50_20_5_10_5_2_StartGoalLocations_Seed5.csv,55,-25290.9609721601,52,0.9454545454545454,0,3,0,0,456,3,3,3,3,3,1.0,5,5,4,0.0606467194418355,0.4154031933449618,15.833333333333334,0.8470003484915465,0.010506459521454813,1.442762425618294,0.010548357518804645,0.006933994204332404
65,25_10_5_10_5_2,25_10_5_10_5_2_StartGoalLocations_Seed9.csv,55,-1474.2500189840794,55,1.0,0,43,0,0,166,43,34,43,43,43,1.0,1,1,1,0.09029842528355908,0.3860808281026319,0.0,0.8487364339297196,0.006495997846712241,1.4609375816865884,0.012513719497276986,0.010362297537481876
66,25_10_5_10_5_2,25_10_5_10_5_2_StartGoalLocations_Seed2.csv,25,-6100.390044391155,25,1.0,0,6,0,0,201,6,6,6,6,6,1.0,0,0,0,0.09520594193112762,0.3751969390051767,0.0,0.8520731318064712,0.010161869527440682,1.520314715125344,0.01415471008322749,0.010128017165863474
67,50_20_5_10_5_2,50_20_5_10_5_2_StartGoalLocations_Seed5.csv,55,-21341.14192017913,54,0.9818181818181818,0,7,0,0,468,7,7,7,7,7,1.0,2,2,1,0.08698136113689924,0.38827394129829323,33.5,0.8444079318871864,0.00446592828563716,1.5220055169784106,0.011937594044451171,0.007856754215395202
68,50_20_5_10_5_2,50_20_5_10_5_2_StartGoalLocations_Seed0.csv,25,-7393.6999511271715,25,1.0,0,1,0,0,382,1,1,1,1,1,1.0,3,3,3,0.09654115586690018,0.3671190893169877,0.0,0.8479500247215584,0.002744977102201957,1.577232198127638,0.011045440334248563,0.008303471879596734
69,25_10_5_10_5_2,25_10_5_10_5_2_StartGoalLocations_Seed9.csv,25,-8651.300063073635,25,1.0,0,0,0,0,269,0,0,0,0,0,0.0,0,0,0,0.10128126906650396,0.3701443969900346,0.0,0.8453866725118415,0.0012696458246294958,1.6034858228222837,0.009772489895719879,0.007787460647886318
70,50_20_5_10_5_2,50_20_5_10_5_2_StartGoalLocations_Seed8.csv,55,-24418.617285728455,54,0.9818181818181818,0,16,0,0,461,16,15,16,16,16,1.0,5,5,2,0.112387551665451,0.3648188670070508,5.0,0.8639300057521233,0.0012164843597299926,1.6699097069410178,0.010436451410711738,0.008619683951553433
71,50_20_5_10_5_2,50_20_5_10_5_2_StartGoalLocations_Seed7.csv,25,-11718.910942673683,25,1.0,0,9,0,0,332,9,8,9,9,9,1.0,1,1,1,0.10743452548577866,0.3711630526612222,0.0,0.8665527200385732,0.0013937819258399288,1.6983894554803787,0.009980032836970926,0.008627599007859846
72,25_10_5_10_5_2,25_10_5_10_5_2_StartGoalLocations_Seed2.csv,55,-8785.966465353966,55,1.0,0,28,0,0,357,28,24,28,28,28,1.0,3,3,2,0.11174164259182831,0.3509079653322328,0.0,0.8700906746599772,0.0022832925474550354,1.7053742741477,0.009594667788405007,0.007552280671003769
73,50_20_5_10_5_2,50_20_5_10_5_2_StartGoalLocations_Seed5.csv,55,-20447.819510631263,54,0.9818181818181818,0,26,0,0,452,26,26,26,26,26,1.0,1,1,1,0.11697992991398534,0.3524052245938197,9.5,0.8851026818538323,0.0012181471441414405,1.7268587638170292,0.009841332183533816,0.007495940443298493
74,50_20_5_10_5_2,50_20_5_10_5_2_StartGoalLocations_Seed1.csv,25,-9918.100108593702,25,1.0,0,0,0,0,361,0,0,0,0,0,0.0,2,2,2,0.13023094287202638,0.34988713318284426,0.0,0.8947029271176163,0.0008328946162813556,1.7548647969961166,0.009924228467359882,0.00802829676453718
75,50_20_5_10_5_2,50_20_5_10_5_2_StartGoalLocations_Seed5.csv,55,-21944.549061119556,55,1.0,0,21,0,0,461,21,19,21,21,21,1.0,0,0,0,0.1331096995218043,0.34458639640282634,0.0,0.8968036982375132,0.0008723390261071523,1.7392604418203865,0.010206424282089333,0.007208658380459639
76,50_20_5_10_5_2,50_20_5_10_5_2_StartGoalLocations_Seed7.csv,25,-15980.19995483756,23,0.92,0,0,0,0,493,0,0,0,0,0,0.0,3,2,1,0.11634036144578314,0.35542168674698793,12.0,0.9097019557769482,0.0007070569400213618,1.7429002213172424,0.009595066387004327,0.00528890064394592
77,25_10_5_10_5_2,25_10_5_10_5_2_StartGoalLocations_Seed5.csv,55,-5210.735634356737,53,0.9636363636363636,1,175,0,1,315,174,76,175,175,174,1.0,1,1,1,0.15254686947293952,0.35028298549699327,11.25,0.9237148455320261,0.0016746082146768552,1.7517283144669655,0.00993444505051731,0.006244052987255763
78,25_10_5_10_5_2,25_10_5_10_5_2_StartGoalLocations_Seed1.csv,55,-10213.169962972403,54,0.9818181818181818,0,11,0,0,501,11,11,11,11,11,1.0,3,2,3,0.11860036832412522,0.3501534683855126,14.5,0.9460492621629666,0.0014329714851934719,1.7465311093208118,0.009323460718987975,0.008276258741131106
79,25_10_5_10_5_2,25_10_5_10_5_2_StartGoalLocations_Seed3.csv,25,-11538.800060331821,24,0.96,0,0,0,0,509,0,0,0,0,0,0.0,5,4,4,0.10873229939312205,0.35738368172623064,3.5,0.9618398700004969,0.0008271342921197617,1.7802330079751136,0.011061908969329638,0.008805192755002841
80,50_20_5_10_5_2,50_20_5_10_5_2_StartGoalLocations_Seed1.csv,25,-11833.458889842033,24,0.96,0,6,0,0,471,6,6,6,6,6,1.0,2,2,1,0.11824132043255549,0.3527319294251565,30.5,0.9653392768823184,0.001108104925324719,1.7472404551811707,0.012330332297268307,0.009045955981190883
81,50_20_5_10_5_2,50_20_5_10_5_2_StartGoalLocations_Seed7.csv,55,-20390.890385210514,54,0.9818181818181818,0,4,0,0,465,4,4,4,4,4,1.0,2,2,1,0.1007059176930009,0.3687293481525984,11.0,0.9817030394688631,0.0008969907971323921,1.7415312627951305,0.013997323876508698,0.00911399482950704
82,50_20_5_10_5_2,50_20_5_10_5_2_StartGoalLocations_Seed5.csv,25,-14672.40002527833,24,0.96,0,1,0,0,475,1,1,1,1,1,1.0,2,2,2,0.10774898039731615,0.365083541639258,28.5,0.9913498484935516,0.0012684838745302001,1.7708426661980459,0.01466678033894919,0.009529502281939365
83,50_20_5_10_5_2,50_20_5_10_5_2_StartGoalLocations_Seed6.csv,25,-17867.49982598424,25,1.0,0,1,0,0,460,1,1,1,1,1,1.0,1,1,1,0.08070175438596491,0.39105829088851163,0.0,0.9909369312953152,0.0008932542747076435,1.7367239871729052,0.01780561119489225,0.01117805835783251
84,50_20_5_10_5_2,50_20_5_10_5_2_StartGoalLocations_Seed1.csv,25,-9093.600001603365,25,1.0,0,0,0,0,289,0,0,0,0,0,0.0,1,1,1,0.07924594170012218,0.3813929132483854,0.0,0.9976869677755156,0.0012002725768286249,1.750918110752848,0.019335644107096726,0.009840315593153343
85,50_20_5_10_5_2,50_20_5_10_5_2_StartGoalLocations_Seed1.csv,25,-9402.700004339218,25,1.0,0,0,0,0,358,0,0,0,0,0,0.0,3,3,3,0.06575477916941332,0.4050758075148319,0.0,0.9987772952905458,0.0010982748662903396,1.733637769756848,0.0182253268253567,0.010875425207577583
86,50_20_5_10_5_2,50_20_5_10_5_2_StartGoalLocations_Seed3.csv,55,-22180.050529956818,54,0.9818181818181818,0,9,0,0,446,9,8,9,9,9,1.0,3,3,3,0.08407980456026058,0.3990228013029316,8.349998474121094,1.0075548658768336,0.001106274506190484,1.7600045448694475,0.01889825245578975,0.010184910538326875
87,25_10_5_10_5_2,25_10_5_10_5_2_StartGoalLocations_Seed1.csv,25,-7754.6999753415585,25,1.0,0,0,0,0,378,0,0,0,0,0,0.0,3,2,3,0.05415936099746737,0.4208065458796026,0.0,1.0200869725607715,0.001257170140739178,1.7498387863542315,0.019723295765320413,0.009954062787947532
88,50_20_5_10_5_2,50_20_5_10_5_2_StartGoalLocations_Seed5.csv,55,-12844.32682660222,55,1.0,0,21,0,0,374,21,20,21,21,21,1.0,2,2,1,0.05883631620897036,0.4256213317875516,0.0,1.0321825703810514,0.0008843825470256205,1.7511109200358745,0.01721285473450945,0.00813823692986461
89,25_10_5_10_5_2,25_10_5_10_5_2_StartGoalLocations_Seed2.csv,55,-4134.768971443176,55,1.0,0,16,0,0,237,16,13,16,16,16,1.0,3,3,1,0.04903567376780537,0.43476616664565737,0.0,1.0431817375170958,0.0012717579065078496,1.7531729708811281,0.014899454601642482,0.009049174388677004
90,50_20_5_10_5_2,50_20_5_10_5_2_StartGoalLocations_Seed5.csv,55,-10585.858405023813,55,1.0,0,24,0,0,249,24,22,24,24,24,1.0,1,1,0,0.0365140818340545,0.4495559098155318,0.0,1.0578011687406723,0.0006852747220340702,1.776600144803524,0.014489983969586633,0.008673677389712045
91,50_20_5_10_5_2,50_20_5_10_5_2_StartGoalLocations_Seed8.csv,25,-10329.800132155418,23,0.92,0,0,0,0,391,0,0,0,0,0,0.0,2,1,1,0.02879050925925926,0.4693287037037037,12.0,1.0632212376747376,0.0008422266321441058,1.7873310029506684,0.013599610614859942,0.007854968548655542
92,25_10_5_10_5_2,25_10_5_10_5_2_StartGoalLocations_Seed5.csv,55,-2033.9751856923103,55,1.0,1,24,0,1,234,23,21,24,24,23,1.0,5,5,4,0.03453070683661645,0.46917728852838936,0.0,1.0786456310080375,0.0011630176765871825,1.8109092375757154,0.013478201458958661,0.008789971970945842
93,25_10_5_10_5_2,25_10_5_10_5_2_StartGoalLocations_Seed4.csv,25,-2203.5621152222157,25,1.0,0,6,0,0,120,6,6,6,6,6,1.0,1,1,1,0.023113338902812586,0.492620439988861,0.0,1.0801459504025324,0.001641675609817282,1.7998930769307273,0.013227850004670926,0.008583025677990009
94,50_20_5_10_5_2,50_20_5_10_5_2_StartGoalLocations_Seed7.csv,55,-7605.693129956722,54,0.9818181818181818,1,7,0,1,347,6,6,7,7,6,1.0,1,1,1,0.015391621129326048,0.48570127504553734,16.150001525878906,1.086098823715479,0.002481336289886899,1.862473072913977,0.014874550682272824,0.00853481042514688
95,25_10_5_10_5_2,25_10_5_10_5_2_StartGoalLocations_Seed1.csv,25,-1622.5000044107437,25,1.0,0,0,0,0,159,0,0,0,0,0,0.0,0,0,0,0.016831683168316833,0.5168316831683168,0.0,1.092987225890833,0.00231232119334901,1.8350336605546165,0.013408927286720856,0.009406331085070416
96,25_10_5_10_5_2,25_10_5_10_5_2_StartGoalLocations_Seed4.csv,25,-1857.2304716780782,25,1.0,0,8,0,0,260,8,7,8,8,8,1.0,4,3,4,0.02378616969102501,0.5063756743501716,0.0,1.0943819010827323,0.002068949656770089,1.8282385098242515,0.013746248560671349,0.010156717293778149
97,50_20_5_10_5_2,50_20_5_10_5_2_StartGoalLocations_Seed2.csv,55,-0.9185139834880829,55,1.0,0,19,0,0,140,19,18,19,19,19,1.0,0,0,0,0.009939393939393939,0.5410909090909091,0.0,1.1077215381381798,0.0015739099387414854,1.8242348806599369,0.01581068894324344,0.00895833872558279
98,50_20_5_10_5_2,50_20_5_10_5_2_StartGoalLocations_Seed8.csv,55,-1372.707266241312,55,1.0,0,10,0,0,189,10,8,10,10,10,1.0,1,1,0,0.009044477548414556,0.5592679293466695,0.0,1.11560562024699,0.001679292719787332,1.8650625132132268,0.012639631411345945,0.009582460028815106
99,25_10_5_10_5_2,25_10_5_10_5_2_StartGoalLocations_Seed8.csv,25,321.84970876574516,25,1.0,0,6,0,0,87,6,6,6,6,6,1.0,1,1,1,0.016839741790625876,0.5450463092899243,0.0,1.118769951792427,0.0016329987066562549,1.8278736906610566,0.014130630842018845,0.008552378794115361
100,50_20_5_10_5_2,50_20_5_10_5_2_StartGoalLocations_Seed4.csv,25,-453.8000311553478,25,1.0,0,7,0,0,161,7,6,7,7,7,1.0,2,2,2,0.006137658921525646,0.5822007891275757,0.0,1.1302859503192544,0.001425424106768302,1.8325822064672481,0.018896723499685724,0.008737690887932472
101,50_20_5_10_5_2,50_20_5_10_5_2_StartGoalLocations_Seed9.csv,55,-1778.9872936606407,54,0.9818181818181818,0,2,0,0,298,2,2,2,2,2,1.0,2,2,2,0.018432104526364908,0.5997433504433037,47.849998474121094,1.1378434455547577,0.0019869701447707763,1.8423013705473679,0.02030033624634528,0.008184144502737557
102,25_10_5_10_5_2,25_10_5_10_5_2_StartGoalLocations_Seed2.csv,25,899.0999844372272,25,1.0,0,1,0,0,74,1,1,1,1,1,1.0,0,0,0,0.002131287297527707,0.6138107416879796,0.0,1.149132792637727,0.0008070156481829136,1.8220531433542198,0.019313941475398236,0.008323715756504898
103,50_20_5_10_5_2,50_20_5_10_5_2_StartGoalLocations_Seed1.csv,55,1558.3996924236417,54,0.9818181818181818,0,2,0,0,89,2,2,2,2,2,1.0,2,1,1,0.005760826380611839,0.6321017083829956,0.0,1.1539075374603271,0.0009008294854127341,1.8103054277135129,0.017898781017958217,0.00846610891603179
104,50_20_5_10_5_2,50_20_5_10_5_2_StartGoalLocations_Seed6.csv,55,1297.024440728128,55,1.0,0,0,0,0,204,0,0,0,0,0,0.0,5,3,5,0.0064954682779456195,0.6475912856704511,0.0,1.159730776839369,0.001198595482594645,1.7696102793761126,0.022853593988142754,0.006897474787610273
105,50_20_5_10_5_2,50_20_5_10_5_2_StartGoalLocations_Seed2.csv,25,1747.8698781356215,25,1.0,0,1,0,0,150,1,1,1,1,1,1.0,5,4,5,0.003155569580309246,0.652887346165983,0.0,1.1661883397145314,0.0012336416883118619,1.786848440041413,0.027974147561246093,0.00666038034557566
106,25_10_5_10_5_2,25_10_5_10_5_2_StartGoalLocations_Seed5.csv,55,8831.601814240217,54,0.9818181818181818,0,22,0,0,44,22,21,22,22,22,1.0,3,2,1,0.0175715695952616,0.6227048371174728,0.0,1.1699045230815937,0.0007504388644937421,1.8102111186816063,0.026078634979199565,0.006417172097098168
107,25_10_5_10_5_2,25_10_5_10_5_2_StartGoalLocations_Seed6.csv,55,4945.580364048481,55,1.0,0,7,0,0,43,7,6,7,7,7,1.0,0,0,0,0.010812169977369876,0.6316318833291426,0.0,1.1938543980028116,0.0012014182727162002,1.8335016404881197,0.027309449389612578,0.004889493592519798
108,50_20_5_10_5_2,50_20_5_10_5_2_StartGoalLocations_Seed2.csv,25,1871.4999310672283,25,1.0,0,0,0,0,74,0,0,0,0,0,0.0,1,1,0,0.0,0.7342629482071713,0.0,1.1973007202148438,0.0012151500869689558,1.8253369748592376,0.02882885933754551,0.004978762860386828
109,50_20_5_10_5_2,50_20_5_10_5_2_StartGoalLocations_Seed9.csv,25,2669.400009930134,25,1.0,0,0,0,0,74,0,0,0,0,0,0.0,1,1,1,0.0,0.7274701411509229,0.0,1.2047519312027566,0.0022183888606759515,1.811858882474746,0.030177805091727843,0.0058891773951589696
110,50_20_5_10_5_2,50_20_5_10_5_2_StartGoalLocations_Seed0.csv,55,5274.184106081724,53,0.9636363636363636,1,21,1,1,157,21,13,21,21,21,1.0,1,0,0,0.14689416155691815,0.6768861636896828,4.0,1.2203396865954765,0.0013686251751970793,1.8134857411567982,0.02679775241004056,0.00522548635238262
111,50_20_5_10_5_2,50_20_5_10_5_2_StartGoalLocations_Seed0.csv,25,2747.2999329566956,25,1.0,0,0,0,0,18,0,0,0,0,0,0.0,0,0,0,0.005029337803855826,0.7535624476110645,0.0,1.2316657382508982,0.000837796045368083,1.8830258988815805,0.032237495127407347,0.004886460847224636
112,25_10_5_10_5_2,25_10_5_10_5_2_StartGoalLocations_Seed1.csv,55,6256.478583931923,55,1.0,0,4,0,0,22,4,4,4,4,4,1.0,0,0,0,0.004303599374021909,0.7222222222222222,0.0,1.228848134649211,0.0011790635637994298,1.7901990711688995,0.02433130209516909,0.004904912615890273
113,25_10_5_10_5_2,25_10_5_10_5_2_StartGoalLocations_Seed7.csv,55,5831.833054810762,54,0.9818181818181818,1,4,1,1,160,4,4,4,4,4,1.0,1,1,1,0.11923826011685783,0.7286301666305994,28.695000171661377,1.2454039246608049,0.0014329652348223111,1.8141702283651402,0.028546537973578524,0.005082676439521422
114,25_10_5_10_5_2,25_10_5_10_5_2_StartGoalLocations_Seed9.csv,55,5371.815370321274,53,0.9636363636363636,0,5,0,0,147,5,5,5,5,5,1.0,1,0,0,0.01880722593417471,0.6928977975748577,5.23594856262207,1.2633040367028652,0.0024862862923205635,1.7825101737792675,0.02849966531032642,0.005210045115881001
115,25_10_5_10_5_2,25_10_5_10_5_2_StartGoalLocations_Seed2.csv,55,8046.769701093435,55,1.0,1,11,0,1,27,10,9,11,11,10,1.0,1,1,1,0.016268980477223426,0.678416485900217,0.0,1.2988049228592675,0.0037547324125463805,1.8049883033969614,0.030696605816551214,0.006267967462629866
116,50_20_5_10_5_2,50_20_5_10_5_2_StartGoalLocations_Seed8.csv,25,3949.3101884126663,25,1.0,0,4,0,0,30,4,4,4,4,4,1.0,1,1,1,0.0,0.8,0.0,1.2968956582325022,0.00221883415768098,1.8129275822147881,0.028091072702036587,0.005591128908095344
117,25_10_5_10_5_2,25_10_5_10_5_2_StartGoalLocations_Seed7.csv,55,7505.702653050423,55,1.0,0,6,0,0,16,6,4,6,6,6,1.0,0,0,0,0.0036900369003690036,0.7788816349701958,0.0,1.2995535569531578,0.0022617416372278445,1.8318362312657492,0.027754660777834162,0.00616299157533961
118,25_10_5_10_5_2,25_10_5_10_5_2_StartGoalLocations_Seed5.csv,55,4915.902741968632,52,0.9454545454545454,2,39,1,2,87,38,25,39,39,38,1.0,1,1,1,0.11504249851749358,0.5827238584700534,10.166667143503824,1.3238876102826533,0.004267876303224628,1.7750033444319016,0.030884351989315734,0.005976077613759583
119,25_10_5_10_5_2,25_10_5_10_5_2_StartGoalLocations_Seed7.csv,25,3590.3751730695367,25,1.0,0,1,0,0,29,1,1,1,1,1,1.0,2,2,2,0.0019455252918287938,0.8093385214007782,0.0,1.3377024601345602,0.0050729088545326505,1.7311357177703486,0.031170029854096767,0.00850048268795709
120,25_10_5_10_5_2,25_10_5_10_5_2_StartGoalLocations_Seed3.csv,25,3554.320274055004,25,1.0,0,2,0,0,14,2,2,2,2,2,1.0,0,0,0,0.0,0.8411764705882353,0.0,1.3271594832340876,0.003907726837557372,1.7308346529801686,0.0331477458723081,0.00768123504324952
121,50_20_5_10_5_2,50_20_5_10_5_2_StartGoalLocations_Seed1.csv,55,7671.282864749432,55,1.0,0,1,0,0,18,1,1,1,1,1,1.0,0,0,0,0.00035842293906810036,0.8573476702508961,0.0,1.3521061951623243,0.002543009804499514,1.7515777033918045,0.02892192616921233,0.0068165125733631775
122,50_20_5_10_5_2,50_20_5_10_5_2_StartGoalLocations_Seed1.csv,55,6798.609456315637,53,0.9636363636363636,3,17,3,3,65,17,13,17,17,17,1.0,3,1,3,0.12800380680466333,0.7456578634308827,3.75,1.3563576796115973,0.005452957915729665,1.7303966042322991,0.031800909401070575,0.007913327053038535
123,50_20_5_10_5_2,50_20_5_10_5_2_StartGoalLocations_Seed1.csv,25,3667.499976873398,25,1.0,0,0,0,0,12,0,0,0,0,0,0.0,0,0,0,0.0020134228187919465,0.8322147651006712,0.0,1.3580727696418762,0.007023082363593858,1.675700455904007,0.030146527676915866,0.008127891943149734
124,25_10_5_10_5_2,25_10_5_10_5_2_StartGoalLocations_Seed7.csv,25,3980.8368590176105,25,1.0,0,1,0,0,29,1,1,1,1,1,1.0,3,2,2,0.0036079374624173183,0.8298256163559832,0.0,1.3824060811691012,0.005651578907405351,1.659078474570848,0.03313036856906562,0.009295258345879909
125,50_20_5_10_5_2,50_20_5_10_5_2_StartGoalLocations_Seed7.csv,25,4250.699934601784,25,1.0,0,0,0,0,17,0,0,0,0,0,0.0,0,0,0,0.0,0.8965021562050791,0.0,1.3921760222683215,0.00674200830797243,1.640438628115066,0.02958625934327644,0.012935054334588605
126,50_20_5_10_5_2,50_20_5_10_5_2_StartGoalLocations_Seed5.csv,25,5188.399970717728,25,1.0,0,0,0,0,17,0,0,0,0,0,0.0,2,1,2,0.00398406374501992,0.8950863213811421,0.0,1.3655863450396628,0.006307274711768211,1.6172380621234577,0.03134589485127782,0.009743656138631368
127,25_10_5_10_5_2,25_10_5_10_5_2_StartGoalLocations_Seed0.csv,55,6933.270716995001,54,0.9818181818181818,0,2,0,0,13,2,2,2,2,2,1.0,1,0,0,0.004665629860031105,0.8087091757387247,0.0,1.373482692050424,0.007404224179111755,1.6270117549335255,0.03140268530725423,0.011297951712189641
128,50_20_5_10_5_2,50_20_5_10_5_2_StartGoalLocations_Seed0.csv,25,3564.2999458909035,24,0.96,0,1,0,0,12,1,1,1,1,1,1.0,2,1,0,0.0110803324099723,0.8199445983379502,0.0,1.382942991322636,0.006616896765127141,1.5848652605087525,0.03249461675352607,0.011438517094147713
129,50_20_5_10_5_2,50_20_5_10_5_2_StartGoalLocations_Seed9.csv,25,4768.199966154993,25,1.0,0,0,0,0,16,0,0,0,0,0,0.0,1,1,1,0.0,0.8958228485153498,0.0,1.3877660398299878,0.005756417587155318,1.519313718034671,0.03570569750125007,0.012030777018494868
130,25_10_5_10_5_2,25_10_5_10_5_2_StartGoalLocations_Seed3.csv,25,3756.6999645233154,25,1.0,0,0,0,0,1,0,0,0,0,0,0.0,0,0,0,0.0,0.9356223175965666,0.0,1.3920264848291057,0.0017881230767870127,1.487621050174922,0.03211607339980132,0.008564385412458637
131,25_10_5_10_5_2,25_10_5_10_5_2_StartGoalLocations_Seed5.csv,55,7040.417870283127,54,0.9818181818181818,0,2,0,0,15,2,1,2,2,2,1.0,2,1,1,0.001139384732244588,0.8439042916824915,0.0,1.3860312368451935,0.005175257765473624,1.5009195466631466,0.04043510096159208,0.010922262015885711
132,25_10_5_10_5_2,25_10_5_10_5_2_StartGoalLocations_Seed2.csv,25,3629.499958962202,25,1.0,0,0,0,0,10,0,0,0,0,0,0.0,0,0,0,0.0038910505836575876,0.8521400778210116,0.0,1.3829185864156928,0.00439837846061884,1.473225536917852,0.03584219052741104,0.009850171511542544
133,25_10_5_10_5_2,25_10_5_10_5_2_StartGoalLocations_Seed5.csv,55,7086.815870165825,55,1.0,1,4,1,1,1,4,3,4,4,4,1.0,1,1,1,0.020167427701674276,0.8120243531202436,0.0,1.3957309973467686,0.005800097417652683,1.468752742952602,0.03920942748330272,0.009927760150467467
134,25_10_5_10_5_2,25_10_5_10_5_2_StartGoalLocations_Seed3.csv,25,3295.9167893975973,23,0.92,0,1,0,0,36,1,1,1,1,1,1.0,1,1,0,0.027221366204417053,0.844889573703133,7.382663726806641,1.404513363349132,0.007052014084060013,1.4071707251744392,0.03023293515054833,0.010104512364192395
135,50_20_5_10_5_2,50_20_5_10_5_2_StartGoalLocations_Seed4.csv,55,9515.233292937279,54,0.9818181818181818,2,4,2,2,27,4,3,4,4,4,1.0,0,0,0,0.10830945558739255,0.8739255014326648,13.0,1.4178516971759307,0.006552109406414111,1.3434768771513914,0.02917218596326865,0.011073572733006678
136,50_20_5_10_5_2,50_20_5_10_5_2_StartGoalLocations_Seed9.csv,25,6619.750060454011,25,1.0,0,1,0,0,8,1,1,1,1,1,1.0,5,4,3,0.0,0.9318416523235801,0.0,1.411604713404543,0.00618859993063259,1.3200043726175632,0.026916840640912466,0.012485385035529659
137,25_10_5_10_5_2,25_10_5_10_5_2_StartGoalLocations_Seed2.csv,55,6843.484874427319,54,0.9818181818181818,1,4,1,1,20,4,2,4,4,4,1.0,4,4,4,0.16585240421702238,0.7863203908459758,29.30500030517578,1.445739342004825,0.007322611743560022,1.258891172057543,0.027153883201446242,0.012180442161983452
138,25_10_5_10_5_2,25_10_5_10_5_2_StartGoalLocations_Seed3.csv,25,4110.099959939718,25,1.0,0,0,0,0,2,0,0,0,0,0,0.0,0,0,0,0.0008058017727639,0.9121676067687349,0.0,1.4564411399657267,0.005464177188131495,1.141272027764404,0.027939523950631713,0.01624661668922687
139,25_10_5_10_5_2,25_10_5_10_5_2_StartGoalLocations_Seed2.csv,25,3573.8999593257904,25,1.0,0,0,0,0,6,0,0,0,0,0,0.0,0,0,0,0.014625228519195612,0.8720292504570384,0.0,1.4581947360398635,0.00750480784276044,1.1835564923173976,0.025292475454611947,0.017248786321977364
140,50_20_5_10_5_2,50_20_5_10_5_2_StartGoalLocations_Seed0.csv,55,7201.3686837852,54,0.9818181818181818,1,1,1,1,2,1,1,1,1,1,1.0,1,0,0,0.007984969469234382,0.8464067637388445,0.0,1.4605420668919882,0.012801763417831223,1.1361462822982242,0.025056379035300953,0.011934712793057163
141,25_10_5_10_5_2,25_10_5_10_5_2_StartGoalLocations_Seed1.csv,55,7624.399797916412,55,1.0,0,1,0,0,0,1,1,1,1,1,1.0,0,0,0,0.001087547580206634,0.8667754214246873,0.0,1.4698071967987787,0.013192528780287137,1.1113282425062998,0.023049621947402125,0.013595473836176097
142,25_10_5_10_5_2,25_10_5_10_5_2_StartGoalLocations_Seed4.csv,55,7137.12378410995,54,0.9818181818181818,0,2,0,0,10,2,2,2,2,2,1.0,2,1,2,0.025897586815773983,0.6512654502648617,14.0,1.4877856249992665,0.009481768386747438,1.1089395523071288,0.023596218626409655,0.014055638884728511
143,25_10_5_10_5_2,25_10_5_10_5_2_StartGoalLocations_Seed4.csv,55,5006.422884017229,50,0.9090909090909091,2,2,2,2,10,2,1,2,2,2,1.0,0,0,0,0.09037261844545608,0.7937953127634463,3.174852752685547,1.5346842483068124,0.01340462089545513,1.038375302308645,0.022179547108224795,0.01563706128366996
144,25_10_5_10_5_2,25_10_5_10_5_2_StartGoalLocations_Seed7.csv,25,3821.5570735931396,23,0.92,2,5,1,2,5,4,1,5,5,4,1.0,1,0,0,0.2252707581227437,0.8267148014440433,2.241400718688965,1.510925022761027,0.019423813118275856,0.986137872055555,0.021872181072507,0.022999890549078535
145,25_10_5_10_5_2,25_10_5_10_5_2_StartGoalLocations_Seed6.csv,55,3606.1474610567093,50,0.9090909090909091,10,0,10,10,10,0,0,0,0,0,0.0,4,3,3,0.14931437277805992,0.5762516784960675,11.904611468315125,1.5453366018258607,0.023620874756418813,0.936273631071433,0.02018312972182008,0.024091282269457736
146,50_20_5_10_5_2,50_20_5_10_5_2_StartGoalLocations_Seed7.csv,55,9177.726157903671,55,1.0,0,1,0,0,4,1,1,1,1,1,1.0,0,0,0,0.0003489183531053733,0.9361479413817166,0.0,1.5515305995941162,0.027705064643713005,0.8823702312018498,0.01729257000953517,0.02669295551204852
147,50_20_5_10_5_2,50_20_5_10_5_2_StartGoalLocations_Seed7.csv,55,9933.299956530333,55,1.0,0,0,0,0,3,0,0,0,0,0,0.0,1,1,1,0.0003270111183780249,0.94865925441465,0.0,1.5381786477352892,0.02575623266407742,0.9051325717674834,0.020188979788323586,0.029199751669304014
148,25_10_5_10_5_2,25_10_5_10_5_2_StartGoalLocations_Seed4.csv,25,3573.216163188219,24,0.96,0,0,0,0,2,0,0,0,0,0,0.0,2,1,1,0.007862759113652609,0.8791994281629736,0.0,1.5515388565904953,0.030753134677241393,0.8318871017764596,0.015661187261444224,0.02769078014363699
149,25_10_5_10_5_2,25_10_5_10_5_2_StartGoalLocations_Seed6.csv,55,6462.3218757510185,54,0.9818181818181818,5,2,5,5,1,2,1,2,2,2,1.0,1,0,0,0.044976423648893725,0.7928908233587233,0.0,1.583539029403969,0.020889638006230126,0.8905812656437909,0.014649270917342855,0.028496233921463568
150,50_20_5_10_5_2,50_20_5_10_5_2_StartGoalLocations_Seed2.csv,55,9646.199934244156,55,1.0,0,1,0,0,1,1,1,1,1,1,1.0,1,1,1,0.0013481631277384564,0.9211324570273003,0.0,1.5990693785927512,0.03646696154034792,0.7970329311422326,0.01633513740021251,0.031776683375937864
