failures_injected,orders_orphaned,orders_recovered,recovered_via_handover,rescuer_deaths,orders_lost,recovery_rate,retired_recalled,mean_recovery_hops,stale_orphans,distance_travelled,collision_rate,brake_duty_cycle,mean_peer_gap,num_agents,success,completed,completion_rate,makespan,sum_of_costs,agents_costed,soc_lower_bound,suboptimality,collisions,steps_run,runtime_s,decision_ms_per_step,mean_integrity,proximity_margin,integrity_auc,steps_incoherent,mean_time_to_recoherence,max_time_to_recoherence,blast_radius,tier1_spatial,tier2_temporal,tier3_yield,max_pair_repeats,livelock_override_rate,gradient_agreement,mean_hops_remaining,algorithm,eval_epsilon,plan_time_s,replan_s,makespan_hops,soc_hops,map,seed,requested_agents,map_nodes,disturbed,protocol,agents_planned,replan_count
9,7,3,4.0,3,4,0.42857142857142855,3.0,60.0,2.0,725.0676305294037,0.00125,0.09152334152334152,6.766329886945519,25,0,22,0.88,312,1198,16,382.0,3.136,1,800,47.106,58.878,1.0,0.9831,786.5,0,0.0,0,0.0,7.0,0.0,3.0,0.0,0.0097,0.5713,4.67,FLOWRRA,0.011,0.0,0.0,156.0,599.0,25_5_2_5_2_1,0,25,1435,0,shared_pool,,
9,9,0,0.0,0,9,0.0,0.0,,0.0,141.5,0.0,0.0,7.586572438162544,25,0,16,0.64,20,166,16,382.0,0.435,0,20,1.19,59.497,1.0,1.0,20.0,0,0.0,0,0.0,0.0,0.0,0.0,0.0,0.0,1.0,5.5,RULES,0.0,0.0,0.0,20.0,166.0,25_5_2_5_2_1,0,25,1435,0,shared_pool,,
9,9,5,,4,4,0.5555555555555556,,26.0,,248.0,0.0,,,25,0,21,0.84,69,394,16,,,0,800,1.3206,1.7485,1.0,0.9944,,0,0.0,0,0.0,,,,,,,,RHCR-PIBT+naive,,0.016,1.3046,69.0,394.0,25_5_2_5_2_1,0,25,1435,0,shared_pool,25.0,84.0
9,7,4,4.0,3,3,0.5714285714285714,6.0,58.125,2.0,1369.7174071967602,0.00125,0.1584097859327217,6.384920676202949,40,0,36,0.9,800,2526,31,556.0,4.543,1,800,90.264,112.823,1.0,0.9256,740.5,0,0.0,0,0.0,8.0,0.0,4.0,0.0,0.0218,0.4555,5.3,FLOWRRA,0.011,0.0,0.0,400.0,1263.0,25_5_2_5_2_1,0,40,1435,0,shared_pool,,
9,9,9,9.0,0,0,1.0,9.0,18.61111111111111,0.0,301.20000076293945,0.0,0.020224719101123594,8.864168083105195,40,0,38,0.95,800,1914,31,556.0,3.442,0,800,52.589,65.726,1.0,0.9925,794.0,0,0.0,0,0.0,0.0,0.0,0.0,0.0,0.0,0.2796,6.44,RULES,0.0,0.0,0.0,800.0,1914.0,25_5_2_5_2_1,0,40,1435,0,shared_pool,,
9,9,7,,2,2,0.7777777777777778,,16.6,,303.0,0.0,,,40,0,38,0.95,43,525,31,,,0,800,2.2391,2.9816,1.0,0.9888,,0,0.0,0,0.0,,,,,,,,RHCR-PIBT+naive,,0.0271,2.212,43.0,525.0,25_5_2_5_2_1,0,40,1435,0,shared_pool,40.0,84.0
9,8,6,7.0,1,2,0.75,4.0,72.33333333333333,1.0,1698.9469892680645,0.0025,0.3059443190368698,4.524900510456439,60,0,57,0.95,800,5766,51,758.0,7.607,2,800,187.552,234.432,1.0,0.9256,740.5,0,0.0,0,0.0,125.0,79.0,151.0,0.0,0.0337,0.4792,5.38,FLOWRRA,0.011,0.0,0.0,400.0,2883.0,25_5_2_5_2_1,0,60,1435,0,shared_pool,,
9,9,7,7.0,0,2,0.7777777777777778,9.0,16.142857142857142,0.0,391.8410437107086,0.0,0.8311078140454995,2.1197472303612,60,0,56,0.9333333333333333,800,2262,51,758.0,2.984,0,800,92.149,115.179,1.0,0.5,400.0,0,0.0,0,0.0,0.0,0.0,0.0,0.0,0.0308,0.9926,3.9,RULES,0.0,0.0,0.0,800.0,2262.0,25_5_2_5_2_1,0,60,1435,0,shared_pool,,
9,9,6,,3,3,0.6666666666666666,,17.3,,420.0,0.0,,,60,0,57,0.95,51,747,51,,,0,800,3.1101,4.2189,1.0,0.985,,0,0.0,0,0.0,,,,,,,,RHCR-PIBT+naive,,0.038,3.072,51.0,747.0,25_5_2_5_2_1,0,60,1435,0,shared_pool,60.0,83.0
9,8,6,6.0,2,2,0.75,6.0,67.33333333333333,1.0,873.719805598259,0.0,0.05714285714285714,7.895780643334194,25,0,23,0.92,275,937,16,654.0,1.433,0,800,41.619,52.019,1.0,0.9825,786.0,0,0.0,0,0.0,4.0,0.0,0.0,0.0,0.0089,0.5969,8.56,FLOWRRA,0.011,0.0,0.0,137.5,468.5,25_5_2_5_2_1,3,25,1435,0,shared_pool,,
9,8,7,7.0,1,1,0.875,7.0,26.785714285714285,1.0,382.5,0.0,0.025252525252525252,8.627752526540949,25,0,24,0.96,62,344,16,654.0,0.526,0,800,23.262,29.073,1.0,0.9956,796.5,0,0.0,0,0.0,0.0,0.0,0.0,0.0,0.0,0.9798,9.06,RULES,0.0,0.0,0.0,62.0,344.0,25_5_2_5_2_1,3,25,1435,0,shared_pool,,
9,9,6,,3,3,0.6666666666666666,,31.3,,416.0,0.0,,,25,0,22,0.88,101,726,16,,,0,800,1.2629,1.7024,1.0,0.9919,,0,0.0,0,0.0,,,,,,,,RHCR-PIBT+naive,,0.0158,1.2471,101.0,726.0,25_5_2_5_2_1,3,25,1435,0,shared_pool,25.0,82.0
9,8,7,7.0,1,1,0.875,7.0,84.5,1.0,1340.351625084877,0.00125,0.1313423249839435,6.871639137170066,40,0,39,0.975,266,1704,31,754.0,2.26,1,800,77.461,96.82,1.0,0.9431,754.5,0,0.0,0,0.0,23.0,0.0,12.0,0.0,0.0177,0.5556,7.89,FLOWRRA,0.011,0.0,0.0,133.0,852.0,25_5_2_5_2_1,3,40,1435,0,shared_pool,,
9,9,9,9.0,0,0,1.0,8.0,23.11111111111111,0.0,429.28447991609573,0.0,0.04329774614472123,8.392060317673575,40,0,39,0.975,800,1286,31,754.0,1.706,0,800,40.832,51.029,1.0,0.9894,791.5,0,0.0,0,0.0,0.0,0.0,0.0,0.0,0.0,0.5249,7.27,RULES,0.0,0.0,0.0,800.0,1286.0,25_5_2_5_2_1,3,40,1435,0,shared_pool,,
9,9,7,,2,2,0.7777777777777778,,17.4,,446.0,0.0,,,40,0,38,0.95,71,775,31,,,0,800,2.2055,2.9676,1.0,0.9862,,0,0.0,0,0.0,,,,,,,,RHCR-PIBT+naive,,0.0272,2.1782,71.0,775.0,25_5_2_5_2_1,3,40,1435,0,shared_pool,40.0,83.0
9,9,7,7.0,2,2,0.7777777777777778,4.0,77.07142857142857,0.0,1987.7468296289444,0.00375,0.19902149222435786,5.876328594460576,60,0,57,0.95,800,4500,51,822.0,5.474,3,800,155.44,194.292,1.0,0.9163,733.0,0,0.0,0,0.0,47.0,16.0,30.0,0.0,0.0307,0.6521,8.57,FLOWRRA,0.011,0.0,0.0,400.0,2250.0,25_5_2_5_2_1,3,60,1435,0,shared_pool,,
9,9,7,8.0,0,2,0.7777777777777778,9.0,18.714285714285715,0.0,451.3899989128113,0.0,0.670016077170418,3.191850534493517,60,0,58,0.9666666666666667,42,672,51,822.0,0.818,0,800,69.9,87.366,1.0,0.5169,413.5,0,0.0,0,0.0,0.0,0.0,0.0,0.0,0.015,0.9936,4.74,RULES,0.0,0.0,0.0,42.0,672.0,25_5_2_5_2_1,3,60,1435,0,shared_pool,,
9,9,8,,1,1,0.8888888888888888,,16.5,,476.0,0.0,,,60,0,59,0.9833333333333333,51,843,51,,,0,800,3.3206,4.499,1.0,0.9831,,0,0.0,0,0.0,,,,,,,,RHCR-PIBT+naive,,0.0399,3.2807,51.0,843.0,25_5_2_5_2_1,3,60,1435,0,shared_pool,60.0,88.0
9,8,7,7.0,1,1,0.875,5.0,100.28571428571429,1.0,1031.099996805191,0.0,0.0625,7.307094411742124,25,0,24,0.96,279,1097,16,562.0,1.952,0,800,48.752,60.935,1.0,0.9806,784.5,0,0.0,0,0.0,12.0,0.0,2.0,0.0,0.0198,0.5332,9.78,FLOWRRA,0.011,0.0,0.0,139.5,548.5,25_5_2_5_2_1,4,25,1435,0,shared_pool,,
9,9,9,9.0,0,0,1.0,8.0,29.833333333333332,0.0,398.80000019073486,0.0,0.03357314148681055,7.933453237445806,25,1,25,1.0,119,323,16,562.0,0.575,0,119,5.498,46.2,1.0,0.9328,111.0,0,0.0,0,0.0,0.0,0.0,0.0,0.0,0.0,0.9772,10.8,RULES,0.0,0.0,0.0,119.0,323.0,25_5_2_5_2_1,4,25,1435,0,shared_pool,,
9,9,6,,3,3,0.6666666666666666,,26.3,,351.0,0.0,,,25,0,22,0.88,79,572,16,,,0,800,1.3414,1.7908,1.0,0.9925,,0,0.0,0,0.0,,,,,,,,RHCR-PIBT+naive,,0.0161,1.3253,79.0,572.0,25_5_2_5_2_1,4,25,1435,0,shared_pool,25.0,85.0
9,8,5,5.0,3,3,0.625,4.0,77.0,1.0,1330.7758804559708,0.00125,0.10113864701942397,6.555686997577838,40,0,37,0.925,343,2064,31,864.0,2.389,1,800,79.555,99.436,1.0,0.9563,765.0,0,0.0,0,0.0,7.0,0.0,1.0,0.0,0.0105,0.5862,8.57,FLOWRRA,0.011,0.0,0.0,171.5,1032.0,25_5_2_5_2_1,4,40,1435,0,shared_pool,,
9,9,9,9.0,0,0,1.0,7.0,30.38888888888889,0.0,508.9199984073639,0.0,0.10144927536231885,7.357208319359284,40,1,40,1.0,154,681,31,864.0,0.788,0,154,10.686,69.383,1.0,0.9123,140.5,0,0.0,0,0.0,0.0,0.0,0.0,0.0,0.0,0.9828,9.36,RULES,0.0,0.0,0.0,154.0,681.0,25_5_2_5_2_1,4,40,1435,0,shared_pool,,
9,9,6,,3,3,0.6666666666666666,,32.0,,537.0,0.0,,,40,0,37,0.925,85,917,31,,,0,800,2.1894,2.9723,1.0,0.9719,,0,0.0,0,0.0,,,,,,,,RHCR-PIBT+naive,,0.0273,2.162,85.0,917.0,25_5_2_5_2_1,4,40,1435,0,shared_pool,40.0,85.0
9,9,2,7.0,1,7,0.2222222222222222,3.0,80.75,0.0,3560.440041542053,0.02375,0.36076348248852075,4.267903892478833,60,0,48,0.8,800,8381,51,968.0,8.658,19,800,252.549,315.677,1.0,0.5837,467.0,0,0.0,0,0.0,102.0,4.0,77.0,3.0,0.0727,0.5232,9.58,FLOWRRA,0.011,0.0,0.0,400.0,4190.5,25_5_2_5_2_1,4,60,1435,0,shared_pool,,
9,9,9,9.0,0,0,1.0,9.0,20.833333333333332,0.0,533.1599999964237,0.0,0.15187713310580206,6.23233787360706,60,1,60,1.0,47,791,51,968.0,0.817,0,75,11.13,148.389,1.0,0.84,63.0,0,0.0,0,0.0,0.0,0.0,0.0,0.0,0.0,0.9829,7.2,RULES,0.0,0.0,0.0,47.0,791.0,25_5_2_5_2_1,4,60,1435,0,shared_pool,,
9,9,7,,2,2,0.7777777777777778,,10.9,,517.0,0.00125,,,60,0,58,0.9666666666666667,43,907,51,,,1,800,3.1414,4.2903,0.9988,0.9881,,1,1.0,1,2.0,,,,,,,,RHCR-PIBT+naive,,0.0381,3.1032,43.0,907.0,25_5_2_5_2_1,4,60,1435,0,shared_pool,60.0,84.0
9,8,6,6.0,2,2,0.75,5.0,51.5,1.0,774.4499998092651,0.0,0.07612267250821468,7.768348620729143,25,0,23,0.92,280,1005,16,526.0,1.911,0,800,43.627,54.529,1.0,0.9894,791.5,0,0.0,0,0.0,11.0,1.0,5.0,0.0,0.0133,0.5449,8.06,FLOWRRA,0.011,0.0,0.0,140.0,502.5,25_5_2_5_2_1,5,25,1435,0,shared_pool,,
9,9,9,9.0,0,0,1.0,8.0,23.27777777777778,0.0,332.5,0.0,0.03156384505021521,8.210301285665723,25,1,25,1.0,77,286,16,526.0,0.544,0,77,3.616,46.95,1.0,0.9351,72.0,0,0.0,0,0.0,0.0,0.0,0.0,0.0,0.0,0.9713,5.83,RULES,0.0,0.0,0.0,77.0,286.0,25_5_2_5_2_1,5,25,1435,0,shared_pool,,
9,9,5,,4,4,0.5555555555555556,,31.6,,334.0,0.0,,,25,0,21,0.84,91,532,16,,,0,800,1.3016,1.739,1.0,0.9925,,0,0.0,0,0.0,,,,,,,,RHCR-PIBT+naive,,0.0158,1.2858,91.0,532.0,25_5_2_5_2_1,5,25,1435,0,shared_pool,25.0,84.0
9,7,4,4.0,3,3,0.5714285714285714,6.0,73.25,2.0,1322.1364362239838,0.0,0.12346079066753078,6.297390745046149,40,0,37,0.925,302,2104,31,730.0,2.882,0,800,78.9,98.619,1.0,0.9756,780.5,0,0.0,0,0.0,40.0,0.0,12.0,0.0,0.0193,0.5609,9.62,FLOWRRA,0.011,0.0,0.0,151.0,1052.0,25_5_2_5_2_1,5,40,1435,0,shared_pool,,
9,9,8,9.0,0,1,0.8888888888888888,9.0,23.0,0.0,410.1199992597103,0.0,0.6549831081081081,3.6822658151363,40,0,38,0.95,800,1209,31,730.0,1.656,0,800,42.122,52.641,1.0,0.5219,417.5,0,0.0,0,0.0,0.0,0.0,0.0,0.0,0.0225,0.9916,9.5,RULES,0.0,0.0,0.0,800.0,1209.0,25_5_2_5_2_1,5,40,1435,0,shared_pool,,
9,9,5,,4,4,0.5555555555555556,,31.6,,430.0,0.0,,,40,0,36,0.9,75,767,31,,,0,800,2.0384,2.7393,1.0,0.9938,,0,0.0,0,0.0,,,,,,,,RHCR-PIBT+naive,,0.0252,2.0133,75.0,767.0,25_5_2_5_2_1,5,40,1435,0,shared_pool,40.0,83.0
9,8,7,7.0,1,1,0.875,5.0,55.92857142857143,1.0,1849.0370248705149,0.00125,0.2800155672309788,4.962072408612217,60,0,59,0.9833333333333333,333,4071,51,1004.0,4.055,1,800,155.617,194.512,1.0,0.9025,722.0,0,0.0,0,0.0,47.0,1.0,37.0,0.0,0.0209,0.5772,7.86,FLOWRRA,0.011,0.0,0.0,166.5,2035.5,25_5_2_5_2_1,5,60,1435,0,shared_pool,,
9,8,7,7.0,1,1,0.875,8.0,23.5,1.0,801.6800000667572,0.00125,0.06480811006517016,7.4208035623569755,60,0,57,0.95,800,2415,51,1004.0,2.405,1,800,71.173,88.959,1.0,0.9725,778.0,0,0.0,0,0.0,1.0,0.0,0.0,0.0,0.0077,0.7078,5.62,RULES,0.0,0.0,0.0,800.0,2415.0,25_5_2_5_2_1,5,60,1435,0,shared_pool,,
9,9,6,,3,3,0.6666666666666666,,26.7,,576.0,0.0,,,60,0,57,0.95,79,1055,51,,,0,800,3.0682,4.2004,1.0,0.9712,,0,0.0,0,0.0,,,,,,,,RHCR-PIBT+naive,,0.0376,3.0306,79.0,1055.0,25_5_2_5_2_1,5,60,1435,0,shared_pool,60.0,83.0
9,8,6,6.0,2,2,0.75,6.0,86.83333333333333,1.0,1103.0644714832306,0.0,0.10788822072868766,6.756756688075138,25,0,23,0.92,410,1437,16,530.0,2.711,0,800,48.862,61.072,1.0,0.9725,778.0,0,0.0,0,0.0,18.0,0.0,8.0,0.0,0.0229,0.4312,5.48,FLOWRRA,0.011,0.0,0.0,205.0,718.5,25_5_2_5_2_1,6,25,1435,0,shared_pool,,
9,9,9,9.0,0,0,1.0,8.0,23.88888888888889,0.0,334.55399894714355,0.0,0.11204481792717087,7.06748545403574,25,1,25,1.0,53,272,16,530.0,0.513,0,93,4.356,46.828,1.0,0.9247,86.0,0,0.0,0,0.0,0.0,0.0,0.0,0.0,0.0,0.972,6.8,RULES,0.0,0.0,0.0,53.0,272.0,25_5_2_5_2_1,6,25,1435,0,shared_pool,,
9,9,6,,3,3,0.6666666666666666,,34.7,,353.0,0.0,,,25,0,22,0.88,107,622,16,,,0,800,1.2851,1.7148,1.0,0.97,,0,0.0,0,0.0,,,,,,,,RHCR-PIBT+naive,,0.0157,1.2693,107.0,622.0,25_5_2_5_2_1,6,25,1435,0,shared_pool,25.0,83.0
9,7,4,4.0,2,3,0.5714285714285714,4.0,80.25,2.0,2040.7922141849995,0.0025,0.11684558216350124,6.6406694083643,40,0,36,0.9,800,3274,31,686.0,4.773,2,800,93.292,116.608,1.0,0.9263,741.0,0,0.0,0,0.0,7.0,0.0,4.0,0.0,0.0337,0.4166,6.45,FLOWRRA,0.011,0.0,0.0,400.0,1637.0,25_5_2_5_2_1,6,40,1435,0,shared_pool,,
9,9,9,9.0,0,0,1.0,9.0,16.88888888888889,0.0,372.79999969899654,0.0,0.034220532319391636,8.27024462928639,40,0,39,0.975,800,1256,31,686.0,1.831,0,800,42.605,53.246,1.0,0.9931,794.5,0,0.0,0,0.0,0.0,0.0,0.0,0.0,0.0,0.4848,4.92,RULES,0.0,0.0,0.0,800.0,1256.0,25_5_2_5_2_1,6,40,1435,0,shared_pool,,
9,9,7,,2,2,0.7777777777777778,,11.4,,392.0,0.0,,,40,0,38,0.95,57,679,31,,,0,800,2.1635,2.9109,1.0,0.9819,,0,0.0,0,0.0,,,,,,,,RHCR-PIBT+naive,,0.0254,2.1381,57.0,679.0,25_5_2_5_2_1,6,40,1435,0,shared_pool,40.0,87.0
9,8,7,7.0,1,1,0.875,5.0,131.92857142857142,1.0,3027.477331727743,0.0025,0.19973075510953373,5.796687057283513,60,0,58,0.9666666666666667,800,6226,51,1122.0,5.549,2,800,200.054,250.057,1.0,0.9194,735.5,0,0.0,0,0.0,68.0,6.0,36.0,0.0,0.0429,0.4837,8.6,FLOWRRA,0.011,0.0,0.0,400.0,3113.0,25_5_2_5_2_1,6,60,1435,0,shared_pool,,
9,8,7,7.0,1,1,0.875,7.0,17.214285714285715,1.0,591.8000011444092,0.0,0.14351851851851852,6.872596455760944,60,0,59,0.9833333333333333,74,1039,51,1122.0,0.926,0,800,66.611,83.254,1.0,0.9744,779.5,0,0.0,0,0.0,0.0,0.0,0.0,0.0,0.0,0.9877,4.0,RULES,0.0,0.0,0.0,74.0,1039.0,25_5_2_5_2_1,6,60,1435,0,shared_pool,,
9,9,8,,1,1,0.8888888888888888,,26.2,,643.0,0.00125,,,60,0,59,0.9833333333333333,81,1175,51,,,1,800,3.3147,4.5249,0.9988,0.9756,,1,1.0,1,2.0,,,,,,,,RHCR-PIBT+naive,,0.0403,3.2743,81.0,1175.0,25_5_2_5_2_1,6,60,1435,0,shared_pool,60.0,86.0
9,9,6,7.0,2,3,0.6666666666666666,4.0,78.66666666666667,0.0,1013.2608354687691,0.00375,0.191796875,6.260773800651077,25,0,23,0.92,311,1228,16,530.0,2.317,3,800,49.407,61.753,1.0,0.9575,766.0,0,0.0,0,0.0,13.0,0.0,5.0,0.0,0.0235,0.5094,6.82,FLOWRRA,0.011,0.0,0.0,155.5,614.0,25_5_2_5_2_1,7,25,1435,0,shared_pool,,
9,9,8,9.0,0,1,0.8888888888888888,8.0,30.5,0.0,364.7999999374151,0.0,0.7086580086580087,2.9553160698382888,25,0,22,0.88,800,1772,16,530.0,3.343,0,800,28.806,36.001,1.0,0.5038,403.0,0,0.0,0,0.0,0.0,0.0,0.0,0.0,0.0177,0.6732,6.47,RULES,0.0,0.0,0.0,800.0,1772.0,25_5_2_5_2_1,7,25,1435,0,shared_pool,,
9,9,6,,3,3,0.6666666666666666,,29.7,,331.0,0.0,,,25,0,22,0.88,81,580,16,,,0,800,1.3476,1.7964,1.0,0.9838,,0,0.0,0,0.0,,,,,,,,RHCR-PIBT+naive,,0.0172,1.3303,81.0,580.0,25_5_2_5_2_1,7,25,1435,0,shared_pool,25.0,85.0
9,9,8,9.0,0,1,0.8888888888888888,3.0,94.1875,0.0,1882.566053584218,0.0025,0.1057438115837539,6.984734239328426,40,0,39,0.975,800,3284,31,654.0,5.021,2,800,91.331,114.15,1.0,0.935,748.0,0,0.0,0,0.0,9.0,0.0,5.0,0.0,0.0301,0.5059,9.8,FLOWRRA,0.011,0.0,0.0,400.0,1642.0,25_5_2_5_2_1,7,40,1435,0,shared_pool,,
9,9,9,9.0,0,0,1.0,8.0,21.72222222222222,0.0,391.6700001358986,0.0,0.10438908659549229,6.908298943249215,40,1,40,1.0,32,446,31,654.0,0.682,0,82,6.427,78.368,1.0,0.872,71.5,0,0.0,0,0.0,0.0,0.0,0.0,0.0,0.0,0.9739,4.59,RULES,0.0,0.0,0.0,32.0,446.0,25_5_2_5_2_1,7,40,1435,0,shared_pool,,
9,9,7,,2,2,0.7777777777777778,,20.9,,393.0,0.0,,,40,0,38,0.95,63,707,31,,,0,800,2.1386,2.8742,1.0,0.9894,,0,0.0,0,0.0,,,,,,,,RHCR-PIBT+naive,,0.0255,2.1131,63.0,707.0,25_5_2_5_2_1,7,40,1435,0,shared_pool,40.0,86.0
9,8,5,5.0,1,3,0.625,7.0,109.1,1.0,2336.168790757656,0.005,0.22865432439900524,5.712664245669767,60,0,56,0.9333333333333333,800,4397,51,874.0,5.031,4,800,185.472,231.83,1.0,0.8956,716.5,0,0.0,0,0.0,58.0,18.0,53.0,0.0,0.0383,0.5126,7.4,FLOWRRA,0.011,0.0,0.0,400.0,2198.5,25_5_2_5_2_1,7,60,1435,0,shared_pool,,
9,9,7,9.0,0,2,0.7777777777777778,9.0,19.285714285714285,0.0,449.8999977558851,0.0,0.4817450495049505,4.168440052441847,60,0,57,0.95,800,1406,51,874.0,1.609,0,800,76.892,96.1,1.0,0.5238,419.0,0,0.0,0,0.0,0.0,0.0,0.0,0.0,0.015,0.7478,8.23,RULES,0.0,0.0,0.0,800.0,1406.0,25_5_2_5_2_1,7,60,1435,0,shared_pool,,
9,9,6,,3,3,0.6666666666666666,,19.7,,480.0,0.0,,,60,0,57,0.95,59,855,51,,,0,800,3.1962,4.3359,1.0,0.9775,,0,0.0,0,0.0,,,,,,,,RHCR-PIBT+naive,,0.038,3.1581,59.0,855.0,25_5_2_5_2_1,7,60,1435,0,shared_pool,60.0,86.0
9,8,5,5.0,2,3,0.625,5.0,126.0,1.0,975.3244076967239,0.00375,0.3060179257362356,5.143500356263601,25,0,22,0.88,282,1118,16,510.0,2.192,3,800,51.309,64.131,1.0,0.8944,715.5,0,0.0,0,0.0,28.0,0.0,13.0,2.0,0.0374,0.5168,6.3,FLOWRRA,0.011,0.0,0.0,141.0,559.0,25_5_2_5_2_1,8,25,1435,0,shared_pool,,
9,9,9,9.0,0,0,1.0,9.0,25.27777777777778,0.0,337.90000009536743,0.0,0.08425414364640885,6.921560358276683,25,1,25,1.0,32,248,16,510.0,0.486,0,91,4.559,50.099,1.0,0.9011,82.0,0,0.0,0,0.0,0.0,0.0,0.0,0.0,0.0,0.9779,7.12,RULES,0.0,0.0,0.0,32.0,248.0,25_5_2_5_2_1,8,25,1435,0,shared_pool,,
9,9,6,,3,3,0.6666666666666666,,18.3,,321.0,0.0,,,25,0,22,0.88,79,500,16,,,0,800,1.3544,1.8094,1.0,0.9812,,0,0.0,0,0.0,,,,,,,,RHCR-PIBT+naive,,0.0158,1.3386,79.0,500.0,25_5_2_5_2_1,8,25,1435,0,shared_pool,25.0,87.0
9,9,8,8.0,0,1,0.8888888888888888,6.0,95.125,0.0,1772.3363098204136,0.0,0.1506906655504395,6.076724689184072,40,0,39,0.975,312,2450,31,696.0,3.52,0,800,91.796,114.739,1.0,0.9525,762.0,0,0.0,0,0.0,27.0,2.0,11.0,0.0,0.0221,0.4609,9.74,FLOWRRA,0.011,0.0,0.0,156.0,1225.0,25_5_2_5_2_1,8,40,1435,0,shared_pool,,
9,9,8,9.0,0,1,0.8888888888888888,7.0,19.8125,0.0,366.519998177886,0.0,0.5405921680993314,4.491033434559494,40,0,37,0.925,800,2092,31,696.0,3.006,0,800,48.635,60.786,1.0,0.5,400.0,0,0.0,0,0.0,0.0,0.0,0.0,0.0,0.0119,0.5043,7.17,RULES,0.0,0.0,0.0,800.0,2092.0,25_5_2_5_2_1,8,40,1435,0,shared_pool,,
9,9,8,,1,1,0.8888888888888888,,18.0,,407.0,0.0,,,40,0,39,0.975,67,695,31,,,0,800,2.1916,2.9448,1.0,0.9838,,0,0.0,0,0.0,,,,,,,,RHCR-PIBT+naive,,0.0273,2.1643,67.0,695.0,25_5_2_5_2_1,8,40,1435,0,shared_pool,40.0,86.0
9,9,8,9.0,0,1,0.8888888888888888,7.0,83.5,0.0,2300.9764188230038,0.00875,0.3212014134275618,4.290505963515653,60,0,59,0.9833333333333333,800,6852,51,968.0,7.079,7,800,200.96,251.184,1.0,0.7863,629.0,0,0.0,0,0.0,164.0,39.0,144.0,2.0,0.0512,0.5264,10.46,FLOWRRA,0.011,0.0,0.0,400.0,3426.0,25_5_2_5_2_1,8,60,1435,0,shared_pool,,
9,9,8,8.0,0,1,0.8888888888888888,9.0,21.125,0.0,500.0576436817646,0.0,0.5162790697674419,5.042738801327555,60,0,57,0.95,800,2326,51,968.0,2.403,0,800,73.335,91.66,1.0,0.5038,403.0,0,0.0,0,0.0,0.0,0.0,0.0,0.0,0.0075,0.5532,7.79,RULES,0.0,0.0,0.0,800.0,2326.0,25_5_2_5_2_1,8,60,1435,0,shared_pool,,
9,9,8,,1,1,0.8888888888888888,,20.8,,521.0,0.0,,,60,0,59,0.9833333333333333,65,937,51,,,0,800,3.161,4.3045,1.0,0.9875,,0,0.0,0,0.0,,,,,,,,RHCR-PIBT+naive,,0.0382,3.1228,65.0,937.0,25_5_2_5_2_1,8,60,1435,0,shared_pool,60.0,85.0
9,7,3,5.0,2,4,0.42857142857142855,5.0,79.83333333333333,2.0,1137.2756052613258,0.0,0.016771488469601678,8.982126621330309,25,0,22,0.88,206,833,16,560.0,1.488,0,800,42.218,52.767,1.0,0.9925,794.0,0,0.0,0,0.0,2.0,0.0,0.0,0.0,0.0185,0.5543,10.93,FLOWRRA,0.011,0.0,0.0,103.0,416.5,25_5_2_5_2_1,9,25,1435,0,shared_pool,,
9,9,9,9.0,0,0,1.0,8.0,30.38888888888889,0.0,393.60000014305115,0.0,0.056372549019607844,7.861397058063862,25,1,25,1.0,78,268,16,560.0,0.479,0,109,4.604,42.231,1.0,0.9541,104.0,0,0.0,0,0.0,0.0,0.0,0.0,0.0,0.0,0.9767,10.27,RULES,0.0,0.0,0.0,78.0,268.0,25_5_2_5_2_1,9,25,1435,0,shared_pool,,
9,9,6,,3,3,0.6666666666666666,,33.3,,379.0,0.0,,,25,0,22,0.88,99,566,16,,,0,800,1.3988,1.8639,1.0,0.9812,,0,0.0,0,0.0,,,,,,,,RHCR-PIBT+naive,,0.0166,1.3822,99.0,566.0,25_5_2_5_2_1,9,25,1435,0,shared_pool,25.0,85.0
9,8,5,7.0,1,3,0.625,5.0,105.0,1.0,1715.1290591806173,0.0025,0.24730951356005165,5.2394387384814864,40,0,38,0.95,518,2976,31,758.0,3.926,2,800,95.312,119.133,1.0,0.8762,701.0,0,0.0,0,0.0,23.0,0.0,7.0,2.0,0.0306,0.5774,7.2,FLOWRRA,0.011,0.0,0.0,259.0,1488.0,25_5_2_5_2_1,9,40,1435,0,shared_pool,,
9,7,5,5.0,2,2,0.7142857142857143,7.0,18.8,2.0,372.9199981689453,0.0,0.8217491664529366,1.9579216193223372,40,0,34,0.85,800,3647,31,758.0,4.811,0,800,52.057,65.065,1.0,0.5,400.0,0,0.0,0,0.0,0.0,0.0,0.0,0.0,0.023,0.6053,6.05,RULES,0.0,0.0,0.0,800.0,3647.0,25_5_2_5_2_1,9,40,1435,0,shared_pool,,
9,9,5,,4,4,0.5555555555555556,,20.8,,435.0,0.0,,,40,0,36,0.9,75,797,31,,,0,800,2.0699,2.7932,1.0,0.9812,,0,0.0,0,0.0,,,,,,,,RHCR-PIBT+naive,,0.0247,2.0452,75.0,797.0,25_5_2_5_2_1,9,40,1435,0,shared_pool,40.0,84.0
9,9,8,9.0,0,1,0.8888888888888888,5.0,87.25,0.0,1890.2944040000439,0.0,0.3475007482789584,4.699819190729275,60,0,57,0.95,800,5301,51,994.0,5.333,0,800,156.467,195.561,1.0,0.9981,798.5,0,0.0,0,0.0,177.0,584.0,686.0,0.0,0.0374,0.645,13.95,FLOWRRA,0.011,0.0,0.0,400.0,2650.5,25_5_2_5_2_1,9,60,1435,0,shared_pool,,
9,8,6,6.0,1,2,0.75,7.0,21.666666666666668,1.0,508.49999928474426,0.0,0.07120253164556962,7.762934586292581,60,0,57,0.95,800,1603,51,994.0,1.613,0,800,67.555,84.435,1.0,0.9906,792.5,0,0.0,0,0.0,0.0,0.0,0.0,0.0,0.0,0.5728,7.35,RULES,0.0,0.0,0.0,800.0,1603.0,25_5_2_5_2_1,9,60,1435,0,shared_pool,,
9,9,5,,4,4,0.5555555555555556,,15.6,,519.0,0.0,,,60,0,56,0.9333333333333333,47,933,51,,,0,800,3.3663,4.5729,1.0,0.9819,,0,0.0,0,0.0,,,,,,,,RHCR-PIBT+naive,,0.0398,3.3265,47.0,933.0,25_5_2_5_2_1,9,60,1435,0,shared_pool,60.0,84.0
9,9,8,8.0,0,1,0.8888888888888888,8.0,107.8125,0.0,1324.3000030517578,0.0,0.006367398917542184,9.7735116224462,25,0,24,0.96,114,520,16,694.0,0.749,0,800,39.84,49.794,1.0,0.9981,798.5,0,0.0,0,0.0,4.0,0.0,2.0,0.0,0.0297,0.4925,4.55,FLOWRRA,0.011,0.0,0.0,57.0,260.0,50_20_5_10_5_2,0,25,27000,0,shared_pool,,
9,7,5,5.0,2,2,0.7142857142857143,5.0,30.7,2.0,430.8499984741211,0.0,0.004571428571428572,9.808,25,0,23,0.92,95,489,16,694.0,0.705,0,800,23.88,29.845,1.0,0.9988,799.0,0,0.0,0,0.0,0.0,0.0,0.0,0.0,0.0,0.9874,12.02,RULES,0.0,0.0,0.0,95.0,489.0,50_20_5_10_5_2,0,25,27000,0,shared_pool,,
9,9,4,,5,5,0.4444444444444444,,96.0,,541.0,0.0,,,25,0,20,0.8,187,858,16,,,0,800,30.0591,37.8799,1.0,1.0,,0,0.0,0,0.0,,,,,,,,RHCR-PIBT+naive,,0.3542,29.7049,187.0,858.0,50_20_5_10_5_2,0,25,27000,0,shared_pool,25.0,84.0
9,9,9,9.0,0,0,1.0,7.0,67.05555555555556,0.0,1239.0,0.0,0.000723589001447178,9.659551374819102,40,1,40,1.0,250,1501,31,1156.0,1.298,0,250,23.516,94.053,1.0,0.988,247.0,0,0.0,0,0.0,0.0,0.0,0.0,0.0,0.0333,0.6769,4.78,FLOWRRA,0.011,0.0,0.0,125.0,750.5,50_20_5_10_5_2,0,40,27000,0,shared_pool,,
9,9,9,9.0,0,0,1.0,9.0,29.0,0.0,740.0,0.0,0.0013351134846461949,9.694926568758344,40,1,40,1.0,48,832,31,1156.0,0.72,0,117,7.49,64.008,1.0,1.0,117.0,0,0.0,0,0.0,0.0,0.0,0.0,0.0,0.0,0.988,3.0,RULES,0.0,0.0,0.0,48.0,832.0,50_20_5_10_5_2,0,40,27000,0,shared_pool,,
9,9,4,,5,5,0.4444444444444444,,105.5,,790.0,0.0,,,40,0,35,0.875,177,1349,31,,,0,800,48.434,61.0578,1.0,0.9981,,0,0.0,0,0.0,,,,,,,,RHCR-PIBT+naive,,0.6012,47.8329,177.0,1349.0,50_20_5_10_5_2,0,40,27000,0,shared_pool,40.0,84.0
9,8,6,6.0,1,2,0.75,6.0,90.66666666666667,1.0,2063.5,0.0,0.007261175402768323,9.748037209715301,60,0,57,0.95,800,3555,51,1662.0,2.139,0,800,106.082,132.592,1.0,0.9906,792.5,0,0.0,0,0.0,1.0,0.0,0.0,0.0,0.0156,0.5834,6.3,FLOWRRA,0.011,0.0,0.0,400.0,1777.5,50_20_5_10_5_2,0,60,27000,0,shared_pool,,
9,9,9,9.0,0,0,1.0,9.0,28.77777777777778,0.0,980.0,0.0,0.0,9.61577350859454,60,1,60,1.0,46,1334,51,1662.0,0.803,0,97,10.407,107.278,1.0,0.9948,96.5,0,0.0,0,0.0,0.0,0.0,0.0,0.0,0.0,0.9909,4.22,RULES,0.0,0.0,0.0,46.0,1334.0,50_20_5_10_5_2,0,60,27000,0,shared_pool,,
9,9,6,,3,3,0.6666666666666666,,52.3,,989.0,0.0,,,60,0,57,0.95,139,1745,51,,,0,800,70.1335,88.9094,1.0,0.9994,,0,0.0,0,0.0,,,,,,,,RHCR-PIBT+naive,,0.8515,69.282,139.0,1745.0,50_20_5_10_5_2,0,60,27000,0,shared_pool,60.0,84.0
9,8,7,7.0,1,1,0.875,6.0,139.0,1.0,1718.5,0.0,0.0,9.957260273972603,25,0,24,0.96,424,1696,16,1632.0,1.039,0,800,39.284,49.099,1.0,1.0,800.0,0,0.0,0,0.0,0.0,0.0,0.0,0.0,0.0267,0.6838,19.83,FLOWRRA,0.011,0.0,0.0,212.0,848.0,50_20_5_10_5_2,3,25,27000,0,shared_pool,,
9,8,7,7.0,1,1,0.875,7.0,62.357142857142854,1.0,1039.5,0.0,0.0,9.856187290969899,25,0,24,0.96,176,966,16,1632.0,0.592,0,800,24.048,30.055,1.0,1.0,800.0,0,0.0,0,0.0,0.0,0.0,0.0,0.0,0.0,0.9933,18.28,RULES,0.0,0.0,0.0,176.0,966.0,50_20_5_10_5_2,3,25,27000,0,shared_pool,,
9,9,8,,1,1,0.8888888888888888,,66.5,,1095.0,0.0,,,25,0,24,0.96,243,1746,16,,,0,800,31.0541,39.2767,1.0,1.0,,0,0.0,0,0.0,,,,,,,,RHCR-PIBT+naive,,0.3735,30.6805,243.0,1746.0,50_20_5_10_5_2,3,25,27000,0,shared_pool,25.0,87.0
9,6,3,3.0,3,3,0.5,4.0,124.66666666666667,3.0,1863.5,0.0,0.0,9.79934725848564,40,0,37,0.925,555,3006,31,2174.0,1.383,0,800,62.46,78.067,1.0,1.0,800.0,0,0.0,0,0.0,0.0,0.0,0.0,0.0,0.0124,0.7379,15.94,FLOWRRA,0.011,0.0,0.0,277.5,1503.0,50_20_5_10_5_2,3,40,27000,0,shared_pool,,
9,8,5,5.0,3,3,0.625,5.0,50.3,1.0,1195.5,0.0,0.0,9.840899625156185,40,0,37,0.925,196,1614,31,2174.0,0.742,0,800,39.533,49.409,1.0,1.0,800.0,0,0.0,0,0.0,0.0,0.0,0.0,0.0,0.0,0.9958,16.06,RULES,0.0,0.0,0.0,196.0,1614.0,50_20_5_10_5_2,3,40,27000,0,shared_pool,,
9,9,6,,3,3,0.6666666666666666,,79.3,,1318.0,0.0,,,40,0,37,0.925,191,2273,31,,,0,800,48.7234,61.6197,1.0,1.0,,0,0.0,0,0.0,,,,,,,,RHCR-PIBT+naive,,0.5909,48.1324,191.0,2273.0,50_20_5_10_5_2,3,40,27000,0,shared_pool,40.0,86.0
9,9,7,7.0,0,2,0.7777777777777778,7.0,97.92857142857143,0.0,3025.199857711792,0.0025,0.030989824236817762,9.515135601406438,60,0,58,0.9666666666666667,355,3544,51,2930.0,1.21,2,800,105.207,131.497,1.0,0.9444,755.5,0,0.0,0,0.0,3.0,0.0,1.0,2.0,0.0195,0.6635,17.55,FLOWRRA,0.011,0.0,0.0,177.5,1772.0,50_20_5_10_5_2,3,60,27000,0,shared_pool,,
9,9,9,9.0,0,0,1.0,9.0,45.55555555555556,0.0,1655.0,0.0,0.0,9.690204326923077,60,1,60,1.0,96,2214,51,2930.0,0.756,0,187,18.595,99.424,1.0,1.0,187.0,0,0.0,0,0.0,0.0,0.0,0.0,0.0,0.0,0.9946,16.44,RULES,0.0,0.0,0.0,96.0,2214.0,50_20_5_10_5_2,3,60,27000,0,shared_pool,,
9,9,9,,0,0,1.0,,61.3,,1662.0,0.0,,,60,1,60,1.0,165,3001,51,,,0,165,18.8898,119.2314,1.0,1.0,,0,0.0,0,0.0,,,,,,,,RHCR-PIBT+naive,,0.8498,18.04,165.0,3001.0,50_20_5_10_5_2,3,60,27000,0,shared_pool,60.0,22.0
9,8,6,6.0,1,2,0.75,7.0,110.66666666666667,1.0,1900.788974761963,0.0,0.019529293940911366,9.60819439513121,25,0,23,0.92,287,1434,16,1784.0,0.804,0,800,41.826,52.276,1.0,0.985,788.0,0,0.0,0,0.0,3.0,0.0,0.0,0.0,0.026,0.6783,15.05,FLOWRRA,0.011,0.0,0.0,143.5,717.0,50_20_5_10_5_2,4,25,27000,0,shared_pool,,
9,9,9,9.0,0,0,1.0,8.0,51.833333333333336,0.0,1148.0,0.0,0.0,9.892826274848746,25,1,25,1.0,250,1040,16,1784.0,0.583,0,250,9.52,38.073,1.0,1.0,250.0,0,0.0,0,0.0,0.0,0.0,0.0,0.0,0.0,0.9922,18.67,RULES,0.0,0.0,0.0,250.0,1040.0,50_20_5_10_5_2,4,25,27000,0,shared_pool,,
9,9,7,,2,2,0.7777777777777778,,66.6,,1151.0,0.0,,,25,0,23,0.92,235,1856,16,,,0,800,30.3333,38.34,1.0,0.9975,,0,0.0,0,0.0,,,,,,,,RHCR-PIBT+naive,,0.3496,29.9837,235.0,1856.0,50_20_5_10_5_2,4,25,27000,0,shared_pool,25.0,86.0
9,7,4,4.0,3,3,0.5714285714285714,5.0,125.25,2.0,2094.5000038146973,0.0,0.0022670596236681025,9.88567218335138,40,0,37,0.925,439,2959,31,2826.0,1.047,0,800,65.116,81.387,1.0,0.9994,799.5,0,0.0,0,0.0,1.0,0.0,0.0,0.0,0.0135,0.7719,25.11,FLOWRRA,0.011,0.0,0.0,219.5,1479.5,50_20_5_10_5_2,4,40,27000,0,shared_pool,,
9,7,5,5.0,2,2,0.7142857142857143,5.0,52.4,2.0,1529.0,0.0,0.03399615137908916,9.524196259252072,40,0,38,0.95,258,2364,31,2826.0,0.837,0,800,41.736,52.163,1.0,0.975,780.0,0,0.0,0,0.0,0.0,0.0,0.0,0.0,0.0,0.9968,21.22,RULES,0.0,0.0,0.0,258.0,2364.0,50_20_5_10_5_2,4,40,27000,0,shared_pool,,
9,9,7,,2,2,0.7777777777777778,,84.0,,1633.0,0.0,,,40,0,38,0.95,219,2879,31,,,0,800,48.5958,61.5376,1.0,0.9775,,0,0.0,0,0.0,,,,,,,,RHCR-PIBT+naive,,0.5618,48.034,219.0,2879.0,50_20_5_10_5_2,4,40,27000,0,shared_pool,40.0,85.0
9,8,5,5.0,2,3,0.625,7.0,77.9,1.0,3360.5,0.0,0.0,9.810665504213892,60,0,57,0.95,378,4723,51,3798.0,1.244,0,800,107.924,134.894,1.0,1.0,800.0,0,0.0,0,0.0,0.0,0.0,0.0,0.0,0.0199,0.6986,14.85,FLOWRRA,0.011,0.0,0.0,189.0,2361.5,50_20_5_10_5_2,4,60,27000,0,shared_pool,,
9,8,7,7.0,1,1,0.875,8.0,44.142857142857146,1.0,2022.5,0.0,0.0058953574060427415,9.63398280714162,60,0,59,0.9833333333333333,166,3023,51,3798.0,0.796,0,800,65.283,81.594,1.0,0.9956,796.5,0,0.0,0,0.0,0.0,0.0,0.0,0.0,0.0,0.9961,18.61,RULES,0.0,0.0,0.0,166.0,3023.0,50_20_5_10_5_2,4,60,27000,0,shared_pool,,
9,9,6,,3,3,0.6666666666666666,,70.7,,2104.0,0.0,,,60,0,57,0.95,193,3823,51,,,0,800,70.8202,89.9136,1.0,0.9962,,0,0.0,0,0.0,,,,,,,,RHCR-PIBT+naive,,0.8462,69.9739,193.0,3823.0,50_20_5_10_5_2,4,60,27000,0,shared_pool,60.0,84.0
9,7,3,3.0,3,4,0.42857142857142855,5.0,122.33333333333333,2.0,1631.5,0.0,0.0,9.971058185107024,25,0,20,0.8,800,2000,16,1640.0,1.22,0,800,39.633,49.536,1.0,1.0,800.0,0,0.0,0,0.0,0.0,0.0,0.0,0.0,0.0289,0.6298,20.25,FLOWRRA,0.011,0.0,0.0,400.0,1000.0,50_20_5_10_5_2,5,25,27000,0,shared_pool,,
9,9,9,9.0,0,0,1.0,9.0,65.88888888888889,0.0,1121.0,0.0,0.0,9.892920353982301,25,1,25,1.0,140,774,16,1640.0,0.472,0,247,9.222,37.33,1.0,1.0,247.0,0,0.0,0,0.0,0.0,0.0,0.0,0.0,0.0,0.992,24.44,RULES,0.0,0.0,0.0,140.0,774.0,50_20_5_10_5_2,5,25,27000,0,shared_pool,,
9,9,6,,3,3,0.6666666666666666,,91.7,,1157.0,0.0,,,25,0,22,0.88,279,1892,16,,,0,800,30.376,38.3781,1.0,1.0,,0,0.0,0,0.0,,,,,,,,RHCR-PIBT+naive,,0.3743,30.0017,279.0,1892.0,50_20_5_10_5_2,5,25,27000,0,shared_pool,25.0,84.0
9,7,5,5.0,2,2,0.7142857142857143,5.0,107.0,2.0,2025.5969754755497,0.0,0.007680144567427152,9.733247782034505,40,0,38,0.95,432,3236,31,2360.0,1.371,0,800,64.676,80.836,1.0,0.9944,795.5,0,0.0,0,0.0,1.0,0.0,0.0,0.0,0.0165,0.7165,17.22,FLOWRRA,0.011,0.0,0.0,216.0,1618.0,50_20_5_10_5_2,5,40,27000,0,shared_pool,,
9,9,8,8.0,1,1,0.8888888888888888,8.0,47.875,0.0,1363.0,0.0,0.0007293946024799417,9.778993435448578,40,0,39,0.975,124,1596,31,2360.0,0.676,0,800,39.001,48.744,1.0,1.0,800.0,0,0.0,0,0.0,0.0,0.0,0.0,0.0,0.0,0.9942,17.44,RULES,0.0,0.0,0.0,124.0,1596.0,50_20_5_10_5_2,5,40,27000,0,shared_pool,,
9,9,5,,4,4,0.5555555555555556,,85.6,,1375.0,0.0,,,40,0,36,0.9,231,2345,31,,,0,800,47.9075,60.6013,1.0,1.0,,0,0.0,0,0.0,,,,,,,,RHCR-PIBT+naive,,0.5703,47.3372,231.0,2345.0,50_20_5_10_5_2,5,40,27000,0,shared_pool,40.0,84.0
9,7,4,4.0,2,3,0.5714285714285714,7.0,102.0,2.0,2763.464102745056,0.0,0.014468371467025572,9.487898256223584,60,0,57,0.95,258,3909,51,3198.0,1.222,0,800,104.199,130.238,1.0,0.9756,780.5,0,0.0,0,0.0,4.0,0.0,1.0,0.0,0.0143,0.6936,14.05,FLOWRRA,0.011,0.0,0.0,129.0,1954.5,50_20_5_10_5_2,5,60,27000,0,shared_pool,,
9,8,6,7.0,1,2,0.75,8.0,56.25,1.0,1758.0,0.0,0.004533862283933126,9.70444885236611,60,0,59,0.9833333333333333,126,2546,51,3198.0,0.796,0,800,62.681,78.341,1.0,0.9994,799.5,0,0.0,0,0.0,0.0,0.0,0.0,0.0,0.0,0.9963,20.67,RULES,0.0,0.0,0.0,126.0,2546.0,50_20_5_10_5_2,5,60,27000,0,shared_pool,,
9,9,7,,2,2,0.7777777777777778,,75.4,,1811.0,0.0,,,60,0,58,0.9666666666666667,241,3281,51,,,0,800,72.609,91.8838,1.0,0.9575,,0,0.0,0,0.0,,,,,,,,RHCR-PIBT+naive,,0.8296,71.7794,241.0,3281.0,50_20_5_10_5_2,5,60,27000,0,shared_pool,60.0,87.0
9,6,3,3.0,3,3,0.5,5.0,116.5,3.0,1152.2400016784668,0.0,0.004233700254022015,9.868162575866286,25,0,22,0.88,290,1421,16,1466.0,0.969,0,800,38.604,48.249,1.0,0.9969,797.5,0,0.0,0,0.0,0.0,0.0,0.0,0.0,0.0109,0.7426,19.24,FLOWRRA,0.011,0.0,0.0,145.0,710.5,50_20_5_10_5_2,6,25,27000,0,shared_pool,,
9,8,6,6.0,2,2,0.75,7.0,57.666666666666664,1.0,883.5,0.0,0.0,9.838111298482293,25,0,23,0.92,134,806,16,1466.0,0.55,0,800,23.71,29.632,1.0,1.0,800.0,0,0.0,0,0.0,0.0,0.0,0.0,0.0,0.0,0.9933,20.06,RULES,0.0,0.0,0.0,134.0,806.0,50_20_5_10_5_2,6,25,27000,0,shared_pool,,
9,9,6,,3,3,0.6666666666666666,,85.3,,957.0,0.0,,,25,0,22,0.88,271,1634,16,,,0,800,29.7845,37.6066,1.0,0.9988,,0,0.0,0,0.0,,,,,,,,RHCR-PIBT+naive,,0.3532,29.4313,271.0,1634.0,50_20_5_10_5_2,6,25,27000,0,shared_pool,25.0,84.0
9,8,7,7.0,1,1,0.875,4.0,68.42857142857143,1.0,1853.0929927825928,0.0,0.003125814014066163,9.881423806610067,40,0,39,0.975,305,2838,31,2208.0,1.285,0,800,63.296,79.112,1.0,0.9956,796.5,0,0.0,0,0.0,1.0,0.0,0.0,0.0,0.0122,0.7713,12.33,FLOWRRA,0.011,0.0,0.0,152.5,1419.0,50_20_5_10_5_2,6,40,27000,0,shared_pool,,
9,8,7,7.0,1,1,0.875,8.0,45.285714285714285,1.0,1244.5,0.0,0.0,9.865361566120654,40,0,39,0.975,110,1560,31,2208.0,0.707,0,800,39.478,49.34,1.0,1.0,800.0,0,0.0,0,0.0,0.0,0.0,0.0,0.0,0.0,0.9944,16.39,RULES,0.0,0.0,0.0,110.0,1560.0,50_20_5_10_5_2,6,40,27000,0,shared_pool,,
9,9,6,,3,3,0.6666666666666666,,74.7,,1311.0,0.0,,,40,0,37,0.925,239,2347,31,,,0,800,49.0071,61.8863,1.0,0.9975,,0,0.0,0,0.0,,,,,,,,RHCR-PIBT+naive,,0.5772,48.4299,239.0,2347.0,50_20_5_10_5_2,6,40,27000,0,shared_pool,40.0,85.0
9,9,8,8.0,0,1,0.8888888888888888,7.0,96.3125,0.0,3204.3479990959167,0.0,0.0030025521693439424,9.594778561874868,60,0,59,0.9833333333333333,364,4283,51,3194.0,1.341,0,800,106.442,133.042,1.0,0.9975,798.0,0,0.0,0,0.0,5.0,0.0,3.0,0.0,0.0176,0.694,12.9,FLOWRRA,0.011,0.0,0.0,182.0,2141.5,50_20_5_10_5_2,6,60,27000,0,shared_pool,,
9,8,7,7.0,1,1,0.875,7.0,41.785714285714285,1.0,1711.5,0.0,0.0,9.693337212685481,60,0,59,0.9833333333333333,154,2586,51,3194.0,0.81,0,800,63.979,79.963,1.0,1.0,800.0,0,0.0,0,0.0,0.0,0.0,0.0,0.0,0.0,0.9959,17.39,RULES,0.0,0.0,0.0,154.0,2586.0,50_20_5_10_5_2,6,60,27000,0,shared_pool,,
9,9,7,,2,2,0.7777777777777778,,71.7,,1827.0,0.0,,,60,0,58,0.9666666666666667,219,3365,51,,,0,800,72.5363,91.8282,1.0,0.9962,,0,0.0,0,0.0,,,,,,,,RHCR-PIBT+naive,,0.8498,71.6865,219.0,3365.0,50_20_5_10_5_2,6,60,27000,0,shared_pool,60.0,86.0
9,6,3,3.0,3,3,0.5,6.0,109.33333333333333,3.0,1308.5,0.0,0.0,9.828592814371257,25,0,22,0.88,208,1458,16,1800.0,0.81,0,800,37.261,46.57,1.0,1.0,800.0,0,0.0,0,0.0,0.0,0.0,0.0,0.0,0.0137,0.7893,18.06,FLOWRRA,0.011,0.0,0.0,104.0,729.0,50_20_5_10_5_2,7,25,27000,0,shared_pool,,
9,9,9,9.0,0,0,1.0,9.0,54.22222222222222,0.0,1136.0,0.0,0.0,9.981659388646289,25,1,25,1.0,90,894,16,1800.0,0.497,0,255,8.994,35.265,1.0,1.0,255.0,0,0.0,0,0.0,0.0,0.0,0.0,0.0,0.0,0.9921,20.0,RULES,0.0,0.0,0.0,90.0,894.0,50_20_5_10_5_2,7,25,27000,0,shared_pool,,
9,9,5,,4,4,0.5555555555555556,,97.2,,1116.0,0.0,,,25,0,21,0.84,227,1734,16,,,0,800,29.7067,37.5674,1.0,1.0,,0,0.0,0,0.0,,,,,,,,RHCR-PIBT+naive,,0.3527,29.354,227.0,1734.0,50_20_5_10_5_2,7,25,27000,0,shared_pool,25.0,84.0
9,7,5,5.0,2,2,0.7142857142857143,6.0,93.4,2.0,1826.349998474121,0.0,0.007890583903208837,9.788006312467122,40,0,38,0.95,313,2516,31,2362.0,1.065,0,800,64.205,80.247,1.0,0.975,780.0,0,0.0,0,0.0,6.0,0.0,3.0,0.0,0.0121,0.7664,18.06,FLOWRRA,0.011,0.0,0.0,156.5,1258.0,50_20_5_10_5_2,7,40,27000,0,shared_pool,,
9,8,6,6.0,2,2,0.75,6.0,41.25,1.0,1266.5,0.0,0.0,9.869548133595284,40,0,38,0.95,256,1724,31,2362.0,0.73,0,800,40.376,50.463,1.0,1.0,800.0,0,0.0,0,0.0,0.0,0.0,0.0,0.0,0.0,0.9953,19.83,RULES,0.0,0.0,0.0,256.0,1724.0,50_20_5_10_5_2,7,40,27000,0,shared_pool,,
9,9,5,,4,4,0.5555555555555556,,90.4,,1366.0,0.0,,,40,0,36,0.9,203,2301,31,,,0,800,47.0568,59.5063,1.0,1.0,,0,0.0,0,0.0,,,,,,,,RHCR-PIBT+naive,,0.5565,46.5003,203.0,2301.0,50_20_5_10_5_2,7,40,27000,0,shared_pool,40.0,83.0
9,7,5,5.0,2,2,0.7142857142857143,6.0,98.5,2.0,2310.0,0.0,0.0,9.849151477058454,60,0,58,0.9666666666666667,351,3535,51,2804.0,1.261,0,800,104.322,130.391,1.0,1.0,800.0,0,0.0,0,0.0,0.0,0.0,0.0,0.0,0.0081,0.7607,19.67,FLOWRRA,0.011,0.0,0.0,175.5,1767.5,50_20_5_10_5_2,7,60,27000,0,shared_pool,,
9,9,9,9.0,0,0,1.0,9.0,47.22222222222222,0.0,1590.0,0.0,0.0,9.924953095684803,60,1,60,1.0,116,2078,51,2804.0,0.741,0,191,19.042,99.681,1.0,1.0,191.0,0,0.0,0,0.0,0.0,0.0,0.0,0.0,0.0,0.9944,18.33,RULES,0.0,0.0,0.0,116.0,2078.0,50_20_5_10_5_2,7,60,27000,0,shared_pool,,
9,9,8,,1,1,0.8888888888888888,,62.8,,1568.0,0.0,,,60,0,59,0.9833333333333333,175,2877,51,,,0,800,72.7935,92.0701,1.0,1.0,,0,0.0,0,0.0,,,,,,,,RHCR-PIBT+naive,,0.8888,71.9047,175.0,2877.0,50_20_5_10_5_2,7,60,27000,0,shared_pool,60.0,85.0
9,7,5,5.0,2,2,0.7142857142857143,6.0,127.1,2.0,1314.5,0.0,0.0028787333573227778,9.859676140081373,25,0,23,0.92,584,1558,16,1412.0,1.103,0,800,37.375,46.713,1.0,0.9994,799.5,0,0.0,0,0.0,0.0,0.0,0.0,0.0,0.0175,0.7298,24.17,FLOWRRA,0.011,0.0,0.0,292.0,779.0,50_20_5_10_5_2,8,25,27000,0,shared_pool,,
9,7,4,4.0,3,3,0.5714285714285714,4.0,60.0,2.0,833.0,0.0,0.0,9.977299880525687,25,0,22,0.88,234,1054,16,1412.0,0.746,0,800,22.825,28.526,1.0,1.0,800.0,0,0.0,0,0.0,0.0,0.0,0.0,0.0,0.0,0.9952,21.67,RULES,0.0,0.0,0.0,234.0,1054.0,50_20_5_10_5_2,8,25,27000,0,shared_pool,,
9,9,6,,3,3,0.6666666666666666,,86.0,,1002.0,0.0,,,25,0,22,0.88,251,1556,16,,,0,800,29.6908,37.5004,1.0,1.0,,0,0.0,0,0.0,,,,,,,,RHCR-PIBT+naive,,0.3677,29.3231,251.0,1556.0,50_20_5_10_5_2,8,25,27000,0,shared_pool,25.0,85.0
9,8,2,4.0,2,6,0.25,5.0,64.25,1.0,2827.0,0.0,0.0003328340822100183,9.933932434681312,40,0,32,0.8,800,3739,31,2244.0,1.666,0,800,67.136,83.912,1.0,0.9988,799.0,0,0.0,0,0.0,0.0,0.0,0.0,0.0,0.0324,0.5285,14.31,FLOWRRA,0.011,0.0,0.0,400.0,1869.5,50_20_5_10_5_2,8,40,27000,0,shared_pool,,
9,7,5,5.0,2,2,0.7142857142857143,6.0,50.1,2.0,1206.0,0.0,0.0,9.923616845582163,40,0,38,0.95,138,1712,31,2244.0,0.763,0,800,38.335,47.912,1.0,1.0,800.0,0,0.0,0,0.0,0.0,0.0,0.0,0.0,0.0,0.9959,20.44,RULES,0.0,0.0,0.0,138.0,1712.0,50_20_5_10_5_2,8,40,27000,0,shared_pool,,
9,9,6,,3,3,0.6666666666666666,,69.7,,1363.0,0.0,,,40,0,37,0.925,207,2437,31,,,0,800,46.4142,58.669,1.0,1.0,,0,0.0,0,0.0,,,,,,,,RHCR-PIBT+naive,,0.5852,45.829,207.0,2437.0,50_20_5_10_5_2,8,40,27000,0,shared_pool,40.0,84.0
9,6,3,3.0,3,3,0.5,6.0,84.66666666666667,3.0,2387.936846256256,0.0,0.017713365539452495,9.556515141577728,60,0,57,0.95,195,3969,51,3276.0,1.212,0,800,101.009,126.25,1.0,0.9912,793.0,0,0.0,0,0.0,5.0,0.0,2.0,0.0,0.0086,0.7993,17.17,FLOWRRA,0.011,0.0,0.0,97.5,1984.5,50_20_5_10_5_2,8,60,27000,0,shared_pool,,
9,7,5,5.0,2,2,0.7142857142857143,7.0,48.2,2.0,1751.0,0.0,0.0005694760820045558,9.807801822323462,60,0,58,0.9666666666666667,122,2688,51,3276.0,0.821,0,800,61.65,77.053,1.0,1.0,800.0,0,0.0,0,0.0,0.0,0.0,0.0,0.0,0.0,0.9972,18.89,RULES,0.0,0.0,0.0,122.0,2688.0,50_20_5_10_5_2,8,60,27000,0,shared_pool,,
9,9,7,,2,2,0.7777777777777778,,74.9,,1890.0,0.0,,,60,0,58,0.9666666666666667,221,3419,51,,,0,800,71.5213,90.647,1.0,0.9975,,0,0.0,0,0.0,,,,,,,,RHCR-PIBT+naive,,0.8449,70.6764,221.0,3419.0,50_20_5_10_5_2,8,60,27000,0,shared_pool,60.0,86.0
9,9,6,6.0,2,3,0.6666666666666666,6.0,104.83333333333333,0.0,1942.0,0.0,0.0,9.976437800861413,25,0,22,0.88,433,1596,16,1904.0,0.838,0,800,40.833,51.036,1.0,1.0,800.0,0,0.0,0,0.0,0.0,0.0,0.0,0.0,0.032,0.6635,20.6,FLOWRRA,0.011,0.0,0.0,216.5,798.0,50_20_5_10_5_2,9,25,27000,0,shared_pool,,
9,9,9,9.0,0,0,1.0,8.0,61.833333333333336,0.0,1261.0,0.0,0.0,9.921653543307087,25,1,25,1.0,194,1020,16,1904.0,0.536,0,281,10.873,38.689,1.0,1.0,281.0,0,0.0,0,0.0,0.0,0.0,0.0,0.0,0.0,0.9929,20.89,RULES,0.0,0.0,0.0,194.0,1020.0,50_20_5_10_5_2,9,25,27000,0,shared_pool,,
9,9,7,,2,2,0.7777777777777778,,81.7,,1243.0,0.0,,,25,0,23,0.92,229,1966,16,,,0,800,30.8587,39.0264,1.0,0.9912,,0,0.0,0,0.0,,,,,,,,RHCR-PIBT+naive,,0.3795,30.4792,229.0,1966.0,50_20_5_10_5_2,9,25,27000,0,shared_pool,25.0,86.0
9,8,6,6.0,1,2,0.75,8.0,145.58333333333334,1.0,2446.4407539367676,0.0,0.011290929619872036,9.782826986086741,40,0,38,0.95,153,2269,31,2478.0,0.916,0,800,66.898,83.615,1.0,0.9875,790.0,0,0.0,0,0.0,2.0,0.0,1.0,0.0,0.0216,0.6584,13.6,FLOWRRA,0.011,0.0,0.0,76.5,1134.5,50_20_5_10_5_2,9,40,27000,0,shared_pool,,
9,8,7,7.0,1,1,0.875,7.0,56.92857142857143,1.0,1403.5,0.0,0.0,9.775611485288904,40,0,39,0.975,212,1758,31,2478.0,0.709,0,800,40.549,50.679,1.0,1.0,800.0,0,0.0,0,0.0,0.0,0.0,0.0,0.0,0.0,0.995,20.17,RULES,0.0,0.0,0.0,212.0,1758.0,50_20_5_10_5_2,9,40,27000,0,shared_pool,,
9,9,7,,2,2,0.7777777777777778,,77.1,,1444.0,0.0,,,40,0,38,0.95,213,2523,31,,,0,800,47.2893,59.8026,1.0,0.9962,,0,0.0,0,0.0,,,,,,,,RHCR-PIBT+naive,,0.5661,46.7232,213.0,2523.0,50_20_5_10_5_2,9,40,27000,0,shared_pool,40.0,85.0
9,8,4,4.0,2,4,0.5,5.0,98.125,1.0,3151.041980743408,0.0,0.004572473708276178,9.716478270449446,60,0,55,0.9166666666666666,800,4651,51,3514.0,1.324,0,800,106.866,133.571,1.0,0.9981,798.5,0,0.0,0,0.0,6.0,0.0,4.0,0.0,0.0178,0.6694,17.97,FLOWRRA,0.011,0.0,0.0,400.0,2325.5,50_20_5_10_5_2,9,60,27000,0,shared_pool,,
9,8,7,7.0,1,1,0.875,8.0,48.142857142857146,1.0,1893.5,0.0,0.004735595895816891,9.726650881347014,60,0,59,0.9833333333333333,156,2754,51,3514.0,0.784,0,800,64.696,80.86,1.0,0.9994,799.5,0,0.0,0,0.0,0.0,0.0,0.0,0.0,0.0,0.9963,17.28,RULES,0.0,0.0,0.0,156.0,2754.0,50_20_5_10_5_2,9,60,27000,0,shared_pool,,
9,9,8,,1,1,0.8888888888888888,,77.8,,1988.0,0.0,,,60,0,59,0.9833333333333333,203,3597,51,,,0,800,73.4552,93.0879,1.0,0.9775,,0,0.0,0,0.0,,,,,,,,RHCR-PIBT+naive,,0.9133,72.5419,203.0,3597.0,50_20_5_10_5_2,9,60,27000,0,shared_pool,60.0,86.0
