episode,map,scen,agents,reward,completed,completion_rate,collisions,recovery_invocations,recovery_forced,recovery_resolved,recovery_wasted,recovery_preemptive,recovery_preemptive_success,risk_steps,risk_steps_acted,warning_steps,intervention_rate,brake_duty_cycle,mean_peer_gap,errors_injected,handovers_completed,retired_recalled,action_override_rate,gradient_agreement,mean_hops_remaining,incomplete_moving,incomplete_livelocked,incomplete_dead_rescue_late,incomplete_rescuer_busy,incomplete_total,hops_moving,hops_livelocked,hops_dead_rescue_late,hops_rescuer_busy,start_hops_moving,start_hops_livelocked,start_hops_dead_rescue_late,start_hops_rescuer_busy,steps_held_moving,steps_held_livelocked,steps_held_dead_rescue_late,steps_held_rescuer_busy,steps_waiting_moving,steps_waiting_livelocked,steps_waiting_dead_rescue_late,steps_waiting_rescuer_busy,start_hops_delivered,steps_held_delivered,steps_waiting_delivered,sep_pairs,sep_min,sep_mean_nearest,sep_within_collision,sep_within_warning,sep_pct_within_warning,tier1_real_escapes,tier1_noop_escapes,tier1_rejected_occupied,tier1_rejected_obstacle,tier2_rejected_obstacle,recurrence_escalations,recurrence_pairs_tracked,doorstep_steps,doorstep_arrived,doorstep_closer,doorstep_idle,doorstep_away,doorstep_overridden,doorstep_peer_within_warning,doorstep_step_in_rate,doorstep_idle_rate,convoy_fleets_exempted,convoy_invocations_skipped,held_pair_invocations_skipped,rwd_term_pos_goal_baseline,rwd_term_neg_goal_baseline,rwd_term_pos_goal_delivery,rwd_term_neg_goal_delivery,rwd_term_pos_goal_progress,rwd_term_neg_goal_progress,rwd_term_pos_goal_final_approach,rwd_term_neg_goal_final_approach,rwd_term_pos_safety_collision,rwd_term_neg_safety_collision,rwd_term_pos_safety_warning,rwd_term_neg_safety_warning,rwd_term_pos_integrity_coherence,rwd_term_neg_integrity_coherence,rwd_term_pos_integrity_recovery_events,rwd_term_neg_integrity_recovery_events,rwd_term_pos_rescue_pickup,rwd_term_neg_rescue_pickup,rwd_term_pos_rescue_rescue_delivery,rwd_term_neg_rescue_rescue_delivery,rwd_term_pos_time_idle,rwd_term_neg_time_idle,rwd_term_pos_time_overtime,rwd_term_neg_time_overtime,rwd_spread_mean_goal,rwd_spread_std_goal,rwd_spread_mean_safety,rwd_spread_std_safety,rwd_spread_mean_integrity,rwd_spread_std_integrity,rwd_spread_mean_rescue,rwd_spread_std_rescue,rwd_spread_mean_time,rwd_spread_std_time,rwd_shadow_pos_safety,rwd_shadow_neg_safety,rwd_shadow_pos_delivery,rwd_shadow_neg_delivery,rwd_shadow_pos_efficiency,rwd_shadow_neg_efficiency,rwd_shadow_mean_safety,rwd_shadow_std_safety,rwd_shadow_mean_delivery,rwd_shadow_std_delivery,rwd_shadow_mean_efficiency,rwd_shadow_std_efficiency,rwd_shadow_freq_safety,rwd_shadow_typical_safety,rwd_shadow_freq_delivery,rwd_shadow_typical_delivery,rwd_shadow_freq_efficiency,rwd_shadow_typical_efficiency,rwd_live_pos_safety,rwd_live_neg_safety,rwd_live_pos_delivery,rwd_live_neg_delivery,rwd_live_pos_efficiency,rwd_live_neg_efficiency,rwd_approach_total,rwd_standoff_pairsteps,rwd_standoff_longest,rwd_standoff_past_cap,rwd_choice_wait,rwd_choice_follow,rwd_choice_reroute,rwd_choice_proceed,rwd_warnundo_fleetsteps,rwd_warnundo_mismatched,rwd_warnundo_escaped_kept,rwd_warnundo_error,rwd_all_pos_goal,rwd_all_pos_safety,rwd_all_pos_integrity,rwd_all_pos_rescue,rwd_all_pos_time,rwd_all_neg_goal,rwd_all_neg_safety,rwd_all_neg_integrity,rwd_all_neg_rescue,rwd_all_neg_time,rwd_learned_pos_goal,rwd_learned_pos_safety,rwd_learned_pos_integrity,rwd_learned_pos_rescue,rwd_learned_pos_time,rwd_learned_neg_goal,rwd_learned_neg_safety,rwd_learned_neg_integrity,rwd_learned_neg_rescue,rwd_learned_neg_time,held_pair_fleets_exempted,convoy_splats_skipped,orders_total,orders_delivered,orders_undelivered,orders_inherited,orders_inherited_delivered,orders_stranded_in_open_pickups,sep_warning_splats,loss_safety,loss_delivery,loss_efficiency,qval_safety,qval_delivery,qval_efficiency,loss_recovery,qval_recovery,incomplete_dead_no_pickup,incomplete_dead_rescued,hops_dead_no_pickup,hops_dead_rescued,start_hops_dead_no_pickup,start_hops_dead_rescued,steps_held_dead_no_pickup,steps_held_dead_rescued,steps_waiting_dead_no_pickup,steps_waiting_dead_rescued,incomplete_yielding,hops_yielding,start_hops_yielding,steps_held_yielding,steps_waiting_yielding,incomplete_waiting,hops_waiting,start_hops_waiting,steps_held_waiting,steps_waiting_waiting
1,25_5_2_5_2_1,25_5_2_5_2_1_StartGoalLocations_Seed8.csv,46,-26278.813455939293,35,0.7608695652173914,14,71,14,14,5,71,1,74,74,74,1.0,0.16621569385388482,5.839375080752889,1,0,0,0.35510551132410917,0.3976938554403343,10.305495071411134,8.0,1.0,1.0,1.0,11,12.41,2.36,5.5,1.4,16.0,15.0,20.0,4.4,45.2,45.0,69.0,45.0,58.0,0.0,59.0,54.0,6.51,20.7,16.3,45,3.72,7.53,0.0,0.0,0.0,400,0,196,0,0,55,29,174,0,42,9,123,0,85,0.2414,0.0517,63,3,0,1293.7,0.0,3500.0,0.0,6060.684,-5116.935,248.5,0.0,0.0,-1400.0,2.761,-1015.024,0.0,-2700.0,45.0,-21584.0,0.0,0.0,0.0,0.0,0.0,-2163.5,0.0,-3450.0,0.4627,5.34477,-0.18646,2.32673,-1.87362,3.14813,0.0,0.0,-0.43391,1.52364,18.0,-10180.786,3500.0,0.0,7853.527,-8277.478,-0.78556,3.17367,0.27054,5.19432,-0.03277,2.01761,0.17608,4.47708,0.00271,100.0,0.99729,1.25027,0.0,-75.9224,49.7159,0.0,351.5948,-604.2377,-101.139,568,64,503,1172,299,365,318,2156,660,82,5.522,10756.041,0.12,22.5,0.0,0.0,-4770.092,-2412.384,-24261.5,0.0,-5613.5,10756.041,0.12,22.5,0.0,0.0,-4770.092,-2412.384,-24261.5,0.0,-5613.5,0,263,46,35,11,0,0,1,948,0.004432324402492678,0.004747031867460523,0.0017419304053287756,0.00042429811595967533,0.05315414622420978,-0.01994215441307774,0.00010660796110678989,-0.023187682664734557,,,,,,,,,,,,,,,,,,,,
2,25_5_2_5_2_1,25_5_2_5_2_1_StartGoalLocations_Seed7.csv,46,423.6487001180649,41,0.8913043478260869,3,2,3,3,19,2,1,2,2,2,1.0,0.07114178168130489,6.865246862905986,1,0,1,0.20574582862877933,0.5507464559026471,3.707152557373047,4.0,,1.0,1.0,6,4.38,,7.84,1.0,5.25,,10.0,9.0,7.5,,0.0,0.0,13.8,,2.0,3.0,8.43,1.0,2.0,10,5.1,9.44,0.0,0.0,0.0,13,0,6,0,0,2,7,508,0,279,63,166,0,23,0.5492,0.124,4,0,0,797.1,0.0,4100.0,0.0,4566.615,-3568.785,3.5,0.0,0.0,-300.0,0.49,-294.771,0.0,-1476.5,171.0,-1256.0,0.0,0.0,0.0,0.0,0.0,-594.0,0.0,-1725.0,0.73999,7.24889,-0.07456,1.37852,-0.32135,1.02644,0.0,0.0,-0.29093,1.36649,18.0,-1053.037,4100.0,0.0,5425.553,-4864.113,-0.12985,1.47355,0.51436,7.15345,0.07044,1.87491,0.09522,1.41112,0.00514,100.0,0.99486,1.29756,0.0,-17.769,58.2386,0.0,256.3445,-331.64,-26.976,44,10,28,139,83,228,111,561,263,50,-3.744,9180.531,0.0,171.0,0.0,0.0,-3282.102,-594.281,-2732.5,0.0,-2319.0,9180.531,0.0,171.0,0.0,0.0,-3282.102,-594.281,-2732.5,0.0,-2319.0,0,105,46,41,5,0,0,1,199,0.002183467395798289,0.003477566072215268,0.0018696649462799542,-0.01745584916398002,0.06885468761669472,-0.030805074608524594,4.623931701075889e-05,-0.004835209966768161,,,,,,,,,,,,,,,,,,,,
3,25_5_2_5_2_1,25_5_2_5_2_1_StartGoalLocations_Seed4.csv,46,4243.111359454691,45,0.9782608695652174,3,0,3,3,5,0,0,0,0,0,0.0,0.08031496062992126,6.576491896061134,5,4,4,0.06141732283464567,0.5748031496062992,0.0,,,,,5,,,,,,,,,,,,,,,,,8.89,0.0,0.9,0,,,,,,6,0,3,0,0,0,3,182,0,109,15,58,0,15,0.5989,0.0824,0,0,0,381.0,0.0,4500.0,0.0,2784.028,-1582.456,0.0,0.0,0.0,-300.0,0.899,-163.86,0.0,-1277.5,0.0,-44.0,100.0,0.0,0.0,0.0,0.0,-155.0,0.0,0.0,1.59648,10.84651,-0.12151,1.98597,-0.34685,0.30584,0.02625,0.80962,-0.04068,0.1367,0.0,-640.972,4600.0,0.0,3257.532,-1376.947,-0.16823,2.04432,1.20735,10.83091,0.49359,1.31977,0.08268,2.03483,0.01286,93.87755,0.98661,1.2329,0.0,-13.6157,65.3409,0.0,159.0873,-99.2832,-12.02,10,3,0,59,68,110,63,302,122,22,3.012,7538.551,0.38,0.0,100.0,0.0,-1455.979,-463.34,-1321.5,0.0,-155.0,7538.551,0.38,0.0,100.0,0.0,-1455.979,-463.34,-1321.5,0.0,-155.0,0,72,46,45,1,3,3,0,77,0.0011438289485257965,0.0037004001765583226,0.00202180792991981,-0.01808556778864427,0.07880277735622306,-0.030606918656612574,4.836894972607223e-05,-0.0036353978383272404,1.0,4.0,2.23,9.18,4.0,15.38,0.0,0.0,5.0,4.0,,,,,,,,,,
4,25_5_2_5_2_1,25_5_2_5_2_1_StartGoalLocations_Seed8.csv,46,119.28717464208603,41,0.8913043478260869,11,2,11,11,12,2,2,4,4,4,1.0,0.11739003786775415,5.002132375573508,3,3,2,0.22544025614903215,0.5733893105118683,5.905910030007362,4.0,,,,7,5.91,,,,5.62,,,,7.5,,,,12.0,,,,8.26,0.6,2.1,6,3.17,3.21,0.0,0.0,0.0,20,0,9,0,0,1,7,194,0,119,12,63,0,18,0.6134,0.0619,4,2,0,687.1,0.0,4100.0,0.0,3728.873,-2681.595,0.0,0.0,0.0,-1100.0,1.091,-492.682,0.0,-1586.5,216.0,-764.0,75.0,0.0,0.0,0.0,0.0,-684.0,0.0,-1380.0,0.84913,7.79916,-0.23164,2.82866,-0.31065,1.02864,0.01092,0.52227,-0.30039,1.33668,36.0,-2128.762,4175.0,0.0,4419.333,-4073.045,-0.30458,2.92212,0.60763,7.71847,0.0504,1.89309,0.12895,2.4433,0.0064,94.88636,0.99403,1.24339,0.0,-45.3493,59.304,0.0,211.3071,-269.4055,-38.981,49,6,7,156,232,255,149,793,253,21,8.672,8353.28,0.0,210.0,75.0,0.0,-2518.902,-1591.591,-2344.5,0.0,-2064.0,8353.28,0.0,210.0,75.0,0.0,-2518.902,-1591.591,-2344.5,0.0,-2064.0,0,201,46,41,5,3,2,0,195,0.0014566897564827742,0.003954111550556263,0.002541479522915324,-0.02119718823232688,0.09011330352164805,-0.021637721904598946,4.482734343071115e-05,-0.008664917290443554,,3.0,,8.07,,13.0,,8.3,,12.0,,,,,,,,,,
5,25_5_2_5_2_1,25_5_2_5_2_1_StartGoalLocations_Seed1.csv,46,1811.450523674488,41,0.8913043478260869,1,1,1,1,16,1,1,1,1,1,1.0,0.04974240540060401,6.88245727916788,1,1,1,0.14141055249600284,0.44181915082607925,7.20648193359375,5.0,,,,6,7.21,,,,9.6,,,,0.0,,,,3.6,,,,6.72,0.0,0.7,10,7.1,10.52,0.0,0.0,0.0,4,0,2,0,0,0,2,678,0,447,31,200,0,21,0.6593,0.0457,0,0,0,562.9,0.0,4100.0,0.0,3096.408,-2253.509,3.5,0.0,0.0,-100.0,0.308,-136.656,0.0,-899.5,108.0,-420.0,25.0,0.0,0.0,0.0,0.0,-550.0,0.0,-1725.0,0.97873,8.58657,-0.04199,0.94834,-0.21522,0.75692,0.00444,0.33319,-0.40416,1.60518,17.0,-450.176,4125.0,0.0,3548.542,-3913.688,-0.07695,1.01473,0.73281,8.50947,-0.06487,2.07829,0.06307,1.31599,0.00746,98.21429,0.99272,1.3354,0.0,-7.3415,58.5937,0.0,172.1593,-253.7937,-14.814,8,1,0,47,68,81,79,280,128,28,-2.172,7587.716,0.0,108.0,25.0,0.0,-2078.417,-236.348,-1319.5,0.0,-2275.0,7587.716,0.0,108.0,25.0,0.0,-2078.417,-236.348,-1319.5,0.0,-2275.0,0,54,46,41,5,1,0,0,85,0.0011208822992603018,0.0036929141648943185,0.002605759928555926,-0.019795936731388793,0.09723247745074332,-0.01764551297689195,4.711249888089242e-05,-0.005903387334401486,,1.0,,11.02,,14.0,,0.0,,2.0,,,,,,,,,,
6,25_5_2_5_2_1,25_5_2_5_2_1_StartGoalLocations_Seed5.csv,46,-1762.0382933914661,40,0.8695652173913043,13,10,13,13,6,10,2,10,10,10,1.0,0.15596212896622313,4.954541367889518,5,4,4,0.20375814904767992,0.549929676511955,6.998348617553711,4.0,,1.0,1.0,10,8.25,,7.5,2.0,8.5,,10.0,2.0,23.0,,10.0,0.0,22.0,,19.0,0.0,8.69,7.6,9.2,10,3.15,9.31,0.0,0.0,0.0,64,0,25,0,0,12,14,183,0,123,13,47,0,1,0.6721,0.071,2,0,0,782.3,0.0,4000.0,0.0,3656.888,-2511.896,0.0,0.0,0.0,-1300.0,1.459,-636.289,0.0,-1825.5,198.0,-1720.0,100.0,0.0,0.0,0.0,0.0,-782.0,0.0,-1725.0,0.75768,7.21057,-0.24733,2.88053,-0.4279,1.3559,0.01278,0.56516,-0.32047,1.36022,54.0,-3060.489,4100.0,0.0,4412.989,-4083.662,-0.38431,3.04505,0.5241,7.15375,0.0421,1.8099,0.16643,2.39208,0.00562,93.18182,0.99476,1.09183,0.0,-58.1914,58.2386,0.0,204.4507,-282.2797,-65.966,212,20,135,645,97,201,275,1218,591,54,23.659,8204.726,0.12,198.0,100.0,0.0,-2277.433,-1934.95,-3545.5,0.0,-2507.0,8204.726,0.12,198.0,100.0,0.0,-2277.433,-1934.95,-3545.5,0.0,-2507.0,0,59,46,40,6,4,4,1,573,0.0013494033229494561,0.0038585865151253528,0.0029500495162210426,-0.02070965339546092,0.1070783712901175,-0.02433733479262628,3.5729108434452426e-05,-0.004753125507922959,,4.0,,11.52,,17.5,,63.8,,51.0,,,,,,,,,,
7,25_5_2_5_2_1,25_5_2_5_2_1_StartGoalLocations_Seed8.csv,46,-5188.249346375465,37,0.8043478260869565,18,13,18,18,10,13,1,13,13,13,1.0,0.19666702275397926,5.056645691141704,5,3,3,0.2442381562099872,0.5172155688622755,9.539057186671666,6.0,,1.0,1.0,12,11.05,,4.0,0.5,10.08,,12.0,1.0,51.7,,114.0,87.0,68.5,,51.0,35.0,8.03,5.0,7.8,21,4.29,9.26,0.0,0.0,0.0,74,0,38,0,0,15,13,684,0,272,83,329,0,6,0.3977,0.1213,14,0,0,937.2,0.0,3700.0,0.0,5346.567,-4390.946,0.0,0.0,0.0,-1800.0,2.231,-1075.801,0.0,-2734.0,81.0,-2088.0,75.0,0.0,0.0,0.0,0.0,-826.5,0.0,-2415.0,0.59676,6.43246,-0.30661,3.09497,-0.50587,1.2756,0.008,0.44721,-0.34587,1.48404,18.0,-4457.639,3775.0,0.0,6464.222,-6417.353,-0.47371,3.29287,0.4028,6.28626,0.005,2.10988,0.20625,2.31538,0.00427,94.375,0.99605,1.37992,0.0,-82.377,53.6222,0.0,295.9491,-426.5708,-82.03,322,30,230,816,233,372,416,1831,796,70,8.569,9718.36,0.0,81.0,75.0,0.0,-4125.539,-2873.57,-4822.0,0.0,-3241.5,9718.36,0.0,81.0,75.0,0.0,-4125.539,-2873.57,-4822.0,0.0,-3241.5,0,197,46,37,9,3,2,1,832,0.0016655344917171533,0.004089712323620915,0.0034365724274539387,-0.023140171259874477,0.11783561295829713,-0.03523512956770673,5.611343898635823e-05,-0.0065743084809219,1.0,3.0,1.0,9.73,4.0,16.0,0.0,31.0,3.0,19.7,,,,,,,,,,
8,25_5_2_5_2_1,25_5_2_5_2_1_StartGoalLocations_Seed0.csv,46,1460.7727609872818,42,0.9130434782608695,7,6,6,7,17,5,0,6,6,5,1.0,0.08688946015424165,6.630004405975342,5,2,4,0.19376391982182628,0.628591088938586,7.833333333333333,1.0,,2.0,2.0,8,15.5,,8.75,4.0,16.0,,13.5,4.0,0.0,,35.0,5.0,0.0,,40.5,6.0,8.79,2.0,1.6,3,14.99,18.21,0.0,0.0,0.0,25,0,16,0,0,7,9,124,0,84,7,33,0,7,0.6774,0.0565,0,0,0,583.7,0.0,4200.0,0.0,3845.791,-2758.378,7.0,0.0,0.0,-700.0,1.34,-240.179,0.0,-1318.0,136.0,-1004.0,50.0,0.0,0.0,0.0,0.0,-307.5,0.0,-1035.0,1.00704,8.55808,-0.16084,2.44499,-0.37451,1.10695,0.00857,0.46269,-0.23,1.25397,6.6,-1419.368,4250.0,0.0,4631.147,-3404.863,-0.24204,2.5538,0.72811,8.46397,0.21009,1.92997,0.10074,2.42512,0.00754,96.59091,0.9928,1.38671,0.0,-28.8814,60.3693,0.0,217.6928,-231.8692,-31.632,46,14,32,159,73,107,165,504,303,41,10.929,8472.647,0.0,136.0,50.0,0.0,-2594.534,-938.839,-2322.0,0.0,-1342.5,8472.647,0.0,136.0,50.0,0.0,-2594.534,-938.839,-2322.0,0.0,-1342.5,0,58,46,42,4,2,2,2,242,0.0013764760605181436,0.004478094845981104,0.003936495586822275,-0.022495765739586206,0.13311660351231694,-0.042926304702723427,3.6838618454453355e-05,-0.00630698655219021,1.0,2.0,1.0,7.09,5.0,10.5,0.0,0.0,0.0,1.0,,,,,,,,,,
9,25_5_2_5_2_1,25_5_2_5_2_1_StartGoalLocations_Seed0.csv,46,-3431.464835703373,39,0.8478260869565217,12,8,12,12,33,8,3,9,9,9,1.0,0.114656912209889,5.848959964821275,0,0,0,0.2704133064516129,0.5513936183629714,5.993020227977207,7.0,,,,7,5.99,,,,11.86,,,,27.3,,,,25.6,,,,8.05,5.4,6.2,21,0.5,6.42,0.0,1.0,4.76,53,0,24,0,0,7,13,144,0,69,22,53,0,18,0.4792,0.1528,8,1,0,793.6,0.0,3900.0,0.0,3915.323,-2954.503,38.5,0.0,0.0,-1300.0,1.834,-392.72,0.0,-1610.5,441.0,-2644.0,0.0,0.0,0.0,0.0,0.0,-1205.0,0.0,-2415.0,0.71735,7.09235,-0.21307,2.85631,-0.48053,1.59367,0.0,0.0,-0.45615,1.60694,108.0,-2700.237,3900.0,0.0,4527.06,-5479.636,-0.32664,3.016,0.49143,6.99297,-0.12003,2.04829,0.1502,2.3559,0.00491,100.0,0.99509,1.26715,0.0,-53.3487,55.3977,0.0,218.5659,-368.319,-51.36,157,27,84,427,117,186,189,913,388,82,6.851,8458.612,0.0,424.0,0.0,0.0,-2765.692,-1690.885,-4237.5,0.0,-3620.0,8458.612,0.0,424.0,0.0,0.0,-2765.692,-1690.885,-4237.5,0.0,-3620.0,0,75,46,39,7,0,0,0,416,0.0014889381901548404,0.004591692316607805,0.004681125044880901,-0.023047068681335076,0.14445017758756876,-0.044587458182659245,4.488721242012161e-05,-0.010706386640449636,,,,,,,,,,,,,,,,,,,,
10,25_5_2_5_2_1,25_5_2_5_2_1_StartGoalLocations_Seed5.csv,46,149.86173149943352,44,0.9565217391304348,9,6,8,9,50,5,0,6,6,5,1.0,0.14600252661974372,6.011273518352598,1,1,1,0.2077547339945897,0.5278629395852119,7.698060035705566,2.0,,,,3,7.7,,,,14.0,,,,27.5,,,,21.0,,,,7.06,5.7,5.2,1,34.39,34.39,0.0,0.0,0.0,44,0,20,0,0,6,12,121,0,81,8,32,0,12,0.6694,0.0661,12,0,0,554.5,0.0,4400.0,0.0,3679.282,-2715.342,17.5,0.0,0.0,-900.0,2.234,-436.312,0.0,-1266.0,52.0,-2028.0,25.0,0.0,0.0,0.0,0.0,-545.0,0.0,-690.0,1.0705,8.98987,-0.24059,2.84495,-0.58467,1.47412,0.00451,0.3357,-0.22272,1.06719,7.0,-2322.032,4425.0,0.0,4475.929,-3213.901,-0.4175,3.01994,0.79802,8.87844,0.2276,1.89153,0.18503,2.27001,0.00812,98.33333,0.99206,1.3979,0.0,-40.0555,62.8551,0.0,209.5304,-224.0195,-54.403,126,21,95,301,120,171,215,810,387,73,1.454,8499.159,0.806,52.0,25.0,0.0,-2563.219,-1334.885,-3294.0,0.0,-1235.0,8499.159,0.806,52.0,25.0,0.0,-2563.219,-1334.885,-3294.0,0.0,-1235.0,0,96,46,44,2,1,1,0,359,0.0015846529893656224,0.003984506970300572,0.005445749115315266,-0.024145331128966063,0.15260128582827748,-0.07122385600579491,5.1683800006117057e-05,-0.012647585599042941,,1.0,,8.5,,14.0,,20.0,,26.0,,,,,,,,,,
11,25_5_2_5_2_1,25_5_2_5_2_1_StartGoalLocations_Seed3.csv,46,-2799.0539929270744,38,0.8260869565217391,12,9,8,12,34,5,3,9,9,5,1.0,0.08357129259470779,6.091309024570284,5,5,4,0.2046060144651694,0.5099624602945423,7.127594292163849,8.0,,,,13,7.13,,,,15.62,,,,6.8,,,,17.9,,,,6.64,0.3,2.1,28,3.45,7.09,0.0,0.0,0.0,37,0,19,0,0,2,16,640,0,175,103,362,0,45,0.2734,0.1609,0,0,0,1050.8,0.0,3800.0,0.0,5483.664,-4436.071,84.0,0.0,0.0,-1200.0,3.991,-519.937,0.0,-2102.5,848.0,-2144.0,125.0,0.0,0.0,0.0,0.0,-1032.0,0.0,-2760.0,0.56932,6.1406,-0.1633,2.38626,-0.32342,1.28903,0.0119,0.54521,-0.36087,1.51044,76.13,-2442.559,3925.0,0.0,6495.695,-7010.286,-0.2252,2.48503,0.37352,6.02667,-0.04897,2.03863,0.11734,2.04273,0.00409,91.27907,0.99638,1.28997,0.0,-50.2,55.7528,0.0,312.6637,-464.6869,-69.361,58,16,21,226,96,188,351,865,510,83,3.982,10086.014,0.978,848.0,125.0,0.0,-4103.621,-1716.924,-4246.5,0.0,-3792.0,10086.014,0.978,848.0,125.0,0.0,-4103.621,-1716.924,-4246.5,0.0,-3792.0,0,75,46,38,8,5,5,0,372,0.0014685025253925233,0.003914864705729997,0.005778867467306555,-0.024842742604669184,0.16514481297694147,-0.0688353916972119,5.382689283749187e-05,-0.016076737257244532,,5.0,,5.06,,12.4,,0.0,,3.8,,,,,,,,,,
12,25_5_2_5_2_1,25_5_2_5_2_1_StartGoalLocations_Seed1.csv,46,-5195.507353484631,39,0.8478260869565217,9,16,7,9,37,14,3,17,17,15,1.0,0.17638722337294233,5.116727148017706,1,0,1,0.2474664923177509,0.4181104936253678,10.353573594774518,6.0,,1.0,1.0,8,12.0,,0.5,0.5,16.5,,4.0,1.0,63.8,,42.0,40.0,56.2,,47.0,3.0,6.03,14.2,14.9,21,5.77,8.54,0.0,0.0,0.0,89,0,56,0,0,13,18,742,0,470,120,152,0,77,0.6334,0.1617,13,1,0,917.7,0.0,3900.0,0.0,4446.677,-3713.181,56.0,0.0,0.0,-900.0,1.156,-1012.359,0.0,-1733.0,490.0,-3924.0,0.0,0.0,0.0,0.0,0.0,-1309.5,0.0,-2415.0,0.61101,6.6458,-0.20826,2.22232,-0.56304,1.74585,0.0,0.0,-0.40585,1.50495,81.8,-3942.413,3900.0,0.0,5457.829,-5896.936,-0.42068,2.56603,0.42498,6.50515,-0.04785,2.05181,0.21412,2.04795,0.00425,100.0,0.99575,1.24259,0.0,-52.0334,55.3977,0.0,247.405,-415.1195,-65.245,548,45,430,962,135,220,302,1616,562,60,-2.089,9069.345,0.0,490.0,0.0,0.0,-3462.15,-1911.203,-5657.0,0.0,-3724.5,9069.345,0.0,490.0,0.0,0.0,-3462.15,-1911.203,-5657.0,0.0,-3724.5,0,112,46,39,7,0,0,1,925,0.001577353730156119,0.003998561496700859,0.0063733556662919,-0.026406676867045464,0.1820061175711453,-0.07614881836477708,5.789373921629704e-05,-0.017871214191691253,,,,,,,,,,,,,,,,,,,,
13,25_5_2_5_2_1,25_5_2_5_2_1_StartGoalLocations_Seed4.csv,46,-4493.631202369928,39,0.8478260869565217,12,23,11,12,20,22,5,24,24,23,1.0,0.16845039018952063,5.222963320602608,4,2,3,0.236795186093158,0.5037887229774906,7.615407903989156,5.0,,1.0,1.0,10,8.53,,8.32,3.03,11.25,,12.0,6.03,43.2,,0.0,0.0,57.4,,0.0,1.0,7.75,12.7,11.4,15,4.92,7.72,0.0,0.0,0.0,81,0,43,0,0,19,17,679,0,275,101,303,0,18,0.405,0.1487,6,1,0,897.4,0.0,3900.0,0.0,3932.369,-2920.261,21.0,0.0,0.0,-1200.0,1.451,-853.09,0.0,-2675.0,599.0,-3116.0,50.0,0.0,0.0,0.0,0.0,-1060.5,0.0,-2070.0,0.64971,6.66383,-0.22862,2.58686,-0.57856,1.70111,0.00557,0.37318,-0.34884,1.40943,94.4,-3583.221,3950.0,0.0,4814.342,-4830.552,-0.38877,2.83016,0.44016,6.5882,-0.00181,1.83251,0.18932,2.16458,0.00457,96.34146,0.99565,1.07945,0.0,-60.2391,56.108,0.0,221.2071,-341.058,-93.201,280,48,208,743,117,341,313,1504,697,81,2.181,8495.369,0.0,599.0,50.0,0.0,-2664.861,-2051.639,-5791.0,0.0,-3130.5,8495.369,0.0,599.0,50.0,0.0,-2664.861,-2051.639,-5791.0,0.0,-3130.5,0,104,46,39,7,2,1,1,781,0.0018168391834137766,0.004118836376001127,0.006549147884943523,-0.02734322729986161,0.2032982481457293,-0.0907993034329229,6.135901204288529e-05,-0.0181594724713068,1.0,2.0,0.21,13.0,2.71,16.0,0.0,16.0,2.0,18.0,,,,,,,,,,
14,25_5_2_5_2_1,25_5_2_5_2_1_StartGoalLocations_Seed8.csv,46,-106.42235466837883,42,0.9130434782608695,9,8,8,9,41,7,4,8,8,7,1.0,0.08548319620694464,5.82913694633897,2,1,2,0.27818815331010455,0.5781990521327014,8.65500009059906,3.0,,1.0,1.0,6,10.87,,2.0,2.0,17.33,,15.0,3.0,18.7,,0.0,0.0,13.7,,17.0,5.0,6.58,3.1,2.9,6,10.62,11.62,0.0,0.0,0.0,21,0,14,0,0,6,7,122,0,95,6,21,0,2,0.7787,0.0492,2,0,0,717.5,0.0,4200.0,0.0,3851.536,-2905.045,10.5,0.0,0.0,-900.0,0.973,-396.386,0.0,-1276.5,565.0,-1696.0,25.0,0.0,0.0,0.0,0.0,-923.0,0.0,-1380.0,0.81874,7.72147,-0.18055,2.50459,-0.33554,1.36162,0.00348,0.29512,-0.32098,1.31946,95.4,-1921.634,4225.0,0.0,4471.122,-4246.476,-0.25453,2.62718,0.58885,7.63393,0.03131,1.83665,0.12557,2.23866,0.00599,98.25581,0.99415,1.22215,0.0,-36.8465,60.0142,0.0,218.3716,-295.2864,-44.336,35,6,6,181,136,139,154,607,359,46,1.321,8570.689,0.0,554.5,25.0,0.0,-2696.198,-1295.413,-2962.0,0.0,-2303.0,8570.689,0.0,554.5,25.0,0.0,-2696.198,-1295.413,-2962.0,0.0,-2303.0,0,87,46,42,4,1,1,1,238,0.001619477025121796,0.004456384300574427,0.007388677577837371,-0.024016982591710985,0.22837739201262594,-0.11268921373157355,7.264644433689682e-05,-0.019514465200772976,,1.0,,8.12,,16.0,,0.0,,1.0,,,,,,,,,,
15,25_5_2_5_2_1,25_5_2_5_2_1_StartGoalLocations_Seed1.csv,46,1610.3097597509623,42,0.9130434782608695,0,1,0,0,35,1,0,2,2,2,1.0,0.049397800663292024,6.066373546911297,2,2,2,0.11049048699598533,0.37915936952714535,7.361013650894165,4.0,,,,6,7.36,,,,11.0,,,,0.0,,,,5.0,,,,7.21,0.0,0.7,6,6.44,6.89,0.0,0.0,0.0,2,0,0,0,0,0,1,402,0,100,48,254,0,22,0.2488,0.1194,2,1,0,572.9,0.0,4200.0,0.0,3719.069,-2756.444,14.0,0.0,0.0,0.0,0.167,-215.882,0.0,-1138.5,0.0,-972.0,50.0,0.0,0.0,0.0,0.0,-483.0,0.0,-1380.0,1.00358,8.64274,-0.03765,0.17994,-0.36839,0.9312,0.00873,0.46702,-0.32519,1.42646,0.0,-523.44,4250.0,0.0,4190.307,-3876.535,-0.09137,0.39509,0.74184,8.54278,0.05477,2.05745,0.07785,1.17363,0.00768,96.59091,0.99249,1.41872,0.0,-4.4295,60.3693,0.0,207.2506,-257.9006,-13.433,5,1,0,49,85,70,77,283,122,12,-2.776,8328.635,0.167,0.0,50.0,0.0,-2579.11,-215.882,-2110.5,0.0,-1863.0,8328.635,0.167,0.0,50.0,0.0,-2579.11,-215.882,-2110.5,0.0,-1863.0,0,59,46,42,4,2,2,0,83,0.0015862158421350613,0.00452421294467058,0.0074504536335007285,-0.02458599681034684,0.2574483214691281,-0.12696527495951615,7.442171992124713e-05,-0.016420743431226584,,2.0,,3.91,,14.5,,0.0,,1.5,,,,,,,,,,
16,25_5_2_5_2_1,25_5_2_5_2_1_StartGoalLocations_Seed4.csv,46,-854.8723822683096,42,0.9130434782608695,9,11,9,9,31,11,2,11,11,11,1.0,0.16393984465377623,5.484150824300949,4,3,3,0.21166556510244547,0.5774764345956672,4.943332990010579,3.0,,,,7,4.94,,,,3.22,,,,25.0,,,,20.7,,,,8.99,6.9,6.9,3,3.67,5.22,0.0,0.0,0.0,81,0,46,0,0,9,20,833,0,600,65,168,0,16,0.7203,0.078,6,0,0,605.2,0.0,4200.0,0.0,3786.152,-2631.083,45.5,0.0,0.0,-900.0,0.813,-578.955,0.0,-1458.5,279.0,-2840.0,75.0,0.0,0.0,0.0,0.0,-403.0,0.0,-1035.0,0.99236,8.39543,-0.24424,2.72777,-0.66416,1.86825,0.01239,0.55647,-0.23761,1.21046,50.909,-2738.006,4275.0,0.0,4327.069,-3531.663,-0.444,2.96888,0.70638,8.31922,0.13143,1.85164,0.18853,2.44427,0.00744,95.0,0.99306,1.30761,0.0,-42.8266,60.7244,0.0,215.0982,-228.6657,-62.453,147,16,75,413,148,184,242,985,432,69,8.456,8445.369,0.0,263.5,75.0,0.0,-2439.6,-1478.141,-4283.0,0.0,-1438.0,8445.369,0.0,263.5,75.0,0.0,-2439.6,-1478.141,-4283.0,0.0,-1438.0,0,106,46,42,4,3,1,0,448,0.0017233898954623328,0.004375790229387349,0.008161265249655117,-0.026332295590545982,0.27888465151190756,-0.1388873367206543,8.115113495364312e-05,-0.014930347467161481,1.0,3.0,4.07,3.79,5.19,8.33,0.0,17.3,8.0,22.0,,,,,,,,,,
17,25_5_2_5_2_1,25_5_2_5_2_1_StartGoalLocations_Seed0.csv,46,-5435.719938524067,40,0.8695652173913043,15,34,14,15,16,33,8,34,34,33,1.0,0.2084932524452148,4.614299948663128,1,1,1,0.3487078026462223,0.5698206555349412,8.525194803873697,4.0,,,,7,6.91,,,,9.25,,,,6.2,,,,16.0,,,,6.9,15.3,9.8,15,2.5,8.18,0.0,0.0,0.0,97,0,57,0,0,38,16,134,0,96,10,28,0,2,0.7164,0.0746,14,0,0,808.7,0.0,4000.0,0.0,3727.686,-2770.795,0.0,0.0,0.0,-1500.0,3.901,-946.211,0.0,-2564.5,603.0,-3692.0,25.0,0.0,0.0,0.0,0.0,-1060.5,0.0,-2070.0,0.71295,7.09202,-0.302,3.03823,-0.69908,1.93377,0.00309,0.27798,-0.3871,1.4714,177.39,-4391.803,4025.0,0.0,4633.329,-4632.1,-0.52113,3.34616,0.49771,7.0208,0.00015,1.85772,0.23445,2.40991,0.00507,98.17073,0.99493,1.15156,0.0,-72.2166,57.1733,0.0,207.3631,-331.5693,-100.03,352,30,233,837,169,367,334,1700,754,117,18.102,8332.744,0.0,603.0,25.0,0.0,-2567.153,-2442.311,-6256.5,0.0,-3130.5,8332.744,0.0,603.0,25.0,0.0,-2567.153,-2442.311,-6256.5,0.0,-3130.5,0,142,46,40,6,1,1,0,898,0.001886028754115614,0.004270448977331398,0.008599913510552141,-0.027903101850533858,0.2892351061478257,-0.14690944886451918,9.944621536533304e-05,-0.015712140006362462,,1.0,,5.14,,18.0,,35.0,,29.0,2.0,11.75,15.0,327.5,176.0,,,,,
18,25_5_2_5_2_1,25_5_2_5_2_1_StartGoalLocations_Seed1.csv,46,3382.9328054487705,45,0.9782608695652174,3,2,3,3,52,2,0,2,2,2,1.0,0.0698581560283688,6.9707930126088735,0,0,0,0.06309819213045019,0.598014888337469,10.396999835968018,1.0,,,,1,10.4,,,,8.0,,,,0.0,,,,0.0,,,,7.62,0.2,1.0,0,,,,,,17,0,8,0,0,1,7,141,0,91,16,34,0,5,0.6454,0.1135,4,0,0,282.1,0.0,4500.0,0.0,2086.893,-1122.146,3.5,0.0,0.0,-300.0,0.34,-98.255,0.0,-625.5,0.0,-844.0,0.0,0.0,0.0,0.0,0.0,-155.0,0.0,-345.0,2.03841,12.54409,-0.14105,2.30449,-0.52091,1.34869,0.0,0.0,-0.17724,1.02511,0.0,-836.136,4500.0,0.0,2441.708,-1269.094,-0.2964,2.49182,1.59518,12.5289,0.41567,1.6166,0.09536,3.10831,0.01595,100.0,0.98405,1.33674,0.0,-12.0737,63.9205,0.0,118.2879,-91.5309,-15.128,8,2,0,44,49,54,45,194,84,6,3.222,6784.493,0.0,0.0,0.0,0.0,-1034.146,-397.914,-1469.5,0.0,-500.0,6784.493,0.0,0.0,0.0,0.0,-1034.146,-397.914,-1469.5,0.0,-500.0,0,36,46,45,1,0,0,0,57,0.0016849480183464037,0.004509762184898136,0.009654193762689828,-0.027859434104757382,0.30585214518010617,-0.17696256786599407,0.00011732995780221245,-0.01443808531097602,,,,,,,,,,,,,,,,,,,,
19,25_5_2_5_2_1,25_5_2_5_2_1_StartGoalLocations_Seed1.csv,46,53.29008513689041,41,0.8913043478260869,8,4,7,8,41,3,2,4,4,3,1.0,0.09109339099878362,6.3715785767947,4,3,4,0.22445945945945947,0.5020270270270271,9.72341604232788,5.0,,,,9,9.72,,,,11.6,,,,2.0,,,,6.6,,,,8.0,0.7,3.5,10,6.37,7.4,0.0,0.0,0.0,21,0,12,0,0,3,9,126,0,91,12,23,0,16,0.7222,0.0952,6,0,0,740.0,0.0,4100.0,0.0,4639.578,-3594.382,17.5,0.0,0.0,-800.0,0.961,-418.866,0.0,-1120.0,420.0,-1592.0,75.0,0.0,0.0,0.0,0.0,-689.5,0.0,-1725.0,0.79766,7.53815,-0.16458,2.32637,-0.30973,1.245,0.01014,0.50326,-0.32628,1.40384,44.0,-1842.136,4175.0,0.0,5438.516,-4820.323,-0.24299,2.42841,0.56419,7.43912,0.08354,1.98729,0.12905,1.97501,0.00595,94.88636,0.99446,1.39405,0.0,-34.5719,59.304,0.0,259.3661,-336.612,-43.317,42,7,8,164,154,152,190,665,295,37,5.73,9250.842,0.0,420.0,75.0,0.0,-3348.146,-1217.906,-2712.0,0.0,-2414.5,9250.842,0.0,420.0,75.0,0.0,-3348.146,-1217.906,-2712.0,0.0,-2414.5,0,108,46,41,5,3,3,0,223,0.0017691143410229415,0.004660410444776062,0.010140079872508067,-0.030160904009826482,0.3239635591581464,-0.18835864414235404,0.00014093002032495862,-0.018596673068095697,1.0,3.0,1.4,9.52,2.4,15.33,0.0,0.0,0.0,1.7,,,,,,,,,,
20,25_5_2_5_2_1,25_5_2_5_2_1_StartGoalLocations_Seed3.csv,46,1367.7047179937363,42,0.9130434782608695,4,2,4,4,42,2,1,2,2,2,1.0,0.05950297514875744,7.384462790583913,3,2,3,0.17200349956255467,0.5970571590265987,10.632381439208984,3.0,,1.0,1.0,7,13.84,,9.5,1.0,15.33,,12.0,4.0,0.0,,0.0,0.0,2.3,,11.0,11.0,7.76,0.3,0.8,6,7.16,9.51,0.0,0.0,0.0,13,0,5,0,0,1,5,388,0,273,52,63,0,6,0.7036,0.134,2,0,0,571.5,0.0,4200.0,0.0,3631.358,-2680.031,14.0,0.0,0.0,-400.0,0.39,-222.011,0.0,-827.0,108.0,-1288.0,50.0,0.0,0.0,0.0,0.0,-410.5,0.0,-1380.0,1.00382,8.64398,-0.10877,1.87461,-0.35118,1.1502,0.00875,0.4676,-0.3133,1.44668,18.0,-1027.952,4250.0,0.0,4487.26,-3687.509,-0.17672,1.96165,0.74366,8.55316,0.13994,2.05076,0.09729,1.88121,0.0077,96.59091,0.99265,1.441,0.0,-17.3354,60.3693,0.0,203.8737,-251.0265,-21.604,16,3,0,61,92,76,105,335,150,27,1.33,8254.958,0.0,108.0,50.0,0.0,-2518.131,-621.622,-2115.0,0.0,-1790.5,8254.958,0.0,108.0,50.0,0.0,-2518.131,-621.622,-2115.0,0.0,-1790.5,0,56,46,42,4,2,2,1,110,0.001829472499325675,0.004665379526995821,0.010753747802518775,-0.028521904948865993,0.34233743999153377,-0.22280471890528133,0.00022181962822060086,-0.010003828132030322,,2.0,,4.6,,7.5,,0.0,,2.5,,,,,,,,,,
21,25_5_2_5_2_1,25_5_2_5_2_1_StartGoalLocations_Seed7.csv,46,1734.3606432080269,43,0.9347826086956522,3,6,1,3,31,4,0,6,6,4,1.0,0.13081617086193745,6.613166856155379,3,1,3,0.09267734553775744,0.4406941266209001,5.373021046320598,2.0,,1.0,1.0,6,6.56,,5.48,3.0,4.5,,15.0,12.0,5.0,,20.0,0.0,19.0,,29.0,16.0,9.81,1.5,3.5,3,17.84,23.73,0.0,0.0,0.0,26,0,14,0,0,2,9,541,0,306,51,184,0,5,0.5656,0.0943,0,0,0,524.4,0.0,4300.0,0.0,3566.935,-2341.514,7.0,0.0,0.0,-300.0,0.312,-418.772,0.0,-1232.0,244.0,-1204.0,25.0,0.0,0.0,0.0,0.0,-402.0,0.0,-1035.0,1.155,9.11243,-0.13701,1.70333,-0.418,1.27073,0.00477,0.3452,-0.27403,1.3006,13.382,-1364.935,4325.0,0.0,4085.61,-3245.957,-0.25773,1.8542,0.82475,9.02427,0.16012,1.99518,0.15332,1.71432,0.00839,98.29545,0.99104,1.41073,0.0,-19.9483,61.4347,0.0,199.7557,-211.4459,-38.227,84,11,32,232,116,160,175,682,275,28,3.094,8258.236,0.0,244.0,25.0,0.0,-2201.416,-718.46,-2436.0,0.0,-1437.0,8258.236,0.0,244.0,25.0,0.0,-2201.416,-718.46,-2436.0,0.0,-1437.0,0,76,46,43,3,1,1,1,332,0.0016542577212430843,0.00487858768858132,0.01102805027650902,-0.027010450770612805,0.36583184778690336,-0.23620187320080732,0.00024508682938630957,-0.0045703958382364365,1.0,1.0,0.42,8.39,2.0,10.0,0.0,0.0,4.0,2.0,,,,,,,,,,
22,25_5_2_5_2_1,25_5_2_5_2_1_StartGoalLocations_Seed9.csv,46,-7044.78326690197,35,0.7608695652173914,16,8,16,16,21,8,2,10,10,10,1.0,0.15083235244661175,4.800228053174896,2,1,2,0.25831932773109245,0.5857542136021004,12.509347698905252,10.0,,1.0,1.0,13,13.56,,8.34,2.03,14.6,,13.0,2.08,22.9,,0.0,55.0,31.1,,12.0,70.0,7.08,5.5,7.1,55,1.78,5.72,0.0,1.0,1.82,65,0,35,0,0,8,19,329,0,156,33,140,0,37,0.4742,0.1003,8,2,0,1190.0,0.0,3500.0,0.0,6396.07,-5576.207,35.0,0.0,0.0,-1800.0,2.15,-1052.296,0.0,-2793.5,225.0,-2412.0,25.0,0.0,0.0,0.0,0.0,-989.0,0.0,-3795.0,0.46595,5.5895,-0.23951,2.74886,-0.41853,1.19189,0.0021,0.22916,-0.40202,1.62731,54.0,-4240.168,3525.0,0.0,8013.359,-8300.196,-0.35178,2.88073,0.29622,5.42001,-0.0241,2.16108,0.17353,2.0795,0.00303,97.91667,0.99706,1.37493,0.0,-82.8289,50.071,0.0,351.546,-576.0681,-122.033,205,24,101,637,182,378,585,1775,996,146,-4.978,10773.744,0.0,225.0,25.0,0.0,-5228.881,-2850.146,-5205.5,0.0,-4784.0,10773.744,0.0,225.0,25.0,0.0,-5228.881,-2850.146,-5205.5,0.0,-4784.0,0,142,46,35,11,1,1,1,871,0.001612685273266834,0.004818610118236393,0.012199567680072505,-0.02693054751260206,0.38884855460375545,-0.25836988775758074,0.0002758335504495335,-0.00212747860190575,,1.0,,7.0,,17.0,,0.0,,12.0,,,,,,,,,,
23,25_5_2_5_2_1,25_5_2_5_2_1_StartGoalLocations_Seed3.csv,46,-707.0199020802975,39,0.8478260869565217,6,2,4,6,23,0,0,3,3,1,1.0,0.06822863027806385,6.5394211535665265,0,0,0,0.19680782597502897,0.42831615120274913,9.611746447426933,7.0,,,,7,9.61,,,,12.57,,,,1.4,,,,7.6,,,,7.1,0.0,1.9,21,5.02,7.59,0.0,0.0,0.0,11,0,5,0,0,0,5,301,0,165,99,37,0,4,0.5482,0.3289,2,1,0,776.9,0.0,3900.0,0.0,4815.042,-3995.318,3.5,0.0,0.0,-600.0,1.094,-360.738,0.0,-950.5,216.0,-816.0,0.0,0.0,0.0,0.0,0.0,-1127.0,0.0,-2570.0,0.70796,7.31011,-0.12352,1.96939,-0.19958,0.77728,0.0,0.0,-0.47587,1.65638,10.8,-1322.258,3900.0,0.0,5359.71,-6346.994,-0.16881,2.03004,0.502,7.06736,-0.12708,2.50714,0.09062,1.89355,0.00502,100.0,0.99498,1.51445,0.0,-26.1734,55.3977,0.0,263.3954,-427.6112,-31.749,29,3,0,128,112,134,146,521,265,36,-6.186,9292.781,0.46,216.0,0.0,0.0,-3792.657,-960.104,-1766.5,0.0,-3697.0,9292.781,0.46,216.0,0.0,0.0,-3792.657,-960.104,-1766.5,0.0,-3697.0,0,87,46,39,7,0,0,0,184,0.0016011782557552579,0.004889816796494415,0.013399747989315074,-0.02730331365717575,0.39573950685560705,-0.3021827132652106,0.0003544572830014658,-0.005014776427560719,,,,,,,,,,,,,,,,,,,,
24,25_5_2_5_2_1,25_5_2_5_2_1_StartGoalLocations_Seed1.csv,46,-1782.0380019843578,36,0.782608695652174,4,5,4,4,20,5,4,7,7,7,1.0,0.10107551752052735,5.957448060986512,2,1,1,0.17208280328437608,0.5566092286342084,13.196526421440971,8.0,,1.0,1.0,11,13.1,,7.15,14.0,15.88,,14.0,3.18,0.0,,0.0,20.0,4.5,,1.0,22.0,6.74,0.3,1.1,36,7.43,9.63,0.0,0.0,0.0,17,0,6,0,0,3,5,112,0,78,6,28,0,12,0.6964,0.0536,12,2,0,864.7,0.0,3600.0,0.0,4362.252,-3584.027,70.0,0.0,0.0,-400.0,0.696,-544.659,0.0,-1657.5,275.0,-1300.0,25.0,0.0,0.0,0.0,0.0,-388.5,0.0,-3105.0,0.61442,6.55101,-0.10917,1.53124,-0.31022,1.06841,0.00289,0.26883,-0.40401,1.72081,71.0,-1645.382,3625.0,0.0,5606.508,-5870.727,-0.18207,1.67151,0.41922,6.44434,-0.03056,2.18376,0.12293,1.61466,0.00428,97.97297,0.99584,1.33286,0.0,-25.9169,51.4915,0.0,245.2583,-396.4169,-49.95,39,10,13,151,223,280,218,874,369,46,-8.581,8563.711,0.0,262.5,25.0,0.0,-3250.786,-943.963,-2945.0,0.0,-3493.5,8563.711,0.0,262.5,25.0,0.0,-3250.786,-943.963,-2945.0,0.0,-3493.5,0,172,46,36,10,1,0,1,263,0.001625349110422576,0.004878845044586342,0.014348622901306953,-0.02547663521487266,0.4193495263531804,-0.31685252700266575,0.0003698288582472742,-0.020865996566426473,,1.0,,1.0,,2.25,,17.0,,50.0,,,,,,,,,,
25,25_5_2_5_2_1,25_5_2_5_2_1_StartGoalLocations_Seed5.csv,46,1507.4416580796242,41,0.8913043478260869,4,2,4,4,17,2,0,2,2,2,1.0,0.06425293217746048,7.484518172932729,3,1,2,0.11318830727396328,0.5260027192386132,7.337867319583893,3.0,,1.0,1.0,7,7.45,,9.0,7.0,7.33,,18.0,6.77,7.3,,0.0,0.0,13.7,,0.0,0.0,8.09,0.4,1.0,6,14.41,16.38,0.0,0.0,0.0,11,0,3,0,0,3,4,229,0,138,13,78,0,8,0.6026,0.0568,2,0,0,588.4,0.0,4100.0,0.0,3518.911,-2523.113,3.5,0.0,0.0,-400.0,0.938,-216.194,0.0,-1059.5,0.0,-776.0,25.0,0.0,0.0,0.0,0.0,-374.5,0.0,-1380.0,0.96664,8.41588,-0.10456,1.84425,-0.31195,0.90519,0.00425,0.32589,-0.29818,1.41026,0.0,-928.897,4125.0,0.0,4042.172,-3599.406,-0.15787,1.92662,0.70105,8.32438,0.07525,1.98714,0.07665,2.05964,0.00714,98.21429,0.99184,1.30939,0.0,-17.889,58.5937,0.0,196.7242,-239.8786,-26.094,22,15,12,81,39,116,132,371,194,30,-5.859,8008.801,0.0,0.0,25.0,0.0,-2321.103,-615.256,-1835.5,0.0,-1754.5,8008.801,0.0,0.0,25.0,0.0,-2321.103,-615.256,-1835.5,0.0,-1754.5,0,34,46,41,5,1,1,1,165,0.0017464791839483951,0.00494802221772261,0.015712710625957697,-0.023800814471906052,0.4477506228908896,-0.3560912024290883,0.00046663686097417665,-0.02547534838115098,1.0,1.0,4.0,5.0,8.0,9.0,0.0,0.0,1.0,1.0,,,,,,,,,,
26,25_5_2_5_2_1,25_5_2_5_2_1_StartGoalLocations_Seed2.csv,46,1720.697194993496,43,0.9347826086956522,2,3,1,2,27,2,0,3,3,2,1.0,0.08573040045121263,6.342680290212509,1,1,1,0.14586466165413534,0.47686230248307,7.850666522979736,3.0,,,,4,7.85,,,,9.0,,,,0.0,,,,0.7,,,,8.67,2.0,1.9,3,8.05,17.6,0.0,0.0,0.0,10,0,6,0,0,2,4,144,0,93,17,34,0,7,0.6458,0.1181,4,0,0,532.0,0.0,4300.0,0.0,2568.849,-1500.117,3.5,0.0,0.0,-200.0,1.142,-278.677,0.0,-1114.0,112.0,-968.0,25.0,0.0,0.0,0.0,0.0,-626.0,0.0,-1135.0,1.10982,9.00679,-0.08976,1.3834,-0.3703,1.08194,0.0047,0.34272,-0.33102,1.31407,8.0,-901.084,4325.0,0.0,3028.808,-2614.983,-0.16787,1.49857,0.81297,8.96011,0.07779,1.75613,0.10658,1.60332,0.00827,98.29545,0.99192,1.06951,0.0,-13.1841,61.4347,0.0,142.86,-182.2181,-25.714,26,15,14,95,92,135,130,455,196,43,-6.951,7269.284,1.103,112.0,25.0,0.0,-1365.051,-478.638,-2082.0,0.0,-1761.0,7269.284,1.103,112.0,25.0,0.0,-1365.051,-478.638,-2082.0,0.0,-1761.0,0,81,46,43,3,1,1,0,147,0.0014924530823282112,0.0055051878016092815,0.01564451714802999,-0.02259424620133359,0.4801422921195626,-0.36920413506508337,0.0005622479316662065,-0.025519323781045388,,1.0,,3.36,,13.0,,0.0,,11.0,,,,,,,,,,
27,25_5_2_5_2_1,25_5_2_5_2_1_StartGoalLocations_Seed0.csv,46,-2504.3734563589096,38,0.8260869565217391,7,3,7,7,13,3,1,3,3,3,1.0,0.15985604829347574,5.144388828074569,2,2,1,0.26720835751596056,0.5297736506094022,11.583684989384242,7.0,,,,9,11.58,,,,14.34,,,,3.9,,,,21.3,,,,7.35,0.8,5.9,21,8.54,9.79,0.0,0.0,0.0,20,0,12,0,0,3,6,121,0,73,3,45,0,4,0.6033,0.0248,0,0,0,861.5,0.0,3800.0,0.0,4717.207,-3789.218,0.0,0.0,0.0,-700.0,1.637,-1009.499,0.0,-2181.0,117.0,-676.0,50.0,0.0,0.0,0.0,0.0,-1281.0,0.0,-2415.0,0.64881,6.77548,-0.19824,2.02817,-0.31805,0.76911,0.0058,0.38087,-0.42902,1.53537,36.0,-2542.208,3850.0,0.0,5614.022,-6176.969,-0.29091,2.12903,0.44689,6.63736,-0.06535,2.1593,0.17284,1.7315,0.00464,96.25,0.99559,1.37472,0.0,-42.8179,54.6875,0.0,260.0536,-418.2257,-70.655,199,40,137,552,181,313,328,1372,552,48,4.345,9142.068,0.32,117.0,50.0,0.0,-3552.58,-1708.182,-2857.0,0.0,-3696.0,9142.068,0.32,117.0,50.0,0.0,-3552.58,-1708.182,-2857.0,0.0,-3696.0,0,176,46,38,8,2,1,0,565,0.0018096683594603746,0.005500383385224268,0.016190534979104994,-0.02217957763990853,0.5122358780354261,-0.38670751486031807,0.0006299648809726932,-0.02479742683994118,,2.0,,7.0,,14.0,,9.5,,91.5,,,,,,,,,,
28,25_5_2_5_2_1,25_5_2_5_2_1_StartGoalLocations_Seed6.csv,46,-111.49226820468903,40,0.8695652173913043,8,4,8,8,11,4,0,5,5,5,1.0,0.12466469010306368,5.620015338317799,2,1,1,0.13352152434721243,0.6204657727593508,8.485678672790527,4.0,,1.0,1.0,7,9.27,,6.36,5.35,10.75,,14.0,1.35,0.0,,15.0,15.0,3.8,,22.0,28.0,8.49,0.9,2.7,10,3.95,5.61,0.0,0.0,0.0,23,0,11,0,0,1,8,121,0,97,8,16,0,5,0.8017,0.0661,6,1,0,708.5,0.0,4000.0,0.0,4389.303,-3400.114,31.5,0.0,0.0,-800.0,2.18,-496.361,0.0,-1886.0,0.0,-736.0,25.0,0.0,0.0,0.0,0.0,-224.5,0.0,-1725.0,0.80864,7.61271,-0.18266,2.37589,-0.37008,0.84381,0.00353,0.29699,-0.27516,1.42336,0.0,-1904.44,4025.0,0.0,5083.148,-4480.065,-0.2688,2.47718,0.5681,7.49819,0.08512,2.03274,0.13267,2.026,0.00579,98.17073,0.99393,1.35803,0.0,-38.2735,57.1733,0.0,245.5245,-298.5994,-64.781,56,15,32,179,155,289,249,872,412,80,-9.741,8852.97,0.56,0.0,25.0,0.0,-3123.782,-1294.74,-2622.0,0.0,-1949.5,8852.97,0.56,0.0,25.0,0.0,-3123.782,-1294.74,-2622.0,0.0,-1949.5,0,132,46,40,6,1,1,1,320,0.0018296120790137137,0.00596068943181308,0.01584935529739596,-0.02095583123038523,0.5528270542994141,-0.35912108344684385,0.0006552326996461488,-0.025522815126751083,,1.0,,3.0,,5.0,,0.0,,10.0,,,,,,,,,,
29,25_5_2_5_2_1,25_5_2_5_2_1_StartGoalLocations_Seed0.csv,46,-2962.289752662182,37,0.8043478260869565,16,0,16,16,8,0,0,0,0,0,0.0,0.08326567433468651,5.917688764072534,1,1,1,0.2337510141530695,0.5402427637721755,9.85570940706465,9.0,,,,10,9.86,,,,12.44,,,,7.2,,,,11.3,,,,6.76,2.4,3.6,36,5.24,8.74,0.0,0.0,0.0,23,0,10,0,0,0,8,354,0,281,25,48,0,8,0.7938,0.0706,0,0,0,1109.3,0.0,3700.0,0.0,6408.806,-5549.949,3.5,0.0,0.0,-1600.0,2.83,-608.276,0.0,-1920.0,0.0,-368.0,25.0,0.0,0.0,0.0,0.0,-905.5,0.0,-3260.0,0.51128,5.93087,-0.19881,2.68178,-0.20626,0.42035,0.00225,0.23735,-0.37551,1.55095,0.0,-2698.387,3725.0,0.0,7471.445,-7939.414,-0.24325,2.75022,0.3358,5.77044,-0.04219,2.07417,0.09159,2.65589,0.00343,98.02632,0.99657,1.39402,0.0,-62.4279,52.9119,0.0,350.6551,-539.4061,-63.279,63,7,10,223,147,291,240,899,511,116,-17.059,10867.699,0.0,0.0,25.0,0.0,-5196.042,-2205.446,-2288.0,0.0,-4165.5,10867.699,0.0,0.0,25.0,0.0,-5196.042,-2205.446,-2288.0,0.0,-4165.5,0,117,46,37,9,1,1,0,377,0.0020066390672900526,0.005584036284708418,0.016440097606100608,-0.020644483026699162,0.5876235799491405,-0.3787223172161612,0.0007614804417244159,-0.04480753069365164,,1.0,,10.0,,12.0,,0.0,,1.0,,,,,,,,,,
30,25_5_2_5_2_1,25_5_2_5_2_1_StartGoalLocations_Seed1.csv,46,-1272.9613437652588,38,0.8260869565217391,6,1,6,6,14,1,0,1,1,1,1.0,0.07027692307692307,5.54737173720048,1,0,0,0.21973425196850394,0.43224678406394407,7.3606367111206055,5.0,,1.0,1.0,8,9.15,,6.97,2.47,8.2,,14.0,2.47,5.0,,0.0,0.0,12.0,,25.0,29.0,6.89,0.3,0.1,21,0.81,7.89,0.0,1.0,4.76,17,0,7,0,0,1,7,102,0,68,2,32,0,4,0.6667,0.0196,2,0,0,812.8,0.0,3800.0,0.0,4924.793,-4148.417,21.0,0.0,0.0,-600.0,0.766,-322.403,0.0,-1441.0,0.0,-740.0,0.0,0.0,0.0,0.0,0.0,-1165.5,0.0,-2415.0,0.66562,7.03167,-0.11339,1.92376,-0.26833,0.72559,0.0,0.0,-0.44051,1.58685,0.0,-1351.471,3800.0,0.0,5469.123,-6714.398,-0.16627,1.99882,0.46752,6.82154,-0.15321,2.36884,0.08477,1.9615,0.00468,100.0,0.99532,1.506,0.0,-26.9629,53.9773,0.0,275.3831,-434.4187,-32.827,37,15,23,133,109,178,146,568,238,38,1.833,9345.41,0.0,0.0,0.0,0.0,-3935.234,-921.637,-2181.0,0.0,-3580.5,9345.41,0.0,0.0,0.0,0.0,-3935.234,-921.637,-2181.0,0.0,-3580.5,0,100,46,38,8,0,0,1,181,0.001779376583958765,0.005200297715782653,0.01804694830381777,-0.019394972492591478,0.6106692789494992,-0.40533317990950307,0.0007261440197908087,-0.06193452629202511,,,,,,,,,,,,,,,,1.0,3.3,5.0,0.0,19.0
31,25_5_2_5_2_1,25_5_2_5_2_1_StartGoalLocations_Seed0.csv,46,-2490.593017041683,38,0.8260869565217391,10,2,10,10,7,2,0,2,2,2,1.0,0.1261150758251561,5.390003927660164,2,1,1,0.1913518332776106,0.4759835060737769,13.559836387634277,6.0,,1.0,1.0,9,14.57,,9.74,7.5,13.17,,18.0,5.0,5.0,,15.0,30.0,11.0,,25.0,176.0,8.59,0.3,1.6,21,6.5,7.76,0.0,0.0,0.0,17,0,13,0,0,2,5,103,0,71,6,26,0,12,0.6893,0.0583,0,0,0,897.3,0.0,3800.0,0.0,4871.19,-3897.615,3.5,0.0,0.0,-1000.0,1.705,-729.173,0.0,-2336.5,0.0,-424.0,25.0,0.0,0.0,0.0,0.0,-1132.0,0.0,-2570.0,0.63238,6.61386,-0.19252,2.36411,-0.30765,0.55047,0.00279,0.2639,-0.41257,1.56209,0.0,-2359.621,3825.0,0.0,5962.401,-5960.881,-0.26297,2.44009,0.42628,6.49902,0.00017,2.0667,0.13251,1.98454,0.00435,98.07692,0.99554,1.33475,0.0,-47.8272,54.3324,0.0,271.8021,-427.5121,-66.973,64,15,28,319,204,379,217,1115,620,79,-1.346,9292.503,0.0,0.0,25.0,0.0,-3618.128,-1727.468,-2760.5,0.0,-3702.0,9292.503,0.0,0.0,25.0,0.0,-3618.128,-1727.468,-2760.5,0.0,-3702.0,0,182,46,38,8,1,0,1,442,0.0017126698603760816,0.004828610304102767,0.01763650614739163,-0.01819146303285379,0.6310872380435467,-0.42142072852002455,0.0006964800652713165,-0.09396220403024927,,1.0,,2.26,,9.0,,0.0,,1.0,,,,,,,,,,
32,25_5_2_5_2_1,25_5_2_5_2_1_StartGoalLocations_Seed1.csv,46,255.472741574049,41,0.8913043478260869,6,3,6,6,10,3,1,3,3,3,1.0,0.12703034017775053,5.778942871707515,3,3,2,0.22472426470588236,0.5302686953706701,13.952127265930176,5.0,,,,8,13.95,,,,15.8,,,,5.0,,,,25.4,,,,6.43,0.4,1.0,10,5.48,7.72,0.0,0.0,0.0,11,0,9,0,0,1,5,955,0,429,72,454,0,4,0.4492,0.0754,4,0,0,652.8,0.0,4100.0,0.0,2703.929,-1813.824,3.5,0.0,0.0,-600.0,1.57,-548.503,0.0,-1502.0,342.0,-672.0,75.0,0.0,0.0,0.0,0.0,-762.0,0.0,-1725.0,0.86495,7.96575,-0.17569,2.15152,-0.28064,1.07078,0.01149,0.53581,-0.38097,1.49775,17.0,-1679.084,4175.0,0.0,3575.649,-3262.28,-0.25461,2.24761,0.63955,7.91736,0.048,1.86967,0.13404,1.93838,0.00674,94.88636,0.99311,1.05475,0.0,-30.4939,59.304,0.0,150.5387,-241.5899,-30.442,39,8,8,218,219,190,197,821,392,42,-2.348,7306.971,0.8,323.0,75.0,0.0,-1660.566,-1147.732,-2155.0,0.0,-2487.0,7306.971,0.8,323.0,75.0,0.0,-1660.566,-1147.732,-2155.0,0.0,-2487.0,0,190,46,41,5,3,3,0,260,0.0017346172599491184,0.0047539171422249634,0.018685044258018025,-0.017128752457210794,0.6575221499055623,-0.439428965250554,0.0007376992016543227,-0.12483767820522189,,3.0,,2.96,,6.33,,3.3,,19.3,,,,,,,,,,
33,25_5_2_5_2_1,25_5_2_5_2_1_StartGoalLocations_Seed5.csv,46,-2282.7623932883143,40,0.8695652173913043,12,2,12,12,13,2,0,2,2,2,1.0,0.2358689910195457,5.3323773698024235,1,1,1,0.29553854276663144,0.5760295670538543,11.148037592569986,6.0,,,,7,11.15,,,,13.5,,,,14.5,,,,39.7,,,,7.0,0.5,5.0,15,5.84,11.34,0.0,0.0,0.0,25,0,14,0,0,2,9,88,0,73,1,14,0,10,0.8295,0.0114,2,0,0,757.6,0.0,4000.0,0.0,4189.984,-3303.027,7.0,0.0,0.0,-1200.0,2.194,-1255.513,0.0,-2161.0,0.0,-512.0,25.0,0.0,0.0,0.0,0.0,-763.0,0.0,-2070.0,0.74598,7.42474,-0.32383,2.8158,-0.35282,0.62437,0.0033,0.2872,-0.37394,1.51337,0.0,-3450.334,4025.0,0.0,5113.506,-4873.055,-0.45543,2.9498,0.53128,7.25249,0.03174,2.24517,0.24512,1.85802,0.00541,98.17073,0.99472,1.32518,0.0,-64.0543,57.1733,0.0,225.8579,-336.6603,-95.561,131,10,42,431,380,515,450,1774,907,201,-28.485,8759.572,0.24,0.0,25.0,0.0,-3108.015,-2453.56,-2673.0,0.0,-2833.0,8759.572,0.24,0.0,25.0,0.0,-3108.015,-2453.56,-2673.0,0.0,-2833.0,0,299,46,40,6,1,1,0,713,0.0018622599948639618,0.004760890297184232,0.01858363802661188,-0.01691014476935379,0.7034813141077757,-0.43885005628166257,0.0007592528747591132,-0.12408708899514749,,1.0,,2.2,,12.0,,0.0,,1.0,,,,,,,,,,
34,25_5_2_5_2_1,25_5_2_5_2_1_StartGoalLocations_Seed8.csv,46,2465.3359722942114,42,0.9130434782608695,3,0,3,3,4,0,0,0,0,0,0.0,0.059256722041445456,6.425710249851064,5,5,5,0.1537934577838671,0.6191128617914027,4.129814714193344,4.0,,,,9,4.13,,,,7.88,,,,0.0,,,,6.5,,,,7.24,0.0,0.5,6,8.41,8.86,0.0,0.0,0.0,6,0,3,0,0,0,3,505,0,324,58,123,0,11,0.6416,0.1149,0,0,0,583.9,0.0,4200.0,0.0,3881.708,-2816.147,7.0,0.0,0.0,-300.0,0.476,-204.101,0.0,-945.0,0.0,-96.0,125.0,0.0,0.0,0.0,0.0,-591.5,0.0,-1380.0,1.00299,8.56172,-0.08625,1.60752,-0.17828,0.33897,0.02141,0.73126,-0.33764,1.40109,0.0,-693.681,4325.0,0.0,4145.712,-4179.482,-0.1188,1.65564,0.74071,8.48037,-0.00578,2.06314,0.06268,1.8953,0.00805,92.02128,0.99246,1.43662,0.0,-14.2811,61.4347,0.0,214.4739,-265.8418,-15.842,15,5,2,65,71,103,99,341,137,19,0.056,8487.608,0.0,0.0,125.0,0.0,-2631.147,-503.625,-1041.0,0.0,-1971.5,8487.608,0.0,0.0,125.0,0.0,-2631.147,-503.625,-1041.0,0.0,-1971.5,0,62,46,42,4,5,3,0,113,0.0018498751407719284,0.004398071382311173,0.018257766042952425,-0.017137825843528843,0.7345146870613098,-0.43114502866286786,0.0010565377000784793,-0.1127543194743339,,5.0,,4.76,,12.4,,0.0,,4.0,,,,,,,,,,
35,25_5_2_5_2_1,25_5_2_5_2_1_StartGoalLocations_Seed6.csv,46,3647.736328110099,44,0.9565217391304348,1,0,1,1,8,0,0,0,0,0,0.0,0.0760715299460687,7.272544993958435,0,0,0,0.02838489923360772,0.45898382060743687,3.878093719482422,2.0,,,,2,3.88,,,,6.0,,,,0.0,,,,15.0,,,,7.5,0.0,1.0,1,37.87,37.87,0.0,0.0,0.0,2,0,1,0,0,0,1,446,0,86,26,334,0,0,0.1928,0.0583,0,0,0,352.3,0.0,4400.0,0.0,3389.292,-2453.564,0.0,0.0,0.0,-100.0,0.01,-166.301,0.0,-887.0,0.0,-64.0,0.0,0.0,0.0,0.0,0.0,-133.0,0.0,-690.0,1.61454,11.25363,-0.07559,1.20616,-0.26994,0.35452,0.0,0.0,-0.23361,1.30448,0.0,-426.81,4400.0,0.0,3598.588,-2963.101,-0.12115,1.2595,1.24894,11.10557,0.18038,2.42775,0.07834,1.54641,0.01249,100.0,0.98751,1.88608,0.0,-7.0296,62.5,0.0,188.5425,-182.1009,-10.116,25,15,12,73,45,83,65,266,94,12,-2.482,8032.432,0.0,0.0,0.0,0.0,-2344.404,-266.292,-951.0,0.0,-823.0,8032.432,0.0,0.0,0.0,0.0,-2344.404,-266.292,-951.0,0.0,-823.0,0,44,46,44,2,0,0,0,90,0.0019228835284980051,0.004232955072657205,0.018717116603220348,-0.017776911056716926,0.7624631475657224,-0.44598863478180645,0.0009649842268481734,-0.12314981150673703,,,,,,,,,,,,,,,,,,,,
36,25_5_2_5_2_1,25_5_2_5_2_1_StartGoalLocations_Seed7.csv,46,-2301.2684636861086,38,0.8260869565217391,11,4,11,11,4,4,0,4,4,4,1.0,0.15568022440392706,6.0328790029261725,4,1,2,0.2582536647546208,0.5989291177970423,11.785714285714286,4.0,1.0,2.0,2.0,11,12.88,9.0,5.2,11.0,10.0,8.0,11.0,5.0,12.5,10.0,20.0,17.5,14.8,13.0,64.0,131.5,7.4,1.1,1.7,21,2.5,7.52,0.0,0.0,0.0,28,0,22,0,0,5,14,618,0,534,25,59,0,0,0.8641,0.0405,0,0,0,784.5,0.0,3800.0,0.0,5590.749,-4772.871,0.0,0.0,0.0,-1100.0,1.005,-612.151,0.0,-2112.5,0.0,-688.0,25.0,0.0,0.0,0.0,0.0,-802.0,0.0,-2415.0,0.68864,7.15308,-0.21812,2.64796,-0.35698,0.80727,0.00319,0.28224,-0.41007,1.63314,0.0,-2498.769,3825.0,0.0,6284.369,-7002.966,-0.31852,2.75082,0.48757,6.94841,-0.0916,2.45732,0.1587,2.00704,0.00497,98.07692,0.98713,1.71582,0.0,-51.6992,54.3324,0.0,314.541,-451.6337,-54.284,208,35,151,536,162,283,231,1202,512,41,0.623,9942.676,0.0,0.0,25.0,0.0,-4540.298,-1711.146,-2800.5,0.0,-3217.0,9942.676,0.0,0.0,25.0,0.0,-4540.298,-1711.146,-2800.5,0.0,-3217.0,0,140,46,38,8,1,1,2,602,0.0020493396973051857,0.004195795740088215,0.019093159125768578,-0.018582986663095654,0.7877142260223627,-0.4631532561132917,0.0014253896744048688,-0.12997116553597152,1.0,1.0,0.5,5.5,9.0,19.0,0.0,10.0,0.0,11.0,,,,,,,,,,
37,25_5_2_5_2_1,25_5_2_5_2_1_StartGoalLocations_Seed2.csv,46,-4667.4587261378765,37,0.8043478260869565,16,4,15,16,4,3,1,5,5,4,1.0,0.18238005447307773,5.680958605489465,2,0,2,0.16186786723903257,0.3927392739273927,9.923983295758566,4.0,1.0,2.0,2.0,11,4.66,13.0,8.5,4.75,11.25,12.0,13.0,3.57,8.8,20.0,10.0,5.0,20.0,43.0,48.0,43.5,8.57,2.1,4.0,36,1.19,6.42,0.0,2.0,5.56,40,0,23,0,0,5,18,115,0,59,38,18,0,9,0.513,0.3304,2,1,0,955.1,0.0,3700.0,0.0,5206.232,-4149.403,21.0,0.0,0.0,-1600.0,3.395,-982.283,0.0,-3038.0,166.0,-652.0,0.0,0.0,0.0,0.0,0.0,-1192.5,0.0,-3105.0,0.60024,6.38927,-0.27001,2.8891,-0.36897,0.79555,0.0,0.0,-0.44995,1.6895,22.946,-3638.868,3700.0,0.0,6702.72,-7066.879,-0.37859,2.9939,0.38739,6.21203,-0.03813,2.29892,0.18773,2.04228,0.00387,100.0,0.99613,1.4473,0.0,-75.3347,52.5568,0.0,292.3979,-476.3791,-94.481,257,27,154,599,252,398,475,1723,856,100,5.534,9680.814,0.0,166.0,0.0,0.0,-3947.885,-2578.888,-3690.0,0.0,-4297.5,9680.814,0.0,166.0,0.0,0.0,-3947.885,-2578.888,-3690.0,0.0,-4297.5,0,196,46,37,9,0,0,2,813,0.0019466755702251249,0.004252768564329017,0.01903419102425687,-0.018409651424153708,0.8117968088388443,-0.4617937501549386,0.0007661006397938763,-0.13252758105751128,,,,,,,,,,,,,,,,2.0,24.08,27.0,30.0,76.0
38,25_5_2_5_2_1,25_5_2_5_2_1_StartGoalLocations_Seed1.csv,46,2209.7309129983187,43,0.9347826086956522,3,0,3,3,5,0,0,1,1,1,1.0,0.04546393883033684,6.358222497866946,3,2,3,0.1068402562512916,0.3622649307708204,10.157331466674805,3.0,,,,6,10.16,,,,9.75,,,,0.0,,,,4.0,,,,7.1,0.0,0.5,3,6.03,13.85,0.0,0.0,0.0,6,0,3,0,0,0,3,768,0,372,328,68,0,11,0.4844,0.4271,2,1,0,483.9,0.0,4300.0,0.0,2121.118,-1201.094,14.0,0.0,0.0,-300.0,0.576,-94.269,0.0,-750.5,0.0,-448.0,50.0,0.0,0.0,0.0,0.0,-831.0,0.0,-1135.0,1.18163,9.4241,-0.08136,1.75906,-0.24768,0.87566,0.01033,0.50814,-0.40628,1.38477,0.0,-541.181,4350.0,0.0,2461.02,-2665.738,-0.11184,1.81393,0.89895,9.39742,-0.04231,1.79495,0.04918,2.27387,0.0093,96.66667,0.98181,1.07909,0.0,-12.501,61.7898,0.0,118.636,-177.606,-16.784,8,2,0,34,45,68,62,214,79,17,-0.512,6821.318,0.0,0.0,50.0,0.0,-1103.394,-393.693,-1198.5,0.0,-1966.0,6821.318,0.0,0.0,50.0,0.0,-1103.394,-393.693,-1198.5,0.0,-1966.0,0,43,46,43,3,2,1,0,63,0.0019270698343871117,0.004051419771276415,0.020994578787940553,-0.018382052384549753,0.8526816155016422,-0.5053260637226049,0.0010874680913730117,-0.1248992659873329,1.0,2.0,2.26,6.45,5.76,9.5,0.0,0.0,2.0,1.5,,,,,,,,,,
39,25_5_2_5_2_1,25_5_2_5_2_1_StartGoalLocations_Seed7.csv,46,2016.9854844510555,41,0.8913043478260869,3,1,3,3,0,1,0,1,1,1,1.0,0.07588617074388418,6.181089936933059,3,2,2,0.19534109816971715,0.5429250084832032,8.354979753494263,3.0,,1.0,1.0,7,9.03,,7.0,6.34,16.17,,19.0,2.34,0.0,,0.0,0.0,4.7,,3.0,6.0,7.55,0.3,1.0,6,8.39,12.28,0.0,0.0,0.0,11,0,6,0,0,1,5,374,0,243,9,122,0,3,0.6497,0.0241,2,0,0,601.0,0.0,4100.0,0.0,3822.914,-2795.157,17.5,0.0,0.0,-300.0,0.608,-220.379,0.0,-1164.0,0.0,-192.0,50.0,0.0,0.0,0.0,0.0,-523.5,0.0,-1380.0,0.95612,8.33565,-0.08648,1.58421,-0.22562,0.5491,0.00832,0.45598,-0.31672,1.4121,0.0,-809.4,4150.0,0.0,4502.001,-3981.544,-0.13468,1.66279,0.69052,8.24323,0.0866,1.99268,0.07554,1.78282,0.00715,96.51163,0.99318,1.42127,0.0,-16.0755,58.9489,0.0,214.0046,-263.0471,-22.389,18,5,3,65,153,134,100,453,148,35,-3.371,8358.695,0.0,0.0,50.0,0.0,-2612.437,-519.772,-1356.0,0.0,-1903.5,8358.695,0.0,0.0,50.0,0.0,-2612.437,-519.772,-1356.0,0.0,-1903.5,0,131,46,41,5,2,1,1,104,0.0019440180648894057,0.003984633874206338,0.020029667867929674,-0.018269353427458553,0.8906403297185898,-0.501087249135162,0.0013256341125634208,-0.13192806103965268,,2.0,,12.1,,17.0,,0.0,,2.0,,,,,,,,,,
40,25_5_2_5_2_1,25_5_2_5_2_1_StartGoalLocations_Seed6.csv,46,2455.316385000944,43,0.9347826086956522,7,1,7,7,5,1,1,1,1,1,1.0,0.11730981256890849,5.949731676745441,3,2,3,0.09058849459995592,0.5541106458011902,3.2397262255350747,2.0,,1.0,1.0,6,4.5,,20.0,0.71,10.93,,28.0,5.0,0.0,,0.0,0.0,18.5,,3.0,0.0,7.62,0.2,1.3,3,6.83,13.92,0.0,0.0,0.0,14,0,8,0,0,0,5,557,0,261,91,205,0,19,0.4686,0.1634,0,0,0,453.7,0.0,4300.0,0.0,3876.164,-2791.051,14.0,0.0,0.0,-700.0,0.791,-319.287,0.0,-1106.5,63.0,-108.0,50.0,0.0,0.0,0.0,0.0,-242.5,0.0,-1035.0,1.29002,9.88401,-0.22449,2.77616,-0.2538,0.56572,0.01102,0.52478,-0.28157,1.37917,18.0,-1327.328,4350.0,0.0,4244.877,-3611.69,-0.28859,2.85907,0.95878,9.70219,0.13956,2.52469,0.12034,2.46397,0.00992,96.66667,0.98655,1.75527,0.0,-29.1954,61.7898,0.0,214.3123,-224.5059,-30.901,40,10,18,110,117,113,184,521,223,27,2.331,8506.263,0.0,63.0,50.0,0.0,-2653.451,-1018.496,-1214.5,0.0,-1277.5,8506.263,0.0,63.0,50.0,0.0,-2653.451,-1018.496,-1214.5,0.0,-1277.5,0,92,46,43,3,2,1,1,203,0.002156527947950053,0.00382444037051755,0.019936967080866452,-0.02187351878383197,0.8884342320263385,-0.49395317889317086,0.001371493049809942,-0.12932985747233033,,2.0,,6.94,,21.0,,5.0,,9.5,,,,,,,,,,
41,25_5_2_5_2_1,25_5_2_5_2_1_StartGoalLocations_Seed7.csv,46,1179.3759317398071,41,0.8913043478260869,3,1,3,3,7,1,0,1,1,1,1.0,0.0850190114068441,6.981439977997609,2,2,2,0.18859315589353612,0.6148016768784264,10.030000019073487,5.0,,,,7,10.03,,,,8.2,,,,0.0,,,,10.6,,,,8.35,0.0,0.8,10,8.67,12.66,0.0,0.0,0.0,8,0,4,0,0,0,4,155,0,105,5,45,0,6,0.6774,0.0323,0,0,0,657.5,0.0,4100.0,0.0,4103.332,-3174.015,3.5,0.0,0.0,-300.0,1.267,-362.708,0.0,-1203.0,0.0,-284.0,50.0,0.0,0.0,0.0,0.0,-687.5,0.0,-1725.0,0.86545,7.99825,-0.1006,1.52075,-0.22616,0.52572,0.0076,0.43595,-0.36692,1.48902,0.0,-980.648,4150.0,0.0,4692.276,-4757.745,-0.14915,1.58192,0.63118,7.88347,-0.00996,2.14485,0.0908,1.64263,0.00654,96.51163,0.99376,1.44628,0.0,-17.4895,58.9489,0.0,228.3809,-312.9342,-20.89,50,13,19,120,162,145,125,555,196,39,-3.793,8685.455,0.784,0.0,50.0,0.0,-2995.138,-662.225,-1487.0,0.0,-2412.5,8685.455,0.784,0.0,50.0,0.0,-2995.138,-662.225,-1487.0,0.0,-2412.5,0,118,46,41,5,2,2,0,170,0.0019201953605079325,0.003519995601964183,0.019669431113579775,-0.02291617957293056,0.906294307783246,-0.5149041662558012,0.0015806064798380248,-0.13373263159301133,,2.0,,7.18,,10.5,,0.0,,19.0,,,,,,,,,,
42,25_5_2_5_2_1,25_5_2_5_2_1_StartGoalLocations_Seed8.csv,46,-7660.378563404083,34,0.7391304347826086,13,4,13,13,1,4,1,4,4,4,1.0,0.23930240920532184,5.0732609259365855,2,0,1,0.2539982030548068,0.49950579566897296,8.047128980809992,9.0,,2.0,2.0,13,9.57,,9.82,1.17,11.11,,18.0,0.33,10.8,,0.0,25.0,54.6,,17.5,196.5,8.97,0.8,4.9,55,2.6,5.57,0.0,0.0,0.0,37,0,23,0,0,3,15,640,0,245,136,259,0,266,0.3828,0.2125,8,0,0,1113.0,0.0,3400.0,0.0,4948.226,-3977.805,52.5,0.0,0.0,-1500.0,2.556,-1728.856,0.0,-4475.5,99.0,-620.0,0.0,0.0,0.0,0.0,0.0,-1178.5,0.0,-3795.0,0.49739,5.63665,-0.28987,2.60188,-0.44892,0.71373,0.0,0.0,-0.44686,1.73484,18.0,-4776.145,3400.0,0.0,6265.182,-7528.715,-0.42751,2.71652,0.30548,5.51858,-0.11352,2.10628,0.24097,1.78753,0.00305,100.0,0.99695,1.24314,0.0,-86.6189,48.2955,0.0,280.4455,-506.1929,-124.527,345,87,220,1076,371,644,560,2642,1316,140,-16.655,9197.459,1.087,99.0,0.0,0.0,-3661.538,-3227.387,-5095.5,0.0,-4973.5,9197.459,1.087,99.0,0.0,0.0,-3661.538,-3227.387,-5095.5,0.0,-4973.5,0,291,46,34,12,0,0,2,1167,0.0018257783867511534,0.00337474011364975,0.020298810960375703,-0.02386217923485674,0.9231664104759694,-0.5389292273543106,0.001959471448444674,-0.13851850662380458,,,,,,,,,,,,,,,,,,,,
43,25_5_2_5_2_1,25_5_2_5_2_1_StartGoalLocations_Seed7.csv,46,-5318.553469181061,39,0.8478260869565217,18,3,18,18,1,3,1,3,3,3,1.0,0.321961894953656,3.7770862351847865,0,0,0,0.35111853947030086,0.46348675752121365,7.908141204289028,6.0,1.0,,,7,6.73,15.0,,,10.0,17.0,,,49.7,15.0,,,205.2,18.0,,,7.54,1.8,3.7,21,2.98,6.12,0.0,0.0,0.0,36,0,17,0,0,5,11,113,0,79,1,33,0,14,0.6991,0.0088,0,0,0,777.8,0.0,3900.0,0.0,3558.071,-2622.535,35.0,0.0,0.0,-1950.0,2.729,-1700.617,0.0,-3475.0,72.0,-212.0,0.0,0.0,0.0,0.0,0.0,-1289.0,0.0,-2415.0,0.72619,7.17728,-0.469,3.53118,-0.46477,0.54253,0.0,0.0,-0.47621,1.63381,36.0,-5013.37,3900.0,0.0,4261.835,-5182.01,-0.63993,3.64189,0.50141,7.06329,-0.1183,2.12023,0.32361,2.00611,0.00501,100.0,0.99499,1.22029,0.0,-96.9684,55.3977,0.0,201.0956,-357.2936,-104.517,453,158,384,1382,154,426,519,2475,1224,89,9.982,8102.485,0.0,72.0,0.0,0.0,-2454.15,-3647.889,-3687.0,0.0,-3704.0,8102.485,0.0,72.0,0.0,0.0,-2454.15,-3647.889,-3687.0,0.0,-3704.0,0,128,46,39,7,0,0,0,1138,0.0021238232437417537,0.003243515751819359,0.021864583321730607,-0.02723581528174691,0.9107292833179236,-0.6275094497966347,0.003865018903361488,-0.11934694724390284,,,,,,,,,,,,,,,,,,,,
44,25_5_2_5_2_1,25_5_2_5_2_1_StartGoalLocations_Seed9.csv,46,1681.0569977760315,42,0.9130434782608695,6,1,6,6,8,1,0,1,1,1,1.0,0.0959539717891611,5.730737680321768,2,0,2,0.1100389682686955,0.5402640877812906,4.8331074714660645,2.0,,2.0,2.0,6,8.08,,9.12,1.59,14.5,,12.0,1.44,0.0,,5.0,0.0,4.0,,31.5,17.0,7.55,0.2,1.5,6,4.98,7.72,0.0,0.0,0.0,12,0,6,0,0,1,5,1342,0,756,394,192,0,9,0.5633,0.2936,0,0,0,538.9,0.0,4200.0,0.0,4000.525,-3089.527,3.5,0.0,0.0,-600.0,1.289,-339.629,0.0,-1123.5,0.0,-208.0,0.0,0.0,0.0,0.0,0.0,-322.5,0.0,-1380.0,1.04906,8.93235,-0.17412,2.36157,-0.24708,0.50691,0.0,0.0,-0.31592,1.48049,0.0,-1243.951,4200.0,0.0,4470.701,-4213.979,-0.23083,2.4318,0.77937,8.7937,0.04764,2.25628,0.10076,2.29089,0.00779,100.0,0.99221,1.62422,0.0,-25.9494,59.6591,0.0,223.1948,-268.2235,-28.565,56,30,38,161,87,135,123,507,208,44,-3.889,8559.079,0.681,0.0,0.0,0.0,-2905.681,-939.022,-1331.5,0.0,-1702.5,8559.079,0.681,0.0,0.0,0.0,-2905.681,-939.022,-1331.5,0.0,-1702.5,0,71,46,42,4,0,0,2,181,0.0018334217437222832,0.0031038295464531985,0.02288215288426727,-0.027225606392603366,0.9187986623495817,-0.6209443471774284,0.002938488646177575,-0.11002565287752077,,,,,,,,,,,,,,,,,,,,
45,25_5_2_5_2_1,25_5_2_5_2_1_StartGoalLocations_Seed6.csv,46,838.1566325575113,41,0.8913043478260869,8,4,7,8,4,3,0,4,4,3,1.0,0.09559498317528296,6.436966555693912,3,1,3,0.1406297768266585,0.4818502067697963,5.3454607963562015,3.0,,2.0,2.0,8,3.51,,1.05,8.1,6.33,,10.0,7.65,0.0,,0.0,0.0,2.0,,1.5,4.0,8.96,1.3,1.5,10,2.21,10.85,0.0,0.0,0.0,18,0,10,0,0,1,7,723,0,151,389,183,0,27,0.2089,0.538,7,0,0,654.2,0.0,4100.0,0.0,4150.574,-3031.838,42.0,0.0,0.0,-800.0,1.817,-337.597,0.0,-1302.0,136.0,-424.0,25.0,0.0,0.0,0.0,0.0,-651.0,0.0,-1725.0,0.90415,8.0246,-0.17361,2.46933,-0.24304,0.767,0.00382,0.30907,-0.36319,1.51422,6.2,-1581.5,4125.0,0.0,4675.533,-4843.952,-0.2408,2.56504,0.63054,7.89746,-0.02574,2.18711,0.09966,2.43512,0.00642,98.21429,0.99373,1.46431,0.0,-34.0792,58.5937,0.0,234.6122,-304.0558,-45.916,23,13,10,86,131,148,251,616,321,38,4.52,8758.738,0.156,136.0,25.0,0.0,-2843.802,-1135.936,-1726.0,0.0,-2376.0,8758.738,0.156,136.0,25.0,0.0,-2843.802,-1135.936,-1726.0,0.0,-2376.0,0,87,46,41,5,1,1,2,245,0.0019646743734256233,0.002984952077094931,0.02349454284849344,-0.02918426356976852,0.9252270639687776,-0.6427817953762133,0.005900829400088696,-0.09972264736890793,,1.0,,5.11,,14.0,,0.0,,17.0,,,,,,,,,,
46,25_5_2_5_2_1,25_5_2_5_2_1_StartGoalLocations_Seed5.csv,46,-1403.8232585340738,38,0.8260869565217391,9,5,8,9,11,4,0,5,5,4,1.0,0.12762781440477672,5.350087833313343,3,2,2,0.13914449142004476,0.5161002927325952,4.968730926513672,6.0,,1.0,1.0,10,5.13,,2.5,4.0,9.83,,16.0,7.0,6.7,,0.0,0.0,10.7,,0.0,8.0,8.47,1.0,2.4,21,2.55,5.86,0.0,0.0,0.0,23,0,14,0,0,1,9,577,0,395,28,154,0,24,0.6846,0.0485,16,0,0,804.2,0.0,3800.0,0.0,4313.523,-3186.112,87.5,0.0,0.0,-900.0,3.681,-740.115,0.0,-1632.5,144.0,-952.0,50.0,0.0,0.0,0.0,0.0,-781.0,0.0,-2415.0,0.72359,6.99653,-0.20349,2.36534,-0.30347,0.93214,0.00622,0.3942,-0.39741,1.65134,6.2,-2400.006,3850.0,0.0,5185.65,-5817.609,-0.29766,2.48925,0.47874,6.86864,-0.07858,2.22501,0.1374,2.17756,0.00497,96.25,0.9658,1.41667,0.0,-42.6652,54.6875,0.0,250.2356,-363.4407,-43.917,57,10,22,165,371,264,213,1014,379,52,-6.129,8821.421,0.8,144.0,50.0,0.0,-3002.309,-1637.235,-2584.5,0.0,-3196.0,8821.421,0.8,144.0,50.0,0.0,-3002.309,-1637.235,-2584.5,0.0,-3196.0,0,291,46,38,8,2,0,1,282,0.0022238009726925157,0.002820219866116531,0.02399010630470002,-0.031045432389946656,0.9330393672734499,-0.6599498394602961,0.006208942713219585,-0.10118095092242584,,2.0,,4.87,,12.5,,0.0,,6.5,,,,,,,,,,
47,25_5_2_5_2_1,25_5_2_5_2_1_StartGoalLocations_Seed7.csv,46,1941.1592095196247,43,0.9347826086956522,6,1,6,6,2,1,1,1,1,1,1.0,0.153639846743295,6.733613519741658,3,2,3,0.08063589350699099,0.44780693353763645,13.007351716359457,2.0,,1.0,1.0,6,14.67,,4.69,9.68,17.5,,13.0,3.18,0.0,,0.0,0.0,18.5,,29.0,0.0,8.11,0.2,4.9,3,10.24,17.15,0.0,0.0,0.0,13,0,6,0,0,0,6,185,0,98,21,66,0,32,0.5297,0.1135,2,0,0,522.1,0.0,4300.0,0.0,3456.412,-2444.832,35.0,0.0,0.0,-600.0,2.407,-598.428,0.0,-1285.5,135.0,-144.0,50.0,0.0,0.0,0.0,0.0,-452.0,0.0,-1035.0,1.12405,9.13248,-0.22908,2.40463,-0.24794,0.68611,0.00958,0.48921,-0.28481,1.29209,18.0,-1641.302,4350.0,0.0,4051.842,-3128.617,-0.31092,2.49562,0.83317,9.05013,0.17683,1.97634,0.15438,2.05869,0.00862,96.66667,0.99176,1.38672,0.0,-30.1866,61.7898,0.0,194.1455,-219.3124,-31.399,118,22,63,261,175,181,168,790,287,32,1.281,8149.712,1.515,127.5,50.0,0.0,-2281.032,-1197.536,-1422.0,0.0,-1487.0,8149.712,1.515,127.5,50.0,0.0,-2281.032,-1197.536,-1422.0,0.0,-1487.0,0,140,46,43,3,2,2,1,278,0.0020099459306038626,0.00260878587490879,0.023737504000891932,-0.03361251927213743,0.9355604903399944,-0.680910207507477,0.005501255100480194,-0.09828873876016588,,2.0,,3.7,,5.5,,0.0,,0.0,,,,,,,,,,
48,25_5_2_5_2_1,25_5_2_5_2_1_StartGoalLocations_Seed6.csv,46,195.4882437288761,43,0.9347826086956522,6,2,6,6,1,2,0,4,4,4,1.0,0.4180896978795271,4.1637100132808245,4,3,3,0.15175389232789346,0.5231875828127958,7.915967305501302,2.0,,,,7,7.45,,,,4.5,,,,15.0,,,,46.5,,,,7.29,1.0,6.8,3,1.04,1.06,0.0,2.0,66.67,17,0,11,0,0,1,5,118,0,92,1,25,0,2,0.7797,0.0085,6,2,0,533.1,0.0,4300.0,0.0,4241.878,-3250.348,3.5,0.0,0.0,-600.0,0.574,-1156.715,0.0,-2403.0,0.0,-168.0,75.0,0.0,0.0,0.0,0.0,-345.5,0.0,-1035.0,1.09325,9.1681,-0.32942,2.38134,-0.48227,0.49183,0.01407,0.59289,-0.25896,1.27579,0.0,-2985.454,4375.0,0.0,4643.066,-4138.099,-0.56002,2.4944,0.82067,8.96317,0.09472,2.48049,0.42075,1.33101,0.00863,95.1087,0.99193,1.66058,0.0,-51.5598,62.1449,0.0,236.8099,-258.8368,-44.001,262,54,191,654,507,570,496,2224,1170,96,-11.187,8923.647,0.0,0.0,75.0,0.0,-3095.518,-1756.141,-2571.0,0.0,-1380.5,8923.647,0.0,0.0,75.0,0.0,-3095.518,-1756.141,-2571.0,0.0,-1380.5,0,416,46,43,3,3,3,0,735,0.0018473022269017746,0.0025654015186592004,0.022888310933485628,-0.03502218735171482,0.9389446592330932,-0.6826496666984166,0.008806549869459558,-0.08719585079001263,1.0,3.0,3.12,3.83,4.12,12.67,0.0,13.3,0.0,72.7,,,,,,1.0,8.85,4.0,15.0,78.0
49,25_5_2_5_2_1,25_5_2_5_2_1_StartGoalLocations_Seed7.csv,46,2156.80133856833,43,0.9347826086956522,1,3,1,1,14,3,0,3,3,3,1.0,0.10508608747278844,6.109096367153205,3,3,2,0.04116366514941619,0.481569303729252,8.873452186584473,2.0,,,,5,8.87,,,,8.13,,,,0.0,,,,1.5,,,,8.65,0.0,2.9,1,42.52,42.52,0.0,0.0,0.0,10,0,5,0,0,0,4,161,0,118,14,29,0,6,0.7329,0.087,6,0,0,505.3,0.0,4300.0,0.0,2748.7,-1598.685,45.5,0.0,0.0,-100.0,0.092,-316.606,0.0,-1467.0,0.0,-708.0,75.0,0.0,0.0,0.0,0.0,-637.5,0.0,-690.0,1.18757,9.24723,-0.08243,1.01806,-0.43044,0.94885,0.01484,0.60897,-0.26272,1.11208,0.0,-845.48,4375.0,0.0,3482.924,-2249.956,-0.16732,1.17371,0.86582,9.20431,0.24401,1.69899,0.11538,1.45022,0.0091,95.1087,0.9905,1.14543,0.0,-11.2241,62.1449,0.0,159.567,-167.1089,-20.986,61,46,46,142,124,125,136,528,145,33,-3.034,7494.958,0.0,0.0,75.0,0.0,-1494.143,-416.514,-2175.0,0.0,-1327.5,7494.958,0.0,0.0,75.0,0.0,-1494.143,-416.514,-2175.0,0.0,-1327.5,0,97,46,43,3,3,2,0,171,0.0021947963645061463,0.002599914820748381,0.021941878108191305,-0.03863291464280337,0.9497250767797232,-0.6085664067411563,0.006667961888815625,-0.09290387751534582,,3.0,,7.37,,17.33,,0.0,,6.7,,,,,,,,,,
50,25_5_2_5_2_1,25_5_2_5_2_1_StartGoalLocations_Seed7.csv,46,2863.852898389101,45,0.9782608695652174,8,1,8,8,5,1,0,1,1,1,1.0,0.1523951352692976,6.099767067564661,5,4,4,0.1065939514129896,0.514873574615766,16.0,1.0,,,,6,16.0,,,,10.0,,,,0.0,,,,0.0,,,,7.54,1.8,3.2,0,,,,,,13,0,5,0,0,1,4,211,0,168,3,40,0,2,0.7962,0.0142,6,0,0,403.4,0.0,4500.0,0.0,3332.842,-2267.646,0.0,0.0,0.0,-800.0,0.944,-399.687,0.0,-1027.0,0.0,-260.0,100.0,0.0,0.0,0.0,0.0,-374.0,0.0,-345.0,1.47957,10.61727,-0.29716,3.14363,-0.31904,0.71649,0.02479,0.78684,-0.17824,0.86944,0.0,-1596.794,4600.0,0.0,3714.975,-2506.175,-0.39583,3.24816,1.14031,10.52954,0.29965,1.95363,0.15369,2.57547,0.01215,93.87755,0.98884,1.55958,0.0,-33.216,65.3409,0.0,188.2196,-168.4369,-24.809,44,17,20,132,171,180,123,604,261,26,-0.45,8124.442,0.0,0.0,100.0,0.0,-2155.846,-1198.743,-1287.0,0.0,-719.0,8124.442,0.0,0.0,100.0,0.0,-2155.846,-1198.743,-1287.0,0.0,-719.0,0,142,46,45,1,4,4,0,170,0.0021096444269051062,0.002341893358097877,0.023338326770754064,-0.03978803951991722,0.9539006705582141,-0.6628768620174378,0.004532727688929299,-0.09355838876974304,1.0,4.0,0.5,2.59,6.0,8.25,0.0,0.0,5.0,0.5,,,,,,,,,,
51,25_5_2_5_2_1,25_5_2_5_2_1_StartGoalLocations_Seed7.csv,46,-1446.37257643044,39,0.8478260869565217,18,1,18,18,6,1,0,1,1,1,1.0,0.08327883148027033,5.571917448034467,3,3,3,0.14394599303135888,0.4765693112467306,11.912044703960419,7.0,,,,10,11.91,,,,12.43,,,,16.1,,,,12.7,,,,7.5,1.6,1.4,21,4.37,6.37,0.0,0.0,0.0,31,0,11,0,0,1,10,228,0,131,17,80,0,5,0.5746,0.0746,4,0,0,918.4,0.0,3900.0,0.0,6073.858,-5156.396,0.0,0.0,0.0,-1900.0,2.542,-446.776,0.0,-1383.5,0.0,-504.0,75.0,0.0,0.0,0.0,0.0,-610.5,0.0,-2415.0,0.62455,6.6827,-0.25525,3.20973,-0.20552,0.62048,0.00817,0.45177,-0.32943,1.47949,0.0,-2854.494,3975.0,0.0,6990.888,-6767.001,-0.31081,3.29366,0.43282,6.51782,0.02438,2.16981,0.09016,3.44746,0.00457,94.64286,0.99554,1.50475,0.0,-68.7252,56.4631,0.0,334.4035,-454.8628,-50.273,38,15,20,150,116,224,253,744,388,55,15.26,10581.377,0.8,0.0,75.0,0.0,-4845.515,-2345.034,-1887.5,0.0,-3025.5,10581.377,0.8,0.0,75.0,0.0,-4845.515,-2345.034,-1887.5,0.0,-3025.5,0,109,46,39,7,3,2,0,265,0.0023346181670058285,0.0021416535643220412,0.023390348757384345,-0.04186521140160039,0.9565724781900644,-0.6612026336038253,0.007409820413704438,-0.09331666591577231,,3.0,,4.29,,8.67,,11.7,,8.0,,,,,,,,,,
52,25_5_2_5_2_1,25_5_2_5_2_1_StartGoalLocations_Seed0.csv,46,-6119.280472457409,37,0.8043478260869565,20,8,20,20,4,8,2,8,8,8,1.0,0.244869495915521,5.0527868598497685,1,1,0,0.2644570518562755,0.500752181325845,10.00415375828743,7.0,,,,9,10.0,,,,13.0,,,,18.3,,,,48.7,,,,8.0,2.6,17.2,28,2.44,7.82,0.0,0.0,0.0,57,0,36,0,0,7,15,307,0,91,40,176,0,62,0.2964,0.1303,0,0,0,1004.7,0.0,3700.0,0.0,5872.772,-4930.593,59.5,0.0,0.0,-2200.0,3.921,-1712.08,0.0,-3350.0,171.0,-860.0,25.0,0.0,0.0,0.0,0.0,-1143.5,0.0,-2760.0,0.56797,6.23607,-0.38899,3.30292,-0.40201,0.88911,0.00249,0.2494,-0.38852,1.54705,36.0,-5411.631,3725.0,0.0,7158.427,-7318.125,-0.53505,3.42519,0.37076,6.06231,-0.0159,2.1752,0.25012,2.16778,0.00378,98.02632,0.99622,1.44635,0.0,-104.431,52.9119,0.0,333.6794,-499.4977,-124.984,509,62,347,1276,232,512,432,2435,1132,118,6.472,10344.517,0.138,171.0,25.0,0.0,-4638.138,-3908.297,-4210.0,0.0,-3903.5,10344.517,0.138,171.0,25.0,0.0,-4638.138,-3908.297,-4210.0,0.0,-3903.5,0,238,46,37,9,1,0,0,1196,0.0024145848764283075,0.0020384632820787374,0.023580619681160896,-0.045577638214454055,0.9598504187166691,-0.6853544651390985,0.008875847431809233,-0.08651331240078435,,1.0,,20.0,,29.0,,35.0,,60.0,1.0,10.0,10.0,85.0,244.0,,,,,
53,25_5_2_5_2_1,25_5_2_5_2_1_StartGoalLocations_Seed2.csv,46,-1328.2516604661942,38,0.8260869565217391,5,1,5,5,9,1,0,5,5,5,1.0,0.20157200811359027,4.69061653736344,4,2,2,0.1481810115350488,0.5775041259362702,7.787239074707031,6.0,,1.0,1.0,11,8.28,,15.0,4.81,8.83,,19.0,4.0,5.0,,0.0,0.0,39.7,,36.0,30.0,7.64,0.0,2.8,21,2.37,7.85,0.0,0.0,0.0,12,0,8,0,0,1,4,118,0,77,20,21,0,5,0.6525,0.1695,10,4,0,788.9,0.0,3800.0,0.0,5684.931,-4764.74,7.0,0.0,0.0,-500.0,0.703,-1057.546,0.0,-1947.5,0.0,-600.0,50.0,0.0,0.0,0.0,0.0,-375.0,0.0,-2415.0,0.69921,7.115,-0.19734,1.80025,-0.32292,0.72679,0.00634,0.39801,-0.35366,1.58723,0.0,-2505.635,3850.0,0.0,6417.807,-6419.686,-0.31761,1.90642,0.48802,6.9346,-0.00024,2.31083,0.20966,1.51489,0.00507,96.25,0.99531,1.63493,0.0,-39.4074,54.6875,0.0,311.0633,-417.5095,-53.674,309,31,167,520,382,425,262,1585,434,34,2.792,10018.817,0.0,0.0,50.0,0.0,-4502.725,-1556.843,-2547.5,0.0,-2790.0,10018.817,0.0,0.0,50.0,0.0,-4502.725,-1556.843,-2547.5,0.0,-2790.0,0,313,46,38,8,2,1,1,618,0.002229275538861657,0.001824477629343164,0.025918542142026126,-0.04977933664340526,0.9576522853970527,-0.6539802590230829,0.005143573949426355,-0.12065389069262893,1.0,2.0,3.17,9.29,4.67,14.5,25.0,0.0,74.0,21.5,,,,,,,,,,
54,25_5_2_5_2_1,25_5_2_5_2_1_StartGoalLocations_Seed5.csv,46,-1093.0670597851276,39,0.8478260869565217,12,3,12,12,9,3,2,3,3,3,1.0,0.2132023868722029,5.562407762642111,4,2,2,0.13503105590062112,0.6358055625156602,5.817912737528483,4.0,,2.0,2.0,10,6.1,,10.0,5.25,11.0,,16.0,3.25,2.5,,5.0,10.0,6.2,,40.0,35.5,8.54,0.9,2.3,15,5.8,9.79,0.0,0.0,0.0,26,0,16,0,0,2,10,929,0,797,46,86,0,4,0.8579,0.0495,7,0,0,805.0,0.0,3900.0,0.0,5100.282,-3957.573,31.5,0.0,0.0,-1200.0,1.6,-1180.376,0.0,-1857.0,180.0,-612.0,50.0,0.0,0.0,0.0,0.0,-284.5,0.0,-2070.0,0.73034,7.07301,-0.2955,2.73287,-0.28435,0.85477,0.00621,0.39401,-0.29248,1.47276,36.0,-3411.32,3950.0,0.0,5893.676,-5427.533,-0.41929,2.84786,0.49068,6.95426,0.05791,2.06828,0.2195,1.95094,0.00509,96.34146,0.97068,1.44884,0.0,-61.4344,56.108,0.0,282.7005,-350.1457,-44.201,114,17,49,270,726,481,225,1699,387,44,-2.456,9572.403,0.0,180.0,50.0,0.0,-3693.194,-2378.776,-2469.0,0.0,-2354.5,9572.403,0.0,180.0,50.0,0.0,-3693.194,-2378.776,-2469.0,0.0,-2354.5,0,598,46,39,7,2,2,2,345,0.002230715083078394,0.0018265979318675817,0.02350605433632154,-0.04923632560297847,0.9770762408524751,-0.634344012763695,0.005520269448352337,-0.13102318041725083,,2.0,,7.21,,12.5,,0.0,,7.5,,,,,,,,,,
55,25_5_2_5_2_1,25_5_2_5_2_1_StartGoalLocations_Seed0.csv,46,774.1483659297228,42,0.9130434782608695,7,2,7,7,21,2,2,3,3,3,1.0,0.09735234215885948,6.102106721811528,2,2,2,0.1419845255870775,0.6466542484596647,11.32893681526184,4.0,,,,6,11.33,,,,15.25,,,,3.8,,,,4.8,,,,8.93,0.8,4.5,6,11.39,16.08,0.0,0.0,0.0,14,0,7,0,0,2,5,121,0,84,5,32,0,7,0.6942,0.0413,2,1,0,736.7,0.0,4200.0,0.0,4509.85,-3358.118,3.5,0.0,0.0,-700.0,1.351,-503.634,0.0,-1750.5,153.0,-608.0,50.0,0.0,0.0,0.0,0.0,-580.0,0.0,-1380.0,0.82692,7.65247,-0.1632,2.18305,-0.29938,0.79533,0.00679,0.41186,-0.26605,1.27451,36.0,-1693.568,4250.0,0.0,5525.572,-4346.679,-0.225,2.27018,0.5769,7.53975,0.16002,1.93387,0.11266,2.08382,0.00597,96.59091,0.99416,1.34793,0.0,-32.1895,60.3693,0.0,253.2075,-299.1943,-40.1,67,19,32,210,123,190,184,709,278,50,-4.716,9237.321,0.0,147.0,50.0,0.0,-3145.39,-1202.283,-2352.5,0.0,-1960.0,9237.321,0.0,147.0,50.0,0.0,-3145.39,-1202.283,-2352.5,0.0,-1960.0,0,101,46,42,4,2,2,0,249,0.002264440491189816,0.0017298330969060772,0.024022805633721875,-0.05107114940881729,0.9813936647772789,-0.6625996947100794,0.005508467823565297,-0.11196506289590616,,2.0,,5.17,,9.5,,0.0,,6.5,,,,,,,,,,
56,25_5_2_5_2_1,25_5_2_5_2_1_StartGoalLocations_Seed9.csv,46,-1606.3357087373734,40,0.8695652173913043,5,11,5,5,10,11,7,13,13,13,1.0,0.21806987399770905,5.445153383420778,2,0,2,0.19507657077429513,0.5753246753246753,9.552240212758383,4.0,,2.0,2.0,8,11.95,,5.24,4.76,16.0,,9.5,2.51,61.0,,5.5,0.0,52.8,,21.0,0.0,8.03,1.8,2.9,15,8.39,11.54,0.0,0.0,0.0,42,0,24,0,0,12,12,964,0,585,43,336,0,6,0.6068,0.0446,26,2,0,698.7,0.0,4000.0,0.0,4737.291,-3749.671,3.5,0.0,0.0,-500.0,1.559,-678.214,0.0,-2168.5,405.0,-1876.0,0.0,0.0,0.0,0.0,0.0,-410.0,0.0,-2070.0,0.81434,7.68411,-0.16841,1.89656,-0.5209,1.5566,0.0,0.0,-0.35494,1.56601,126.0,-2533.384,4000.0,0.0,5538.82,-5075.782,-0.34455,2.1794,0.57249,7.54463,0.06627,2.19856,0.233,1.63353,0.00572,100.0,0.99428,1.52794,0.0,-38.8351,56.8182,0.0,259.4371,-344.5159,-60.043,117,12,57,373,287,508,370,1534,859,128,-23.272,9205.729,0.536,405.0,0.0,0.0,-3515.909,-1177.192,-4044.5,0.0,-2480.0,9205.729,0.536,405.0,0.0,0.0,-3515.909,-1177.192,-4044.5,0.0,-2480.0,0,221,46,40,6,0,0,2,612,0.0022211268344426572,0.0016932928585447371,0.02316378975752741,-0.053498260853812096,0.9877819673717022,-0.6267375524660747,0.004090910634186002,-0.13289522610604762,,,,,,,,,,,,,,,,,,,,
57,25_5_2_5_2_1,25_5_2_5_2_1_StartGoalLocations_Seed2.csv,46,-581.2846573889256,42,0.9130434782608695,11,1,11,11,13,1,0,1,1,1,1.0,0.20037426227148408,5.449235724059218,3,2,3,0.20025895554596462,0.597467990217235,16.63783073425293,4.0,,,,7,16.64,,,,17.25,,,,11.2,,,,45.0,,,,7.9,0.4,5.7,6,12.0,14.89,0.0,0.0,0.0,22,0,17,0,0,1,9,504,0,388,12,104,0,6,0.7698,0.0238,0,0,0,695.1,0.0,4200.0,0.0,3888.462,-2849.25,0.0,0.0,0.0,-1100.0,1.521,-1121.117,0.0,-1737.5,0.0,-388.0,50.0,0.0,0.0,0.0,0.0,-528.5,0.0,-1692.0,0.85373,7.83824,-0.31932,2.81843,-0.30578,0.54845,0.00719,0.424,-0.31945,1.42079,0.0,-3017.674,4250.0,0.0,4867.817,-3844.479,-0.43414,2.91013,0.61142,7.76073,0.14722,1.88608,0.2109,2.05844,0.00633,96.59091,0.99381,1.26119,0.0,-54.0788,60.3693,0.0,214.4132,-281.9153,-50.402,421,46,295,665,267,229,226,1375,455,85,1.577,8557.53,0.0,0.0,50.0,0.0,-2623.218,-2219.596,-2125.5,0.0,-2220.5,8557.53,0.0,0.0,50.0,0.0,-2623.218,-2219.596,-2125.5,0.0,-2220.5,0,194,46,42,4,2,2,0,775,0.0022632508600099756,0.0016066772721387678,0.02358842733083293,-0.05564600212033838,0.9932892870157957,-0.6245914742859895,0.003709625809096906,-0.16675741395913066,1.0,2.0,3.5,10.08,7.0,21.0,0.0,30.0,0.0,132.5,,,,,,,,,,
58,25_5_2_5_2_1,25_5_2_5_2_1_StartGoalLocations_Seed1.csv,46,-4396.596946835518,35,0.7608695652173914,13,10,12,13,17,9,2,11,11,10,1.0,0.13265986848375108,4.84465666750923,5,2,1,0.17411182017334983,0.4991321118611379,6.961703598499298,5.0,,3.0,3.0,13,9.49,,6.45,2.74,9.0,,10.37,2.78,0.0,,10.7,26.3,7.6,,40.0,46.3,7.61,0.3,2.3,28,2.95,5.76,0.0,0.0,0.0,36,0,22,0,0,7,11,206,0,130,6,70,0,80,0.6311,0.0291,3,1,0,1049.9,0.0,3500.0,0.0,6499.651,-5589.368,42.0,0.0,0.0,-1400.0,2.928,-873.208,0.0,-2562.5,280.0,-1812.0,50.0,0.0,0.0,0.0,0.0,-824.0,0.0,-2760.0,0.52407,5.96398,-0.21624,2.58176,-0.38999,1.13732,0.00476,0.34502,-0.34137,1.50639,42.206,-3259.539,3550.0,0.0,7595.532,-7940.949,-0.30644,2.69122,0.33813,5.77419,-0.0329,2.18282,0.1522,2.06617,0.00352,95.94595,0.99648,1.48504,0.0,-64.025,50.4261,0.0,365.9576,-516.3414,-78.558,212,27,120,419,344,262,365,1385,516,79,13.553,10748.709,0.0,280.0,50.0,0.0,-5246.527,-2270.28,-4374.5,0.0,-3584.0,10748.709,0.0,280.0,50.0,0.0,-5246.527,-2270.28,-4374.5,0.0,-3584.0,0,243,46,35,11,2,1,3,572,0.0023971558553012072,0.001589203962503234,0.023132022008649073,-0.05649162522982806,0.9884530226141215,-0.6178036216170585,0.005663921027808101,-0.17011502863839267,,2.0,,4.78,,10.5,,7.5,,25.0,,,,,,,,,,
59,25_5_2_5_2_1,25_5_2_5_2_1_StartGoalLocations_Seed1.csv,46,1844.7226825654507,42,0.9130434782608695,6,2,6,6,13,2,0,4,4,4,1.0,0.12897463379778493,6.517822725096103,5,2,4,0.09573138060367922,0.6060010716199321,2.4689254760742188,1.0,,2.0,2.0,8,4.36,,3.03,1.53,5.0,,7.5,1.34,0.0,,1.0,0.0,14.0,,3.5,5.0,9.37,0.5,1.0,3,6.91,7.96,0.0,0.0,0.0,22,0,15,0,0,2,9,334,0,206,4,124,0,15,0.6168,0.012,16,2,0,559.9,0.0,4200.0,0.0,3963.922,-2723.175,7.0,0.0,0.0,-600.0,1.365,-394.789,0.0,-1206.0,0.0,-916.0,50.0,0.0,0.0,0.0,0.0,-62.5,0.0,-1035.0,1.07299,8.72433,-0.17743,2.31551,-0.379,1.08034,0.00893,0.47241,-0.19602,1.25352,0.0,-1652.46,4250.0,0.0,4408.374,-3404.962,-0.29513,2.45917,0.75906,8.64063,0.17921,1.92076,0.14003,2.10773,0.00786,96.59091,0.9925,1.40603,0.0,-29.1786,60.3693,0.0,223.0567,-214.4711,-33.326,46,6,8,88,255,240,137,719,173,29,15.536,8511.93,0.0,0.0,50.0,0.0,-2504.282,-993.424,-2122.0,0.0,-1097.5,8511.93,0.0,0.0,50.0,0.0,-2504.282,-993.424,-2122.0,0.0,-1097.5,0,220,46,42,4,2,2,2,179,0.002386084718382335,0.0016403940304735444,0.025289253304363227,-0.06019706480205059,0.9926810470223427,-0.6382599799972377,0.009573415418926742,-0.17105082381051034,1.0,2.0,0.0,6.15,9.0,11.5,0.0,5.0,0.0,7.5,,,,,,,,,,
60,25_5_2_5_2_1,25_5_2_5_2_1_StartGoalLocations_Seed1.csv,46,1982.4157233834267,43,0.9347826086956522,4,7,3,4,25,6,2,10,10,9,1.0,0.15759312320916904,6.365575516338801,1,0,0,0.2647747982296277,0.7033368091762252,2.942798614501953,1.0,,1.0,1.0,3,3.0,,3.39,2.89,9.0,,4.0,1.89,0.0,,10.0,28.0,0.0,,24.0,3.0,6.4,1.9,2.3,1,33.11,33.11,0.0,0.0,0.0,24,0,13,0,0,6,10,123,0,79,2,42,0,10,0.6423,0.0163,32,3,0,384.1,0.0,4300.0,0.0,2872.214,-2021.072,31.5,0.0,0.0,-400.0,1.697,-304.023,0.0,-874.5,338.0,-1476.0,0.0,0.0,0.0,0.0,0.0,-179.5,0.0,-690.0,1.44929,10.59578,-0.18285,2.28465,-0.52395,1.85162,0.0,0.0,-0.22637,1.2282,71.0,-1549.129,4300.0,0.0,3213.222,-2453.018,-0.38483,2.66669,1.1195,10.52125,0.19792,1.89013,0.17938,2.35142,0.0112,100.0,0.9888,1.4919,0.0,-21.4944,61.0795,0.0,161.4122,-160.6612,-28.257,52,8,18,129,143,226,113,614,132,25,5.802,7452.714,0.826,334.0,0.0,0.0,-1885.972,-703.152,-2346.5,0.0,-869.5,7452.714,0.826,334.0,0.0,0.0,-1885.972,-703.152,-2346.5,0.0,-869.5,0,145,46,43,3,0,0,1,172,0.00235597443502229,0.001465656127620605,0.023402983521227726,-0.059851432982832194,0.9945366582274437,-0.6407694996228384,0.011584069521923084,-0.17748510643607004,,,,,,,,,,,,,,,,,,,,
