Tick,AgentId,X,Y,Z,DistanceTravelled
0,1,42.0,6.0,24.0,0.0
0,2,7.0,0.0,49.0,0.0
0,3,9.0,0.0,45.0,0.0
0,4,20.0,12.0,0.0,0.0
0,5,53.0,0.0,39.0,0.0
0,6,10.0,6.0,48.0,0.0
0,7,52.0,12.0,1.0,0.0
0,8,4.0,6.0,18.0,0.0
0,9,11.0,6.0,18.0,0.0
0,10,59.0,20.0,18.0,0.0
0,11,46.0,24.0,15.0,0.0
0,12,6.0,12.0,32.0,0.0
0,13,10.0,0.0,52.0,0.0
0,14,47.0,12.0,18.0,0.0
0,15,51.0,18.0,28.0,0.0
0,16,47.0,24.0,23.0,0.0
0,17,14.0,6.0,30.0,0.0
0,18,49.0,24.0,31.0,0.0
0,19,10.0,6.0,40.0,0.0
0,20,13.0,24.0,36.0,0.0
0,21,27.0,18.0,48.0,0.0
0,22,49.0,0.0,5.0,0.0
0,23,49.0,6.0,1.0,0.0
0,24,7.0,6.0,16.0,0.0
0,25,48.0,24.0,8.0,0.0
1,1,42.5,6.0,24.0,0.5
1,2,7.0,0.0,48.5,0.5
1,3,9.0,0.0,44.5,0.5
1,4,19.5,12.0,0.0,0.5
1,5,53.0,0.0,38.5,0.5
1,6,10.5,6.0,48.0,0.5
1,7,52.0,12.0,0.5,0.5
1,8,3.5,6.0,18.0,0.5
1,9,11.5,6.0,18.0,0.5
1,10,59.0,19.5,18.0,0.5
1,11,46.0,24.0,14.5,0.5
1,12,6.0,12.0,31.5,0.5
1,13,10.0,0.0,52.5,0.5
1,14,47.5,12.0,18.0,0.5
1,15,51.0,18.0,28.5,0.5
1,16,47.0,24.0,22.5,0.5
1,17,14.0,6.0,29.5,0.5
1,18,49.0,24.0,30.5,0.5
1,19,10.0,6.0,40.5,0.5
1,20,13.5,24.0,36.0,0.5
1,21,27.5,18.0,48.0,0.5
1,22,49.0,0.0,5.5,0.5
1,23,49.0,6.0,0.5,0.5
1,24,7.0,6.0,15.5,0.5
1,25,48.0,24.0,7.5,0.5
2,1,43.0,6.0,24.0,1.0
2,2,7.0,0.0,48.0,1.0
2,3,9.0,0.0,44.0,1.0
2,4,19.0,12.0,0.0,1.0
2,5,53.0,0.0,38.0,1.0
2,6,11.0,6.0,48.0,1.0
2,7,52.0,12.0,0.0,1.0
2,8,3.0,6.0,18.0,1.0
2,9,12.0,6.0,18.0,1.0
2,10,59.0,19.0,18.0,1.0
2,11,46.0,24.0,14.0,1.0
2,12,6.0,12.0,31.0,1.0
2,13,10.0,0.0,53.0,1.0
2,14,48.0,12.0,18.0,1.0
2,15,51.0,18.0,29.0,1.0
2,16,47.0,24.0,22.0,1.0
2,17,14.0,6.0,29.0,1.0
2,18,49.0,24.0,30.0,1.0
2,19,10.0,6.0,41.0,1.0
2,20,14.0,24.0,36.0,1.0
2,21,28.0,18.0,48.0,1.0
2,22,49.0,0.0,6.0,1.0
2,23,49.0,6.0,0.0,1.0
2,24,7.0,6.0,15.0,1.0
2,25,48.0,24.0,7.0,1.0
3,1,43.5,6.0,24.0,1.5
3,2,7.0,0.0,47.5,1.5
3,3,9.0,0.0,43.5,1.5
3,4,18.5,12.0,0.0,1.5
3,5,53.0,0.0,37.5,1.5
3,6,11.5,6.0,48.0,1.5
3,7,52.5,12.0,0.0,1.5
3,8,2.5,6.0,18.0,1.5
3,9,12.5,6.0,18.0,1.5
3,10,59.0,18.5,18.0,1.5
3,11,46.0,24.0,13.5,1.5
3,12,6.0,12.0,30.5,1.5
3,13,10.0,0.0,53.5,1.5
3,14,48.5,12.0,18.0,1.5
3,15,51.0,18.0,29.5,1.5
3,16,47.0,24.0,21.5,1.5
3,17,14.0,6.0,28.5,1.5
3,18,48.5,24.0,30.0,1.5
3,19,10.0,6.0,41.5,1.5
3,20,14.5,24.0,36.0,1.5
3,21,28.5,18.0,48.0,1.5
3,22,49.5,0.0,6.0,1.5
3,23,48.5,6.0,0.0,1.5
3,24,7.0,6.0,14.5,1.5
3,25,48.0,24.0,6.5,1.5
4,1,44.0,6.0,24.0,2.0
4,2,7.0,0.0,47.0,2.0
4,3,9.0,0.0,43.0,2.0
4,4,18.0,12.0,0.0,2.0
4,5,53.0,0.0,37.0,2.0
4,6,12.0,6.0,48.0,2.0
4,7,53.0,12.0,0.0,2.0
4,8,2.0,6.0,18.0,2.0
4,9,13.0,6.0,18.0,2.0
4,10,59.0,18.0,18.0,2.0
4,11,46.0,24.0,13.0,2.0
4,12,6.0,12.0,30.0,2.0
4,13,10.0,0.0,54.0,2.0
4,14,49.0,12.0,18.0,2.0
4,15,51.0,18.0,30.0,2.0
4,16,47.0,24.0,21.0,2.0
4,17,14.0,6.0,28.0,2.0
4,18,48.0,24.0,30.0,2.0
4,19,10.0,6.0,42.0,2.0
4,20,15.0,24.0,36.0,2.0
4,21,29.0,18.0,48.0,2.0
4,22,50.0,0.0,6.0,2.0
4,23,48.0,6.0,0.0,2.0
4,24,7.0,6.0,14.0,2.0
4,25,48.0,24.0,6.0,2.0
5,1,44.5,6.0,24.0,2.5
5,2,7.0,0.0,47.0,2.0
5,3,9.0,0.0,43.0,2.0
5,4,17.5,12.0,0.0,2.5
5,5,53.0,0.0,36.5,2.5
5,6,12.5,6.0,48.0,2.5
5,7,53.5,12.0,0.0,2.5
5,8,2.0,6.5,18.0,2.5
5,9,13.5,6.0,18.0,2.5
5,10,58.5,18.0,18.0,2.5
5,11,46.0,24.0,12.5,2.5
5,12,6.0,12.0,30.0,2.0
5,13,10.5,0.0,54.0,2.5
5,14,49.5,12.0,18.0,2.5
5,15,50.5,18.0,30.0,2.5
5,16,47.0,24.0,21.0,2.0
5,17,14.0,6.0,28.0,2.0
5,18,47.5,24.0,30.0,2.5
5,19,10.5,6.0,42.0,2.5
5,20,15.5,24.0,36.0,2.5
5,21,29.5,18.0,48.0,2.5
5,22,50.5,0.0,6.0,2.5
5,23,47.5,6.0,0.0,2.5
5,24,7.0,6.0,14.0,2.0
5,25,48.5,24.0,6.0,2.5
6,1,45.0,6.0,24.0,3.0
6,2,7.0,0.0,47.0,2.0
6,3,9.0,0.0,43.0,2.0
6,4,17.0,12.0,0.0,3.0
6,5,53.0,0.0,36.0,3.0
6,6,13.0,6.0,48.0,3.0
6,7,54.0,12.0,0.0,3.0
6,8,2.0,7.0,18.0,3.0
6,9,14.0,6.0,18.0,3.0
6,10,58.0,18.0,18.0,3.0
6,11,46.0,24.0,12.0,3.0
6,12,6.0,12.0,30.0,2.0
6,13,11.0,0.0,54.0,3.0
6,14,50.0,12.0,18.0,3.0
6,15,50.0,18.0,30.0,3.0
6,16,47.0,24.0,21.0,2.0
6,17,14.0,6.0,28.0,2.0
6,18,47.0,24.0,30.0,3.0
6,19,11.0,6.0,42.0,3.0
6,20,16.0,24.0,36.0,3.0
6,21,30.0,18.0,48.0,3.0
6,22,51.0,0.0,6.0,3.0
6,23,47.0,6.0,0.0,3.0
6,24,7.0,6.0,14.0,2.0
6,25,49.0,24.0,6.0,3.0
7,1,45.5,6.0,24.0,3.5
7,2,7.0,0.0,47.0,2.0
7,3,9.0,0.0,43.0,2.0
7,4,16.5,12.0,0.0,3.5
7,5,53.5,0.0,36.0,3.5
7,6,13.5,6.0,48.0,3.5
7,7,54.0,11.5,0.0,3.5
7,8,2.0,7.0,18.0,3.0
7,9,14.5,6.0,18.0,3.5
7,10,57.5,18.0,18.0,3.5
7,11,46.5,24.0,12.0,3.5
7,12,6.0,12.0,30.0,2.0
7,13,11.5,0.0,54.0,3.5
7,14,50.5,12.0,18.0,3.5
7,15,49.5,18.0,30.0,3.5
7,16,47.0,24.0,21.0,2.0
7,17,14.0,6.0,28.0,2.0
7,18,46.5,24.0,30.0,3.5
7,19,11.5,6.0,42.0,3.5
7,20,16.5,24.0,36.0,3.5
7,21,30.5,18.0,48.0,3.5
7,22,51.5,0.0,6.0,3.5
7,23,46.5,6.0,0.0,3.5
7,24,7.0,6.0,14.0,2.0
7,25,49.5,24.0,6.0,3.5
8,1,46.0,6.0,24.0,4.0
8,2,7.0,0.0,47.0,2.0
8,3,9.0,0.0,43.0,2.0
8,4,16.0,12.0,0.0,4.0
8,5,54.0,0.0,36.0,4.0
8,6,14.0,6.0,48.0,4.0
8,7,54.0,11.0,0.0,4.0
8,8,2.0,7.0,18.0,3.0
8,9,15.0,6.0,18.0,4.0
8,10,57.0,18.0,18.0,4.0
8,11,47.0,24.0,12.0,4.0
8,12,6.0,12.0,30.0,2.0
8,13,12.0,0.0,54.0,4.0
8,14,51.0,12.0,18.0,4.0
8,15,49.0,18.0,30.0,4.0
8,16,47.0,24.0,21.0,2.0
8,17,14.0,6.0,28.0,2.0
8,18,46.0,24.0,30.0,4.0
8,19,12.0,6.0,42.0,4.0
8,20,17.0,24.0,36.0,4.0
8,21,31.0,18.0,48.0,4.0
8,22,52.0,0.0,6.0,4.0
8,23,46.0,6.0,0.0,4.0
8,24,7.0,6.0,14.0,2.0
8,25,50.0,24.0,6.0,4.0
9,1,46.5,6.0,24.0,4.5
9,2,7.0,0.0,47.0,2.0
9,3,9.0,0.0,43.0,2.0
9,4,15.5,12.0,0.0,4.5
9,5,54.0,0.5,36.0,4.5
9,6,14.5,6.0,48.0,4.5
9,7,54.0,10.5,0.0,4.5
9,8,2.0,7.0,18.0,3.0
9,9,15.5,6.0,18.0,4.5
9,10,56.5,18.0,18.0,4.5
9,11,47.5,24.0,12.0,4.5
9,12,6.0,12.0,30.0,2.0
9,13,12.5,0.0,54.0,4.5
9,14,51.5,12.0,18.0,4.5
9,15,48.5,18.0,30.0,4.5
9,16,47.0,24.0,21.0,2.0
9,17,14.0,6.0,28.0,2.0
9,18,45.5,24.0,30.0,4.5
9,19,12.5,6.0,42.0,4.5
9,20,17.5,24.0,36.0,4.5
9,21,31.5,18.0,48.0,4.5
9,22,52.5,0.0,6.0,4.5
9,23,45.5,6.0,0.0,4.5
9,24,7.0,6.0,14.0,2.0
9,25,50.5,24.0,6.0,4.5
10,1,47.0,6.0,24.0,5.0
10,2,7.0,0.0,47.0,2.0
10,3,9.0,0.0,43.0,2.0
10,4,15.0,12.0,0.0,5.0
10,5,54.0,1.0,36.0,5.0
10,6,15.0,6.0,48.0,5.0
10,7,54.0,10.0,0.0,5.0
10,8,2.0,7.0,18.0,3.0
10,9,16.0,6.0,18.0,5.0
10,10,56.0,18.0,18.0,5.0
10,11,48.0,24.0,12.0,5.0
10,12,6.0,12.0,30.0,2.0
10,13,13.0,0.0,54.0,5.0
10,14,52.0,12.0,18.0,5.0
10,15,48.0,18.0,30.0,5.0
10,16,47.0,24.0,21.0,2.0
10,17,14.0,6.0,28.0,2.0
10,18,45.0,24.0,30.0,5.0
10,19,13.0,6.0,42.0,5.0
10,20,18.0,24.0,36.0,5.0
10,21,32.0,18.0,48.0,5.0
10,22,53.0,0.0,6.0,5.0
10,23,45.0,6.0,0.0,5.0
10,24,7.0,6.0,14.0,2.0
10,25,51.0,24.0,6.0,5.0
11,1,47.5,6.0,24.0,5.5
11,2,7.0,0.0,47.0,2.0
11,3,9.0,0.0,43.0,2.0
11,4,14.5,12.0,0.0,5.5
11,5,54.0,1.5,36.0,5.5
11,6,15.5,6.0,48.0,5.5
11,7,54.0,9.5,0.0,5.5
11,8,2.0,7.0,18.0,3.0
11,9,16.5,6.0,18.0,5.5
11,10,55.5,18.0,18.0,5.5
11,11,48.5,24.0,12.0,5.5
11,12,6.0,12.0,30.0,2.0
11,13,13.5,0.0,54.0,5.5
11,14,52.5,12.0,18.0,5.5
11,15,47.5,18.0,30.0,5.5
11,16,47.0,24.0,21.0,2.0
11,17,14.0,6.0,28.0,2.0
11,18,44.5,24.0,30.0,5.5
11,19,13.5,6.0,42.0,5.5
11,20,18.5,24.0,36.0,5.5
11,21,32.5,18.0,48.0,5.5
11,22,53.5,0.0,6.0,5.5
11,23,44.5,6.0,0.0,5.5
11,24,7.0,6.0,14.0,2.0
11,25,51.5,24.0,6.0,5.5
12,1,48.0,6.0,24.0,6.0
12,2,7.0,0.0,47.0,2.0
12,3,9.0,0.0,43.0,2.0
12,4,14.0,12.0,0.0,6.0
12,5,54.0,2.0,36.0,6.0
12,6,16.0,6.0,48.0,6.0
12,7,54.0,9.0,0.0,6.0
12,8,2.0,7.0,18.0,3.0
12,9,17.0,6.0,18.0,6.0
12,10,55.0,18.0,18.0,6.0
12,11,49.0,24.0,12.0,6.0
12,12,6.0,12.0,30.0,2.0
12,13,14.0,0.0,54.0,6.0
12,14,53.0,12.0,18.0,6.0
12,15,47.0,18.0,30.0,6.0
12,16,47.0,24.0,21.0,2.0
12,17,14.0,6.0,28.0,2.0
12,18,44.0,24.0,30.0,6.0
12,19,14.0,6.0,42.0,6.0
12,20,19.0,24.0,36.0,6.0
12,21,33.0,18.0,48.0,6.0
12,22,54.0,0.0,6.0,6.0
12,23,44.0,6.0,0.0,6.0
12,24,7.0,6.0,14.0,2.0
12,25,52.0,24.0,6.0,6.0
13,1,48.5,6.0,24.0,6.5
13,2,7.0,0.0,47.0,2.0
13,3,9.0,0.0,43.0,2.0
13,4,13.5,12.0,0.0,6.5
13,5,54.0,2.5,36.0,6.5
13,6,16.5,6.0,48.0,6.5
13,7,54.0,8.5,0.0,6.5
13,8,2.0,7.0,18.0,3.0
13,9,17.5,6.0,18.0,6.5
13,10,54.5,18.0,18.0,6.5
13,11,49.5,24.0,12.0,6.5
13,12,6.0,12.0,30.0,2.0
13,13,14.5,0.0,54.0,6.5
13,14,53.5,12.0,18.0,6.5
13,15,46.5,18.0,30.0,6.5
13,16,47.0,24.0,21.0,2.0
13,17,14.0,6.0,28.0,2.0
13,18,43.5,24.0,30.0,6.5
13,19,14.5,6.0,42.0,6.5
13,20,19.5,24.0,36.0,6.5
13,21,33.0,18.0,48.0,6.0
13,22,54.0,0.5,6.0,6.5
13,23,43.5,6.0,0.0,6.5
13,24,7.0,6.0,14.0,2.0
13,25,52.5,24.0,6.0,6.5
14,1,49.0,6.0,24.0,7.0
14,2,7.0,0.0,47.0,2.0
14,3,9.0,0.0,43.0,2.0
14,4,13.0,12.0,0.0,7.0
14,5,54.0,3.0,36.0,7.0
14,6,17.0,6.0,48.0,7.0
14,7,54.0,8.0,0.0,7.0
14,8,2.0,7.0,18.0,3.0
14,9,18.0,6.0,18.0,7.0
14,10,54.0,18.0,18.0,7.0
14,11,50.0,24.0,12.0,7.0
14,12,6.0,12.0,30.0,2.0
14,13,15.0,0.0,54.0,7.0
14,14,54.0,12.0,18.0,7.0
14,15,46.0,18.0,30.0,7.0
14,16,47.0,24.0,21.0,2.0
14,17,14.0,6.0,28.0,2.0
14,18,43.0,24.0,30.0,7.0
14,19,15.0,6.0,42.0,7.0
14,20,20.0,24.0,36.0,7.0
14,21,33.0,18.0,48.0,6.0
14,22,54.0,1.0,6.0,7.0
14,23,43.0,6.0,0.0,7.0
14,24,7.0,6.0,14.0,2.0
14,25,53.0,24.0,6.0,7.0
15,1,49.5,6.0,24.0,7.5
15,2,7.0,0.0,47.0,2.0
15,3,9.0,0.0,43.0,2.0
15,4,12.5,12.0,0.0,7.5
15,5,54.0,3.5,36.0,7.5
15,6,17.5,6.0,48.0,7.5
15,7,54.0,7.5,0.0,7.5
15,8,2.0,7.0,18.0,3.0
15,9,18.5,6.0,18.0,7.5
15,10,54.0,17.5,18.0,7.5
15,11,50.5,24.0,12.0,7.5
15,12,6.0,12.0,30.0,2.0
15,13,15.5,0.0,54.0,7.5
15,14,54.5,12.0,18.0,7.5
15,15,45.5,18.0,30.0,7.5
15,16,47.0,24.0,21.0,2.0
15,17,14.0,6.0,28.0,2.0
15,18,42.5,24.0,30.0,7.5
15,19,15.5,6.0,42.0,7.5
15,20,20.5,24.0,36.0,7.5
15,21,33.0,18.0,48.0,6.0
15,22,54.0,1.5,6.0,7.5
15,23,42.5,6.0,0.0,7.5
15,24,7.0,6.0,14.0,2.0
15,25,53.5,24.0,6.0,7.5
16,1,50.0,6.0,24.0,8.0
16,2,7.0,0.0,47.0,2.0
16,3,9.0,0.0,43.0,2.0
16,4,12.0,12.0,0.0,8.0
16,5,54.0,4.0,36.0,8.0
16,6,18.0,6.0,48.0,8.0
16,7,54.0,7.0,0.0,8.0
16,8,2.0,7.0,18.0,3.0
16,9,19.0,6.0,18.0,8.0
16,10,54.0,17.0,18.0,8.0
16,11,51.0,24.0,12.0,8.0
16,12,6.0,12.0,30.0,2.0
16,13,16.0,0.0,54.0,8.0
16,14,55.0,12.0,18.0,8.0
16,15,45.0,18.0,30.0,8.0
16,16,47.0,24.0,21.0,2.0
16,17,14.0,6.0,28.0,2.0
16,18,42.0,24.0,30.0,8.0
16,19,16.0,6.0,42.0,8.0
16,20,21.0,24.0,36.0,8.0
16,21,33.0,18.0,48.0,6.0
16,22,54.0,2.0,6.0,8.0
16,23,42.0,6.0,0.0,8.0
16,24,7.0,6.0,14.0,2.0
16,25,54.0,24.0,6.0,8.0
17,1,50.5,6.0,24.0,8.5
17,2,7.0,0.0,47.0,2.0
17,3,9.0,0.0,43.0,2.0
17,4,11.5,12.0,0.0,8.5
17,5,54.0,4.5,36.0,8.5
17,6,18.5,6.0,48.0,8.5
17,7,54.0,6.5,0.0,8.5
17,8,2.0,7.0,18.0,3.0
17,9,19.5,6.0,18.0,8.5
17,10,54.0,16.5,18.0,8.5
17,11,51.5,24.0,12.0,8.5
17,12,6.0,12.0,30.0,2.0
17,13,16.5,0.0,54.0,8.5
17,14,55.5,12.0,18.0,8.5
17,15,44.5,18.0,30.0,8.5
17,16,47.0,24.0,21.0,2.0
17,17,14.0,6.0,28.0,2.0
17,18,41.5,24.0,30.0,8.5
17,19,16.5,6.0,42.0,8.5
17,20,21.5,24.0,36.0,8.5
17,21,33.0,18.0,48.0,6.0
17,22,54.0,2.5,6.0,8.5
17,23,41.5,6.0,0.0,8.5
17,24,7.0,6.0,14.0,2.0
17,25,54.0,23.5,6.0,8.5
18,1,51.0,6.0,24.0,9.0
18,2,7.0,0.0,47.0,2.0
18,3,9.0,0.0,43.0,2.0
18,4,11.0,12.0,0.0,9.0
18,5,54.0,5.0,36.0,9.0
18,6,19.0,6.0,48.0,9.0
18,7,54.0,6.0,0.0,9.0
18,8,2.0,7.0,18.0,3.0
18,9,20.0,6.0,18.0,9.0
18,10,54.0,16.0,18.0,9.0
18,11,52.0,24.0,12.0,9.0
18,12,6.0,12.0,30.0,2.0
18,13,17.0,0.0,54.0,9.0
18,14,56.0,12.0,18.0,9.0
18,15,44.0,18.0,30.0,9.0
18,16,47.0,24.0,21.0,2.0
18,17,14.0,6.0,28.0,2.0
18,18,41.0,24.0,30.0,9.0
18,19,17.0,6.0,42.0,9.0
18,20,22.0,24.0,36.0,9.0
18,21,33.0,18.0,48.0,6.0
18,22,54.0,3.0,6.0,9.0
18,23,41.0,6.0,0.0,9.0
18,24,7.0,6.0,14.0,2.0
18,25,54.0,23.0,6.0,9.0
19,1,51.5,6.0,24.0,9.5
19,2,7.0,0.0,47.0,2.0
19,3,9.0,0.0,43.0,2.0
19,4,10.5,12.0,0.0,9.5
19,5,54.0,5.5,36.0,9.5
19,6,19.5,6.0,48.0,9.5
19,7,53.5,6.0,0.0,9.5
19,8,2.0,7.0,18.0,3.0
19,9,20.5,6.0,18.0,9.5
19,10,54.0,15.5,18.0,9.5
19,11,52.5,24.0,12.0,9.5
19,12,6.0,12.0,30.0,2.0
19,13,17.5,0.0,54.0,9.5
19,14,56.5,12.0,18.0,9.5
19,15,43.5,18.0,30.0,9.5
19,16,47.0,24.0,21.0,2.0
19,17,14.0,6.0,28.0,2.0
19,18,40.5,24.0,30.0,9.5
19,19,17.5,6.0,42.0,9.5
19,20,22.0,24.0,36.0,9.0
19,21,33.0,18.0,48.0,6.0
19,22,54.0,3.5,6.0,9.5
19,23,40.5,6.0,0.0,9.5
19,24,7.0,6.0,14.0,2.0
19,25,54.0,22.5,6.0,9.5
20,1,52.0,6.0,24.0,10.0
20,2,7.0,0.0,47.0,2.0
20,3,9.0,0.0,43.0,2.0
20,4,10.0,12.0,0.0,10.0
20,5,54.0,6.0,36.0,10.0
20,6,20.0,6.0,48.0,10.0
20,7,53.0,6.0,0.0,10.0
20,8,2.0,7.0,18.0,3.0
20,9,21.0,6.0,18.0,10.0
20,10,54.0,15.0,18.0,10.0
20,11,53.0,24.0,12.0,10.0
20,12,6.0,12.0,30.0,2.0
20,13,18.0,0.0,54.0,10.0
20,14,57.0,12.0,18.0,10.0
20,15,43.0,18.0,30.0,10.0
20,16,47.0,24.0,21.0,2.0
20,17,14.0,6.0,28.0,2.0
20,18,40.0,24.0,30.0,10.0
20,19,18.0,6.0,42.0,10.0
20,20,22.0,24.0,36.0,9.0
20,21,33.0,18.0,48.0,6.0
20,22,54.0,4.0,6.0,10.0
20,23,40.0,6.0,0.0,10.0
20,24,7.0,6.0,14.0,2.0
20,25,54.0,22.0,6.0,10.0
21,1,52.5,6.0,24.0,10.5
21,2,7.0,0.0,47.0,2.0
21,3,9.0,0.0,43.0,2.0
21,4,9.5,12.0,0.0,10.5
21,5,54.0,6.5,36.0,10.5
21,6,20.5,6.0,48.0,10.5
21,7,52.5,6.0,0.0,10.5
21,8,2.0,7.0,18.0,3.0
21,9,21.5,6.0,18.0,10.5
21,10,54.0,14.5,18.0,10.5
21,11,53.5,24.0,12.0,10.5
21,12,6.0,12.0,30.0,2.0
21,13,18.5,0.0,54.0,10.5
21,14,57.0,12.0,18.0,10.0
21,15,42.5,18.0,30.0,10.5
21,16,47.0,24.0,21.0,2.0
21,17,14.0,6.0,28.0,2.0
21,18,39.5,24.0,30.0,10.5
21,19,18.5,6.0,42.0,10.5
21,20,22.0,24.0,36.0,9.0
21,21,33.0,18.0,48.0,6.0
21,22,54.0,4.5,6.0,10.5
21,23,39.5,6.0,0.0,10.5
21,24,7.0,6.0,14.0,2.0
21,25,54.0,21.5,6.0,10.5
22,1,53.0,6.0,24.0,11.0
22,2,7.0,0.0,47.0,2.0
22,3,9.0,0.0,43.0,2.0
22,4,9.0,12.0,0.0,11.0
22,5,54.0,7.0,36.0,11.0
22,6,21.0,6.0,48.0,11.0
22,7,52.0,6.0,0.0,11.0
22,8,2.0,7.0,18.0,3.0
22,9,22.0,6.0,18.0,11.0
22,10,54.0,14.0,18.0,11.0
22,11,54.0,24.0,12.0,11.0
22,12,6.0,12.0,30.0,2.0
22,13,19.0,0.0,54.0,11.0
22,14,57.0,12.0,18.0,10.0
22,15,42.0,18.0,30.0,11.0
22,16,47.0,24.0,21.0,2.0
22,17,14.0,6.0,28.0,2.0
22,18,39.0,24.0,30.0,11.0
22,19,19.0,6.0,42.0,11.0
22,20,22.0,24.0,36.0,9.0
22,21,33.0,18.0,48.0,6.0
22,22,54.0,5.0,6.0,11.0
22,23,39.0,6.0,0.0,11.0
22,24,7.0,6.0,14.0,2.0
22,25,54.0,21.0,6.0,11.0
23,1,53.5,6.0,24.0,11.5
23,2,7.0,0.0,47.0,2.0
23,3,9.0,0.0,43.0,2.0
23,4,8.5,12.0,0.0,11.5
23,5,54.0,7.5,36.0,11.5
23,6,21.5,6.0,48.0,11.5
23,7,51.5,6.0,0.0,11.5
23,8,2.0,7.0,18.0,3.0
23,9,22.5,6.0,18.0,11.5
23,10,54.0,13.5,18.0,11.5
23,11,54.0,23.5,12.0,11.5
23,12,6.0,12.0,30.0,2.0
23,13,19.5,0.0,54.0,11.5
23,14,57.0,12.0,18.0,10.0
23,15,41.5,18.0,30.0,11.5
23,16,47.0,24.0,21.0,2.0
23,17,14.0,6.0,28.0,2.0
23,18,38.5,24.0,30.0,11.5
23,19,19.5,6.0,42.0,11.5
23,20,22.0,24.0,36.0,9.0
23,21,33.0,18.0,48.0,6.0
23,22,54.0,5.5,6.0,11.5
23,23,38.5,6.0,0.0,11.5
23,24,7.0,6.0,14.0,2.0
23,25,54.0,20.5,6.0,11.5
24,1,54.0,6.0,24.0,12.0
24,2,7.0,0.0,47.0,2.0
24,3,9.0,0.0,43.0,2.0
24,4,8.0,12.0,0.0,12.0
24,5,54.0,8.0,36.0,12.0
24,6,22.0,6.0,48.0,12.0
24,7,51.0,6.0,0.0,12.0
24,8,2.0,7.0,18.0,3.0
24,9,23.0,6.0,18.0,12.0
24,10,54.0,13.0,18.0,12.0
24,11,54.0,23.0,12.0,12.0
24,12,6.0,12.0,30.0,2.0
24,13,20.0,0.0,54.0,12.0
24,14,57.0,12.0,18.0,10.0
24,15,41.0,18.0,30.0,12.0
24,16,47.0,24.0,21.0,2.0
24,17,14.0,6.0,28.0,2.0
24,18,38.0,24.0,30.0,12.0
24,19,20.0,6.0,42.0,12.0
24,20,22.0,24.0,36.0,9.0
24,21,33.0,18.0,48.0,6.0
24,22,54.0,6.0,6.0,12.0
24,23,38.0,6.0,0.0,12.0
24,24,7.0,6.0,14.0,2.0
24,25,54.0,20.0,6.0,12.0
25,1,54.5,6.0,24.0,12.5
25,2,7.0,0.0,47.0,2.0
25,3,9.0,0.0,43.0,2.0
25,4,7.5,12.0,0.0,12.5
25,5,54.0,8.5,36.0,12.5
25,6,22.5,6.0,48.0,12.5
25,7,50.5,6.0,0.0,12.5
25,8,2.0,7.0,18.0,3.0
25,9,23.5,6.0,18.0,12.5
25,10,54.0,12.5,18.0,12.5
25,11,54.0,22.5,12.0,12.5
25,12,6.0,12.0,30.0,2.0
25,13,20.5,0.0,54.0,12.5
25,14,57.0,12.0,18.0,10.0
25,15,40.5,18.0,30.0,12.5
25,16,47.0,24.0,21.0,2.0
25,17,14.0,6.0,28.0,2.0
25,18,37.5,24.0,30.0,12.5
25,19,20.5,6.0,42.0,12.5
25,20,22.0,24.0,36.0,9.0
25,21,33.0,18.0,48.0,6.0
25,22,53.5,6.0,6.0,12.5
25,23,37.5,6.0,0.0,12.5
25,24,7.0,6.0,14.0,2.0
25,25,54.0,19.5,6.0,12.5
26,1,55.0,6.0,24.0,13.0
26,2,7.0,0.0,47.0,2.0
26,3,9.0,0.0,43.0,2.0
26,4,7.0,12.0,0.0,13.0
26,5,54.0,9.0,36.0,13.0
26,6,23.0,6.0,48.0,13.0
26,7,50.0,6.0,0.0,13.0
26,8,2.0,7.0,18.0,3.0
26,9,24.0,6.0,18.0,13.0
26,10,54.0,12.0,18.0,13.0
26,11,54.0,22.0,12.0,13.0
26,12,6.0,12.0,30.0,2.0
26,13,21.0,0.0,54.0,13.0
26,14,57.0,12.0,18.0,10.0
26,15,40.0,18.0,30.0,13.0
26,16,47.0,24.0,21.0,2.0
26,17,14.0,6.0,28.0,2.0
26,18,37.0,24.0,30.0,13.0
26,19,21.0,6.0,42.0,13.0
26,20,22.0,24.0,36.0,9.0
26,21,33.0,18.0,48.0,6.0
26,22,53.0,6.0,6.0,13.0
26,23,37.0,6.0,0.0,13.0
26,24,7.0,6.0,14.0,2.0
26,25,54.0,19.0,6.0,13.0
27,1,55.0,6.5,24.0,13.5
27,2,7.0,0.0,47.0,2.0
27,3,9.0,0.0,43.0,2.0
27,4,6.5,12.0,0.0,13.5
27,5,54.0,9.5,36.0,13.5
27,6,23.5,6.0,48.0,13.5
27,7,49.5,6.0,0.0,13.5
27,8,2.0,7.0,18.0,3.0
27,9,24.5,6.0,18.0,13.5
27,10,54.0,11.5,18.0,13.5
27,11,54.0,21.5,12.0,13.5
27,12,6.0,12.0,30.0,2.0
27,13,21.5,0.0,54.0,13.5
27,14,57.0,12.0,18.0,10.0
27,15,39.5,18.0,30.0,13.5
27,16,47.0,24.0,21.0,2.0
27,17,14.0,6.0,28.0,2.0
27,18,36.5,24.0,30.0,13.5
27,19,21.5,6.0,42.0,13.5
27,20,22.0,24.0,36.0,9.0
27,21,33.0,18.0,48.0,6.0
27,22,52.5,6.0,6.0,13.5
27,23,36.5,6.0,0.0,13.5
27,24,7.0,6.0,14.0,2.0
27,25,54.0,18.5,6.0,13.5
28,1,55.0,7.0,24.0,14.0
28,2,7.0,0.0,47.0,2.0
28,3,9.0,0.0,43.0,2.0
28,4,6.0,12.0,0.0,14.0
28,5,54.0,10.0,36.0,14.0
28,6,24.0,6.0,48.0,14.0
28,7,49.0,6.0,0.0,14.0
28,8,2.0,7.0,18.0,3.0
28,9,25.0,6.0,18.0,14.0
28,10,54.0,11.0,18.0,14.0
28,11,54.0,21.0,12.0,14.0
28,12,6.0,12.0,30.0,2.0
28,13,22.0,0.0,54.0,14.0
28,14,57.0,12.0,18.0,10.0
28,15,39.0,18.0,30.0,14.0
28,16,47.0,24.0,21.0,2.0
28,17,14.0,6.0,28.0,2.0
28,18,36.0,24.0,30.0,14.0
28,19,22.0,6.0,42.0,14.0
28,20,22.0,24.0,36.0,9.0
28,21,33.0,18.0,48.0,6.0
28,22,52.0,6.0,6.0,14.0
28,23,36.0,6.0,0.0,14.0
28,24,7.0,6.0,14.0,2.0
28,25,54.0,18.0,6.0,14.0
29,1,55.0,7.5,24.0,14.5
29,2,7.0,0.0,47.0,2.0
29,3,9.0,0.0,43.0,2.0
29,4,5.5,12.0,0.0,14.5
29,5,54.0,10.5,36.0,14.5
29,6,24.5,6.0,48.0,14.5
29,7,48.5,6.0,0.0,14.5
29,8,2.0,7.0,18.0,3.0
29,9,25.5,6.0,18.0,14.5
29,10,54.0,10.5,18.0,14.5
29,11,54.0,20.5,12.0,14.5
29,12,6.0,12.0,30.0,2.0
29,13,22.5,0.0,54.0,14.5
29,14,57.0,12.0,18.0,10.0
29,15,38.5,18.0,30.0,14.5
29,16,47.0,24.0,21.0,2.0
29,17,14.0,6.0,28.0,2.0
29,18,35.5,24.0,30.0,14.5
29,19,22.5,6.0,42.0,14.5
29,20,22.0,24.0,36.0,9.0
29,21,33.0,18.0,48.0,6.0
29,22,51.5,6.0,6.0,14.5
29,23,35.5,6.0,0.0,14.5
29,24,7.0,6.0,14.0,2.0
29,25,54.0,17.5,6.0,14.5
30,1,55.0,8.0,24.0,15.0
30,2,7.0,0.0,47.0,2.0
30,3,9.0,0.0,43.0,2.0
30,4,5.0,12.0,0.0,15.0
30,5,54.0,11.0,36.0,15.0
30,6,25.0,6.0,48.0,15.0
30,7,48.0,6.0,0.0,15.0
30,8,2.0,7.0,18.0,3.0
30,9,26.0,6.0,18.0,15.0
30,10,54.0,10.0,18.0,15.0
30,11,54.0,20.0,12.0,15.0
30,12,6.0,12.0,30.0,2.0
30,13,23.0,0.0,54.0,15.0
30,14,57.0,12.0,18.0,10.0
30,15,38.0,18.0,30.0,15.0
30,16,47.0,24.0,21.0,2.0
30,17,14.0,6.0,28.0,2.0
30,18,35.0,24.0,30.0,15.0
30,19,23.0,6.0,42.0,15.0
30,20,22.0,24.0,36.0,9.0
30,21,33.0,18.0,48.0,6.0
30,22,51.0,6.0,6.0,15.0
30,23,35.0,6.0,0.0,15.0
30,24,7.0,6.0,14.0,2.0
30,25,54.0,17.0,6.0,15.0
31,1,55.0,8.0,24.0,15.0
31,2,7.0,0.0,47.0,2.0
31,3,9.0,0.0,43.0,2.0
31,4,5.0,11.5,0.0,15.5
31,5,54.0,11.5,36.0,15.5
31,6,25.5,6.0,48.0,15.5
31,7,47.5,6.0,0.0,15.5
31,8,2.0,7.0,18.0,3.0
31,9,26.5,6.0,18.0,15.5
31,10,54.0,9.5,18.0,15.5
31,11,54.0,19.5,12.0,15.5
31,12,6.0,12.0,30.0,2.0
31,13,23.5,0.0,54.0,15.5
31,14,57.0,12.0,18.0,10.0
31,15,37.5,18.0,30.0,15.5
31,16,47.0,24.0,21.0,2.0
31,17,14.0,6.0,28.0,2.0
31,18,34.5,24.0,30.0,15.5
31,19,23.5,6.0,42.0,15.5
31,20,22.0,24.0,36.0,9.0
31,21,33.0,18.0,48.0,6.0
31,22,50.5,6.0,6.0,15.5
31,23,34.5,6.0,0.0,15.5
31,24,7.0,6.0,14.0,2.0
31,25,54.0,16.5,6.0,15.5
32,1,55.0,8.0,24.0,15.0
32,2,7.0,0.0,47.0,2.0
32,3,9.0,0.0,43.0,2.0
32,4,5.0,11.0,0.0,16.0
32,5,54.0,12.0,36.0,16.0
32,6,26.0,6.0,48.0,16.0
32,7,47.0,6.0,0.0,16.0
32,8,2.0,7.0,18.0,3.0
32,9,27.0,6.0,18.0,16.0
32,10,54.0,9.0,18.0,16.0
32,11,54.0,19.0,12.0,16.0
32,12,6.0,12.0,30.0,2.0
32,13,24.0,0.0,54.0,16.0
32,14,57.0,12.0,18.0,10.0
32,15,37.0,18.0,30.0,16.0
32,16,47.0,24.0,21.0,2.0
32,17,14.0,6.0,28.0,2.0
32,18,34.0,24.0,30.0,16.0
32,19,24.0,6.0,42.0,16.0
32,20,22.0,24.0,36.0,9.0
32,21,33.0,18.0,48.0,6.0
32,22,50.0,6.0,6.0,16.0
32,23,34.0,6.0,0.0,16.0
32,24,7.0,6.0,14.0,2.0
32,25,54.0,16.0,6.0,16.0
33,1,55.0,8.0,24.0,15.0
33,2,7.0,0.0,47.0,2.0
33,3,9.0,0.0,43.0,2.0
33,4,5.0,10.5,0.0,16.5
33,5,54.0,12.5,36.0,16.5
33,6,26.5,6.0,48.0,16.5
33,7,46.5,6.0,0.0,16.5
33,8,2.0,7.0,18.0,3.0
33,9,27.5,6.0,18.0,16.5
33,10,54.0,8.5,18.0,16.5
33,11,54.0,18.5,12.0,16.5
33,12,6.0,12.0,30.0,2.0
33,13,24.5,0.0,54.0,16.5
33,14,57.0,12.0,18.0,10.0
33,15,36.5,18.0,30.0,16.5
33,16,47.0,24.0,21.0,2.0
33,17,14.0,6.0,28.0,2.0
33,18,33.5,24.0,30.0,16.5
33,19,24.5,6.0,42.0,16.5
33,20,22.0,24.0,36.0,9.0
33,21,33.0,18.0,48.0,6.0
33,22,49.5,6.0,6.0,16.5
33,23,33.5,6.0,0.0,16.5
33,24,7.0,6.0,14.0,2.0
33,25,54.0,15.5,6.0,16.5
34,1,55.0,8.0,24.0,15.0
34,2,7.0,0.0,47.0,2.0
34,3,9.0,0.0,43.0,2.0
34,4,5.0,10.0,0.0,17.0
34,5,54.0,13.0,36.0,17.0
34,6,27.0,6.0,48.0,17.0
34,7,46.0,6.0,0.0,17.0
34,8,2.0,7.0,18.0,3.0
34,9,28.0,6.0,18.0,17.0
34,10,54.0,8.0,18.0,17.0
34,11,54.0,18.0,12.0,17.0
34,12,6.0,12.0,30.0,2.0
34,13,25.0,0.0,54.0,17.0
34,14,57.0,12.0,18.0,10.0
34,15,36.0,18.0,30.0,17.0
34,16,47.0,24.0,21.0,2.0
34,17,14.0,6.0,28.0,2.0
34,18,33.0,24.0,30.0,17.0
34,19,25.0,6.0,42.0,17.0
34,20,22.0,24.0,36.0,9.0
34,21,33.0,18.0,48.0,6.0
34,22,49.0,6.0,6.0,17.0
34,23,33.0,6.0,0.0,17.0
34,24,7.0,6.0,14.0,2.0
34,25,54.0,15.0,6.0,17.0
35,1,55.0,8.0,24.0,15.0
35,2,7.0,0.0,47.0,2.0
35,3,9.0,0.0,43.0,2.0
35,4,5.0,9.5,0.0,17.5
35,5,54.0,13.5,36.0,17.5
35,6,27.5,6.0,48.0,17.5
35,7,45.5,6.0,0.0,17.5
35,8,2.0,7.0,18.0,3.0
35,9,28.5,6.0,18.0,17.5
35,10,54.0,7.5,18.0,17.5
35,11,53.5,18.0,12.0,17.5
35,12,6.0,12.0,30.0,2.0
35,13,25.5,0.0,54.0,17.5
35,14,57.0,12.0,18.0,10.0
35,15,35.5,18.0,30.0,17.5
35,16,47.0,24.0,21.0,2.0
35,17,14.0,6.0,28.0,2.0
35,18,32.5,24.0,30.0,17.5
35,19,25.5,6.0,42.0,17.5
35,20,22.0,24.0,36.0,9.0
35,21,33.0,18.0,48.0,6.0
35,22,48.5,6.0,6.0,17.5
35,23,32.5,6.0,0.0,17.5
35,24,7.0,6.0,14.0,2.0
35,25,54.0,14.5,6.0,17.5
36,1,55.0,8.0,24.0,15.0
36,2,7.0,0.0,47.0,2.0
36,3,9.0,0.0,43.0,2.0
36,4,5.0,9.0,0.0,18.0
36,5,54.0,14.0,36.0,18.0
36,6,28.0,6.0,48.0,18.0
36,7,45.0,6.0,0.0,18.0
36,8,2.0,7.0,18.0,3.0
36,9,29.0,6.0,18.0,18.0
36,10,54.0,7.0,18.0,18.0
36,11,53.0,18.0,12.0,18.0
36,12,6.0,12.0,30.0,2.0
36,13,26.0,0.0,54.0,18.0
36,14,57.0,12.0,18.0,10.0
36,15,35.0,18.0,30.0,18.0
36,16,47.0,24.0,21.0,2.0
36,17,14.0,6.0,28.0,2.0
36,18,32.0,24.0,30.0,18.0
36,19,26.0,6.0,42.0,18.0
36,20,22.0,24.0,36.0,9.0
36,21,33.0,18.0,48.0,6.0
36,22,48.0,6.0,6.0,18.0
36,23,32.0,6.0,0.0,18.0
36,24,7.0,6.0,14.0,2.0
36,25,54.0,14.0,6.0,18.0
37,1,55.0,8.0,24.0,15.0
37,2,7.0,0.0,47.0,2.0
37,3,9.0,0.0,43.0,2.0
37,4,5.0,8.5,0.0,18.5
37,5,54.0,14.5,36.0,18.5
37,6,28.5,6.0,48.0,18.5
37,7,45.0,6.0,0.5,18.5
37,8,2.0,7.0,18.0,3.0
37,9,29.5,6.0,18.0,18.5
37,10,54.0,6.5,18.0,18.5
37,11,52.5,18.0,12.0,18.5
37,12,6.0,12.0,30.0,2.0
37,13,26.5,0.0,54.0,18.5
37,14,57.0,12.0,18.0,10.0
37,15,34.5,18.0,30.0,18.5
37,16,47.0,24.0,21.0,2.0
37,17,14.0,6.0,28.0,2.0
37,18,31.5,24.0,30.0,18.5
37,19,26.5,6.0,42.0,18.5
37,20,22.0,24.0,36.0,9.0
37,21,33.0,18.0,48.0,6.0
37,22,47.5,6.0,6.0,18.5
37,23,31.5,6.0,0.0,18.5
37,24,7.0,6.0,14.0,2.0
37,25,54.0,13.5,6.0,18.5
38,1,55.0,8.0,24.0,15.0
38,2,7.0,0.0,47.0,2.0
38,3,9.0,0.0,43.0,2.0
38,4,5.0,8.0,0.0,19.0
38,5,54.0,15.0,36.0,19.0
38,6,29.0,6.0,48.0,19.0
38,7,45.0,6.0,1.0,19.0
38,8,2.0,7.0,18.0,3.0
38,9,30.0,6.0,18.0,19.0
38,10,54.0,6.0,18.0,19.0
38,11,52.0,18.0,12.0,19.0
38,12,6.0,12.0,30.0,2.0
38,13,27.0,0.0,54.0,19.0
38,14,57.0,12.0,18.0,10.0
38,15,34.0,18.0,30.0,19.0
38,16,47.0,24.0,21.0,2.0
38,17,14.0,6.0,28.0,2.0
38,18,31.0,24.0,30.0,19.0
38,19,27.0,6.0,42.0,19.0
38,20,22.0,24.0,36.0,9.0
38,21,33.0,18.0,48.0,6.0
38,22,47.0,6.0,6.0,19.0
38,23,31.0,6.0,0.0,19.0
38,24,7.0,6.0,14.0,2.0
38,25,54.0,13.0,6.0,19.0
39,1,55.0,8.0,24.0,15.0
39,2,7.0,0.0,47.0,2.0
39,3,9.0,0.0,43.0,2.0
39,4,5.0,7.5,0.0,19.5
39,5,54.0,15.5,36.0,19.5
39,6,29.5,6.0,48.0,19.5
39,7,45.0,6.0,1.0,19.0
39,8,2.0,7.0,18.0,3.0
39,9,30.5,6.0,18.0,19.5
39,10,53.5,6.0,18.0,19.5
39,11,51.5,18.0,12.0,19.5
39,12,6.0,12.0,30.0,2.0
39,13,27.5,0.0,54.0,19.5
39,14,57.0,12.0,18.0,10.0
39,15,33.5,18.0,30.0,19.5
39,16,47.0,24.0,21.0,2.0
39,17,14.0,6.0,28.0,2.0
39,18,30.5,24.0,30.0,19.5
39,19,27.5,6.0,42.0,19.5
39,20,22.0,24.0,36.0,9.0
39,21,33.0,18.0,48.0,6.0
39,22,47.0,6.0,5.5,19.5
39,23,30.5,6.0,0.0,19.5
39,24,7.0,6.0,14.0,2.0
39,25,54.0,12.5,6.0,19.5
40,1,55.0,8.0,24.0,15.0
40,2,7.0,0.0,47.0,2.0
40,3,9.0,0.0,43.0,2.0
40,4,5.0,7.0,0.0,20.0
40,5,54.0,16.0,36.0,20.0
40,6,30.0,6.0,48.0,20.0
40,7,45.0,6.0,1.0,19.0
40,8,2.0,7.0,18.0,3.0
40,9,31.0,6.0,18.0,20.0
40,10,53.0,6.0,18.0,20.0
40,11,51.0,18.0,12.0,20.0
40,12,6.0,12.0,30.0,2.0
40,13,28.0,0.0,54.0,20.0
40,14,57.0,12.0,18.0,10.0
40,15,33.0,18.0,30.0,20.0
40,16,47.0,24.0,21.0,2.0
40,17,14.0,6.0,28.0,2.0
40,18,30.0,24.0,30.0,20.0
40,19,28.0,6.0,42.0,20.0
40,20,22.0,24.0,36.0,9.0
40,21,33.0,18.0,48.0,6.0
40,22,47.0,6.0,5.0,20.0
40,23,30.0,6.0,0.0,20.0
40,24,7.0,6.0,14.0,2.0
40,25,54.0,12.0,6.0,20.0
41,1,55.0,8.0,24.0,15.0
41,2,7.0,0.0,47.0,2.0
41,3,9.0,0.0,43.0,2.0
41,4,5.0,6.5,0.0,20.5
41,5,54.0,16.5,36.0,20.5
41,6,30.5,6.0,48.0,20.5
41,7,45.0,6.0,1.0,19.0
41,8,2.0,7.0,18.0,3.0
41,9,31.5,6.0,18.0,20.5
41,10,52.5,6.0,18.0,20.5
41,11,50.5,18.0,12.0,20.5
41,12,6.0,12.0,30.0,2.0
41,13,28.5,0.0,54.0,20.5
41,14,57.0,12.0,18.0,10.0
41,15,32.5,18.0,30.0,20.5
41,16,47.0,24.0,21.0,2.0
41,17,14.0,6.0,28.0,2.0
41,18,29.5,24.0,30.0,20.5
41,19,28.5,6.0,42.0,20.5
41,20,22.0,24.0,36.0,9.0
41,21,33.0,18.0,48.0,6.0
41,22,47.0,6.0,5.0,20.0
41,23,29.5,6.0,0.0,20.5
41,24,7.0,6.0,14.0,2.0
41,25,53.5,12.0,6.0,20.5
42,1,55.0,8.0,24.0,15.0
42,2,7.0,0.0,47.0,2.0
42,3,9.0,0.0,43.0,2.0
42,4,5.0,6.0,0.0,21.0
42,5,54.0,17.0,36.0,21.0
42,6,31.0,6.0,48.0,21.0
42,7,45.0,6.0,1.0,19.0
42,8,2.0,7.0,18.0,3.0
42,9,32.0,6.0,18.0,21.0
42,10,52.0,6.0,18.0,21.0
42,11,50.0,18.0,12.0,21.0
42,12,6.0,12.0,30.0,2.0
42,13,29.0,0.0,54.0,21.0
42,14,57.0,12.0,18.0,10.0
42,15,32.0,18.0,30.0,21.0
42,16,47.0,24.0,21.0,2.0
42,17,14.0,6.0,28.0,2.0
42,18,29.0,24.0,30.0,21.0
42,19,29.0,6.0,42.0,21.0
42,20,22.0,24.0,36.0,9.0
42,21,33.0,18.0,48.0,6.0
42,22,47.0,6.0,5.0,20.0
42,23,29.0,6.0,0.0,21.0
42,24,7.0,6.0,14.0,2.0
42,25,53.0,12.0,6.0,21.0
43,1,55.0,8.0,24.0,15.0
43,2,7.0,0.0,47.0,2.0
43,3,9.0,0.0,43.0,2.0
43,4,4.5,6.0,0.0,21.5
43,5,54.0,17.5,36.0,21.5
43,6,31.5,6.0,48.0,21.5
43,7,45.0,6.0,1.0,19.0
43,8,2.0,7.0,18.0,3.0
43,9,32.5,6.0,18.0,21.5
43,10,51.5,6.0,18.0,21.5
43,11,49.5,18.0,12.0,21.5
43,12,6.0,12.0,30.0,2.0
43,13,29.5,0.0,54.0,21.5
43,14,57.0,12.0,18.0,10.0
43,15,31.5,18.0,30.0,21.5
43,16,47.0,24.0,21.0,2.0
43,17,14.0,6.0,28.0,2.0
43,18,28.5,24.0,30.0,21.5
43,19,29.5,6.0,42.0,21.5
43,20,22.0,24.0,36.0,9.0
43,21,33.0,18.0,48.0,6.0
43,22,47.0,6.0,5.0,20.0
43,23,28.5,6.0,0.0,21.5
43,24,7.0,6.0,14.0,2.0
43,25,52.5,12.0,6.0,21.5
44,1,55.0,8.0,24.0,15.0
44,2,7.0,0.0,47.0,2.0
44,3,9.0,0.0,43.0,2.0
44,4,4.0,6.0,0.0,22.0
44,5,54.0,18.0,36.0,22.0
44,6,32.0,6.0,48.0,22.0
44,7,45.0,6.0,1.0,19.0
44,8,2.0,7.0,18.0,3.0
44,9,33.0,6.0,18.0,22.0
44,10,51.0,6.0,18.0,22.0
44,11,49.0,18.0,12.0,22.0
44,12,6.0,12.0,30.0,2.0
44,13,30.0,0.0,54.0,22.0
44,14,57.0,12.0,18.0,10.0
44,15,31.0,18.0,30.0,22.0
44,16,47.0,24.0,21.0,2.0
44,17,14.0,6.0,28.0,2.0
44,18,28.0,24.0,30.0,22.0
44,19,30.0,6.0,42.0,22.0
44,20,22.0,24.0,36.0,9.0
44,21,33.0,18.0,48.0,6.0
44,22,47.0,6.0,5.0,20.0
44,23,28.0,6.0,0.0,22.0
44,24,7.0,6.0,14.0,2.0
44,25,52.0,12.0,6.0,22.0
45,1,55.0,8.0,24.0,15.0
45,2,7.0,0.0,47.0,2.0
45,3,9.0,0.0,43.0,2.0
45,4,3.5,6.0,0.0,22.5
45,5,54.0,18.5,36.0,22.5
45,6,32.5,6.0,48.0,22.5
45,7,45.0,6.0,1.0,19.0
45,8,2.0,7.0,18.0,3.0
45,9,33.5,6.0,18.0,22.5
45,10,51.0,6.0,18.5,22.5
45,11,48.5,18.0,12.0,22.5
45,12,6.0,12.0,30.0,2.0
45,13,30.5,0.0,54.0,22.5
45,14,57.0,12.0,18.0,10.0
45,15,30.5,18.0,30.0,22.5
45,16,47.0,24.0,21.0,2.0
45,17,14.0,6.0,28.0,2.0
45,18,27.5,24.0,30.0,22.5
45,19,30.5,6.0,42.0,22.5
45,20,22.0,24.0,36.0,9.0
45,21,33.0,18.0,48.0,6.0
45,22,47.0,6.0,5.0,20.0
45,23,27.5,6.0,0.0,22.5
45,24,7.0,6.0,14.0,2.0
45,25,51.5,12.0,6.0,22.5
46,1,55.0,8.0,24.0,15.0
46,2,7.0,0.0,47.0,2.0
46,3,9.0,0.0,43.0,2.0
46,4,3.0,6.0,0.0,23.0
46,5,54.0,19.0,36.0,23.0
46,6,33.0,6.0,48.0,23.0
46,7,45.0,6.0,1.0,19.0
46,8,2.0,7.0,18.0,3.0
46,9,34.0,6.0,18.0,23.0
46,10,51.0,6.0,19.0,23.0
46,11,48.0,18.0,12.0,23.0
46,12,6.0,12.0,30.0,2.0
46,13,31.0,0.0,54.0,23.0
46,14,57.0,12.0,18.0,10.0
46,15,30.0,18.0,30.0,23.0
46,16,47.0,24.0,21.0,2.0
46,17,14.0,6.0,28.0,2.0
46,18,27.0,24.0,30.0,23.0
46,19,31.0,6.0,42.0,23.0
46,20,22.0,24.0,36.0,9.0
46,21,33.0,18.0,48.0,6.0
46,22,47.0,6.0,5.0,20.0
46,23,27.0,6.0,0.0,23.0
46,24,7.0,6.0,14.0,2.0
46,25,51.0,12.0,6.0,23.0
47,1,55.0,8.0,24.0,15.0
47,2,7.0,0.0,47.0,2.0
47,3,9.0,0.0,43.0,2.0
47,4,2.5,6.0,0.0,23.5
47,5,54.0,19.5,36.0,23.5
47,6,33.5,6.0,48.0,23.5
47,7,45.0,6.0,1.0,19.0
47,8,2.0,7.0,18.0,3.0
47,9,34.5,6.0,18.0,23.5
47,10,51.0,6.0,19.0,23.0
47,11,48.0,18.0,12.5,23.5
47,12,6.0,12.0,30.0,2.0
47,13,31.5,0.0,54.0,23.5
47,14,57.0,12.0,18.0,10.0
47,15,29.5,18.0,30.0,23.5
47,16,47.0,24.0,21.0,2.0
47,17,14.0,6.0,28.0,2.0
47,18,26.5,24.0,30.0,23.5
47,19,31.5,6.0,42.0,23.5
47,20,22.0,24.0,36.0,9.0
47,21,33.0,18.0,48.0,6.0
47,22,47.0,6.0,5.0,20.0
47,23,26.5,6.0,0.0,23.5
47,24,7.0,6.0,14.0,2.0
47,25,50.5,12.0,6.0,23.5
48,1,55.0,8.0,24.0,15.0
48,2,7.0,0.0,47.0,2.0
48,3,9.0,0.0,43.0,2.0
48,4,2.0,6.0,0.0,24.0
48,5,54.0,20.0,36.0,24.0
48,6,34.0,6.0,48.0,24.0
48,7,45.0,6.0,1.0,19.0
48,8,2.0,7.0,18.0,3.0
48,9,35.0,6.0,18.0,24.0
48,10,51.0,6.0,19.0,23.0
48,11,48.0,18.0,13.0,24.0
48,12,6.0,12.0,30.0,2.0
48,13,32.0,0.0,54.0,24.0
48,14,57.0,12.0,18.0,10.0
48,15,29.0,18.0,30.0,24.0
48,16,47.0,24.0,21.0,2.0
48,17,14.0,6.0,28.0,2.0
48,18,26.0,24.0,30.0,24.0
48,19,32.0,6.0,42.0,24.0
48,20,22.0,24.0,36.0,9.0
48,21,33.0,18.0,48.0,6.0
48,22,47.0,6.0,5.0,20.0
48,23,26.0,6.0,0.0,24.0
48,24,7.0,6.0,14.0,2.0
48,25,50.0,12.0,6.0,24.0
49,1,55.0,8.0,24.0,15.0
49,2,7.0,0.0,47.0,2.0
49,3,9.0,0.0,43.0,2.0
49,4,1.5,6.0,0.0,24.5
49,5,54.0,20.5,36.0,24.5
49,6,34.5,6.0,48.0,24.5
49,7,45.0,6.0,1.0,19.0
49,8,2.0,7.0,18.0,3.0
49,9,35.5,6.0,18.0,24.5
49,10,51.0,6.0,19.0,23.0
49,11,48.0,18.0,13.5,24.5
49,12,6.0,12.0,30.0,2.0
49,13,32.5,0.0,54.0,24.5
49,14,57.0,12.0,18.0,10.0
49,15,28.5,18.0,30.0,24.5
49,16,47.0,24.0,21.0,2.0
49,17,14.0,6.0,28.0,2.0
49,18,25.5,24.0,30.0,24.5
49,19,32.5,6.0,42.0,24.5
49,20,22.0,24.0,36.0,9.0
49,21,33.0,18.0,48.0,6.0
49,22,47.0,6.0,5.0,20.0
49,23,25.5,6.0,0.0,24.5
49,24,7.0,6.0,14.0,2.0
49,25,49.5,12.0,6.0,24.5
50,1,55.0,8.0,24.0,15.0
50,2,7.0,0.0,47.0,2.0
50,3,9.0,0.0,43.0,2.0
50,4,1.0,6.0,0.0,25.0
50,5,54.0,21.0,36.0,25.0
50,6,35.0,6.0,48.0,25.0
50,7,45.0,6.0,1.0,19.0
50,8,2.0,7.0,18.0,3.0
50,9,36.0,6.0,18.0,25.0
50,10,51.0,6.0,19.0,23.0
50,11,48.0,18.0,14.0,25.0
50,12,6.0,12.0,30.0,2.0
50,13,33.0,0.0,54.0,25.0
50,14,57.0,12.0,18.0,10.0
50,15,28.0,18.0,30.0,25.0
50,16,47.0,24.0,21.0,2.0
50,17,14.0,6.0,28.0,2.0
50,18,25.0,24.0,30.0,25.0
50,19,33.0,6.0,42.0,25.0
50,20,22.0,24.0,36.0,9.0
50,21,33.0,18.0,48.0,6.0
50,22,47.0,6.0,5.0,20.0
50,23,25.0,6.0,0.0,25.0
50,24,7.0,6.0,14.0,2.0
50,25,49.0,12.0,6.0,25.0
51,1,55.0,8.0,24.0,15.0
51,2,7.0,0.0,47.0,2.0
51,3,9.0,0.0,43.0,2.0
51,4,0.5,6.0,0.0,25.5
51,5,54.0,21.5,36.0,25.5
51,6,35.5,6.0,48.0,25.5
51,7,45.0,6.0,1.0,19.0
51,8,2.0,7.0,18.0,3.0
51,9,36.5,6.0,18.0,25.5
51,10,51.0,6.0,19.0,23.0
51,11,48.0,18.0,14.5,25.5
51,12,6.0,12.0,30.0,2.0
51,13,33.5,0.0,54.0,25.5
51,14,57.0,12.0,18.0,10.0
51,15,27.5,18.0,30.0,25.5
51,16,47.0,24.0,21.0,2.0
51,17,14.0,6.0,28.0,2.0
51,18,24.5,24.0,30.0,25.5
51,19,33.5,6.0,42.0,25.5
51,20,22.0,24.0,36.0,9.0
51,21,33.0,18.0,48.0,6.0
51,22,47.0,6.0,5.0,20.0
51,23,24.5,6.0,0.0,25.5
51,24,7.0,6.0,14.0,2.0
51,25,48.5,12.0,6.0,25.5
52,1,55.0,8.0,24.0,15.0
52,2,7.0,0.0,47.0,2.0
52,3,9.0,0.0,43.0,2.0
52,4,0.0,6.0,0.0,26.0
52,5,54.0,22.0,36.0,26.0
52,6,36.0,6.0,48.0,26.0
52,7,45.0,6.0,1.0,19.0
52,8,2.0,7.0,18.0,3.0
52,9,37.0,6.0,18.0,26.0
52,10,51.0,6.0,19.0,23.0
52,11,48.0,18.0,15.0,26.0
52,12,6.0,12.0,30.0,2.0
52,13,34.0,0.0,54.0,26.0
52,14,57.0,12.0,18.0,10.0
52,15,27.0,18.0,30.0,26.0
52,16,47.0,24.0,21.0,2.0
52,17,14.0,6.0,28.0,2.0
52,18,24.0,24.0,30.0,26.0
52,19,34.0,6.0,42.0,26.0
52,20,22.0,24.0,36.0,9.0
52,21,33.0,18.0,48.0,6.0
52,22,47.0,6.0,5.0,20.0
52,23,24.0,6.0,0.0,26.0
52,24,7.0,6.0,14.0,2.0
52,25,48.0,12.0,6.0,26.0
53,1,55.0,8.0,24.0,15.0
53,2,7.0,0.0,47.0,2.0
53,3,9.0,0.0,43.0,2.0
53,4,0.0,5.5,0.0,26.5
53,5,54.0,22.5,36.0,26.5
53,6,36.5,6.0,48.0,26.5
53,7,45.0,6.0,1.0,19.0
53,8,2.0,7.0,18.0,3.0
53,9,37.5,6.0,18.0,26.5
53,10,51.0,6.0,19.0,23.0
53,11,48.0,18.0,15.0,26.0
53,12,6.0,12.0,30.0,2.0
53,13,34.5,0.0,54.0,26.5
53,14,57.0,12.0,18.0,10.0
53,15,26.5,18.0,30.0,26.5
53,16,47.0,24.0,21.0,2.0
53,17,14.0,6.0,28.0,2.0
53,18,23.5,24.0,30.0,26.5
53,19,34.5,6.0,42.0,26.5
53,20,22.0,24.0,36.0,9.0
53,21,33.0,18.0,48.0,6.0
53,22,47.0,6.0,5.0,20.0
53,23,23.5,6.0,0.0,26.5
53,24,7.0,6.0,14.0,2.0
53,25,47.5,12.0,6.0,26.5
54,1,55.0,8.0,24.0,15.0
54,2,7.0,0.0,47.0,2.0
54,3,9.0,0.0,43.0,2.0
54,4,0.0,5.0,0.0,27.0
54,5,54.0,23.0,36.0,27.0
54,6,37.0,6.0,48.0,27.0
54,7,45.0,6.0,1.0,19.0
54,8,2.0,7.0,18.0,3.0
54,9,38.0,6.0,18.0,27.0
54,10,51.0,6.0,19.0,23.0
54,11,48.0,18.0,15.0,26.0
54,12,6.0,12.0,30.0,2.0
54,13,35.0,0.0,54.0,27.0
54,14,57.0,12.0,18.0,10.0
54,15,26.0,18.0,30.0,27.0
54,16,47.0,24.0,21.0,2.0
54,17,14.0,6.0,28.0,2.0
54,18,23.0,24.0,30.0,27.0
54,19,35.0,6.0,42.0,27.0
54,20,22.0,24.0,36.0,9.0
54,21,33.0,18.0,48.0,6.0
54,22,47.0,6.0,5.0,20.0
54,23,23.0,6.0,0.0,27.0
54,24,7.0,6.0,14.0,2.0
54,25,47.0,12.0,6.0,27.0
55,1,55.0,8.0,24.0,15.0
55,2,7.0,0.0,47.0,2.0
55,3,9.0,0.0,43.0,2.0
55,4,0.0,4.5,0.0,27.5
55,5,54.0,23.5,36.0,27.5
55,6,37.5,6.0,48.0,27.5
55,7,45.0,6.0,1.0,19.0
55,8,2.0,7.0,18.0,3.0
55,9,38.5,6.0,18.0,27.5
55,10,51.0,6.0,19.0,23.0
55,11,48.0,18.0,15.0,26.0
55,12,6.0,12.0,30.0,2.0
55,13,35.5,0.0,54.0,27.5
55,14,57.0,12.0,18.0,10.0
55,15,25.5,18.0,30.0,27.5
55,16,47.0,24.0,21.0,2.0
55,17,14.0,6.0,28.0,2.0
55,18,22.5,24.0,30.0,27.5
55,19,35.5,6.0,42.0,27.5
55,20,22.0,24.0,36.0,9.0
55,21,33.0,18.0,48.0,6.0
55,22,47.0,6.0,5.0,20.0
55,23,22.5,6.0,0.0,27.5
55,24,7.0,6.0,14.0,2.0
55,25,46.5,12.0,6.0,27.5
56,1,55.0,8.0,24.0,15.0
56,2,7.0,0.0,47.0,2.0
56,3,9.0,0.0,43.0,2.0
56,4,0.0,4.0,0.0,28.0
56,5,54.0,24.0,36.0,28.0
56,6,38.0,6.0,48.0,28.0
56,7,45.0,6.0,1.0,19.0
56,8,2.0,7.0,18.0,3.0
56,9,39.0,6.0,18.0,28.0
56,10,51.0,6.0,19.0,23.0
56,11,48.0,18.0,15.0,26.0
56,12,6.0,12.0,30.0,2.0
56,13,36.0,0.0,54.0,28.0
56,14,57.0,12.0,18.0,10.0
56,15,25.0,18.0,30.0,28.0
56,16,47.0,24.0,21.0,2.0
56,17,14.0,6.0,28.0,2.0
56,18,22.0,24.0,30.0,28.0
56,19,36.0,6.0,42.0,28.0
56,20,22.0,24.0,36.0,9.0
56,21,33.0,18.0,48.0,6.0
56,22,47.0,6.0,5.0,20.0
56,23,22.0,6.0,0.0,28.0
56,24,7.0,6.0,14.0,2.0
56,25,46.0,12.0,6.0,28.0
57,1,55.0,8.0,24.0,15.0
57,2,7.0,0.0,47.0,2.0
57,3,9.0,0.0,43.0,2.0
57,4,0.0,4.0,0.0,28.0
57,5,53.5,24.0,36.0,28.5
57,6,38.5,6.0,48.0,28.5
57,7,45.0,6.0,1.0,19.0
57,8,2.0,7.0,18.0,3.0
57,9,39.5,6.0,18.0,28.5
57,10,51.0,6.0,19.0,23.0
57,11,48.0,18.0,15.0,26.0
57,12,6.0,12.0,30.0,2.0
57,13,36.5,0.0,54.0,28.5
57,14,57.0,12.0,18.0,10.0
57,15,24.5,18.0,30.0,28.5
57,16,47.0,24.0,21.0,2.0
57,17,14.0,6.0,28.0,2.0
57,18,21.5,24.0,30.0,28.5
57,19,36.5,6.0,42.0,28.5
57,20,22.0,24.0,36.0,9.0
57,21,33.0,18.0,48.0,6.0
57,22,47.0,6.0,5.0,20.0
57,23,21.5,6.0,0.0,28.5
57,24,7.0,6.0,14.0,2.0
57,25,46.0,12.0,6.5,28.5
58,1,55.0,8.0,24.0,15.0
58,2,7.0,0.0,47.0,2.0
58,3,9.0,0.0,43.0,2.0
58,4,0.0,4.0,0.0,28.0
58,5,53.0,24.0,36.0,29.0
58,6,39.0,6.0,48.0,29.0
58,7,45.0,6.0,1.0,19.0
58,8,2.0,7.0,18.0,3.0
58,9,40.0,6.0,18.0,29.0
58,10,51.0,6.0,19.0,23.0
58,11,48.0,18.0,15.0,26.0
58,12,6.0,12.0,30.0,2.0
58,13,37.0,0.0,54.0,29.0
58,14,57.0,12.0,18.0,10.0
58,15,24.0,18.0,30.0,29.0
58,16,47.0,24.0,21.0,2.0
58,17,14.0,6.0,28.0,2.0
58,18,21.0,24.0,30.0,29.0
58,19,37.0,6.0,42.0,29.0
58,20,22.0,24.0,36.0,9.0
58,21,33.0,18.0,48.0,6.0
58,22,47.0,6.0,5.0,20.0
58,23,21.0,6.0,0.0,29.0
58,24,7.0,6.0,14.0,2.0
58,25,46.0,12.0,7.0,29.0
59,1,55.0,8.0,24.0,15.0
59,2,7.0,0.0,47.0,2.0
59,3,9.0,0.0,43.0,2.0
59,4,0.0,4.0,0.0,28.0
59,5,52.5,24.0,36.0,29.5
59,6,39.5,6.0,48.0,29.5
59,7,45.0,6.0,1.0,19.0
59,8,2.0,7.0,18.0,3.0
59,9,40.5,6.0,18.0,29.5
59,10,51.0,6.0,19.0,23.0
59,11,48.0,18.0,15.0,26.0
59,12,6.0,12.0,30.0,2.0
59,13,37.5,0.0,54.0,29.5
59,14,57.0,12.0,18.0,10.0
59,15,23.5,18.0,30.0,29.5
59,16,47.0,24.0,21.0,2.0
59,17,14.0,6.0,28.0,2.0
59,18,20.5,24.0,30.0,29.5
59,19,37.5,6.0,42.0,29.5
59,20,22.0,24.0,36.0,9.0
59,21,33.0,18.0,48.0,6.0
59,22,47.0,6.0,5.0,20.0
59,23,20.5,6.0,0.0,29.5
59,24,7.0,6.0,14.0,2.0
59,25,46.0,12.0,7.5,29.5
60,1,55.0,8.0,24.0,15.0
60,2,7.0,0.0,47.0,2.0
60,3,9.0,0.0,43.0,2.0
60,4,0.0,4.0,0.0,28.0
60,5,52.0,24.0,36.0,30.0
60,6,40.0,6.0,48.0,30.0
60,7,45.0,6.0,1.0,19.0
60,8,2.0,7.0,18.0,3.0
60,9,41.0,6.0,18.0,30.0
60,10,51.0,6.0,19.0,23.0
60,11,48.0,18.0,15.0,26.0
60,12,6.0,12.0,30.0,2.0
60,13,38.0,0.0,54.0,30.0
60,14,57.0,12.0,18.0,10.0
60,15,23.0,18.0,30.0,30.0
60,16,47.0,24.0,21.0,2.0
60,17,14.0,6.0,28.0,2.0
60,18,20.0,24.0,30.0,30.0
60,19,38.0,6.0,42.0,30.0
60,20,22.0,24.0,36.0,9.0
60,21,33.0,18.0,48.0,6.0
60,22,47.0,6.0,5.0,20.0
60,23,20.0,6.0,0.0,30.0
60,24,7.0,6.0,14.0,2.0
60,25,46.0,12.0,8.0,30.0
61,1,55.0,8.0,24.0,15.0
61,2,7.0,0.0,47.0,2.0
61,3,9.0,0.0,43.0,2.0
61,4,0.0,4.0,0.0,28.0
61,5,51.5,24.0,36.0,30.5
61,6,40.0,6.0,48.0,30.0
61,7,45.0,6.0,1.0,19.0
61,8,2.0,7.0,18.0,3.0
61,9,41.5,6.0,18.0,30.5
61,10,51.0,6.0,19.0,23.0
61,11,48.0,18.0,15.0,26.0
61,12,6.0,12.0,30.0,2.0
61,13,38.5,0.0,54.0,30.5
61,14,57.0,12.0,18.0,10.0
61,15,22.5,18.0,30.0,30.5
61,16,47.0,24.0,21.0,2.0
61,17,14.0,6.0,28.0,2.0
61,18,19.5,24.0,30.0,30.5
61,19,38.5,6.0,42.0,30.5
61,20,22.0,24.0,36.0,9.0
61,21,33.0,18.0,48.0,6.0
61,22,47.0,6.0,5.0,20.0
61,23,19.5,6.0,0.0,30.5
61,24,7.0,6.0,14.0,2.0
61,25,46.0,12.0,8.0,30.0
62,1,55.0,8.0,24.0,15.0
62,2,7.0,0.0,47.0,2.0
62,3,9.0,0.0,43.0,2.0
62,4,0.0,4.0,0.0,28.0
62,5,51.0,24.0,36.0,31.0
62,6,40.0,6.0,48.0,30.0
62,7,45.0,6.0,1.0,19.0
62,8,2.0,7.0,18.0,3.0
62,9,42.0,6.0,18.0,31.0
62,10,51.0,6.0,19.0,23.0
62,11,48.0,18.0,15.0,26.0
62,12,6.0,12.0,30.0,2.0
62,13,39.0,0.0,54.0,31.0
62,14,57.0,12.0,18.0,10.0
62,15,22.0,18.0,30.0,31.0
62,16,47.0,24.0,21.0,2.0
62,17,14.0,6.0,28.0,2.0
62,18,19.0,24.0,30.0,31.0
62,19,39.0,6.0,42.0,31.0
62,20,22.0,24.0,36.0,9.0
62,21,33.0,18.0,48.0,6.0
62,22,47.0,6.0,5.0,20.0
62,23,19.0,6.0,0.0,31.0
62,24,7.0,6.0,14.0,2.0
62,25,46.0,12.0,8.0,30.0
63,1,55.0,8.0,24.0,15.0
63,2,7.0,0.0,47.0,2.0
63,3,9.0,0.0,43.0,2.0
63,4,0.0,4.0,0.0,28.0
63,5,50.5,24.0,36.0,31.5
63,6,40.0,6.0,48.0,30.0
63,7,45.0,6.0,1.0,19.0
63,8,2.0,7.0,18.0,3.0
63,9,42.5,6.0,18.0,31.5
63,10,51.0,6.0,19.0,23.0
63,11,48.0,18.0,15.0,26.0
63,12,6.0,12.0,30.0,2.0
63,13,39.5,0.0,54.0,31.5
63,14,57.0,12.0,18.0,10.0
63,15,21.5,18.0,30.0,31.5
63,16,47.0,24.0,21.0,2.0
63,17,14.0,6.0,28.0,2.0
63,18,18.5,24.0,30.0,31.5
63,19,39.5,6.0,42.0,31.5
63,20,22.0,24.0,36.0,9.0
63,21,33.0,18.0,48.0,6.0
63,22,47.0,6.0,5.0,20.0
63,23,18.5,6.0,0.0,31.5
63,24,7.0,6.0,14.0,2.0
63,25,46.0,12.0,8.0,30.0
64,1,55.0,8.0,24.0,15.0
64,2,7.0,0.0,47.0,2.0
64,3,9.0,0.0,43.0,2.0
64,4,0.0,4.0,0.0,28.0
64,5,50.0,24.0,36.0,32.0
64,6,40.0,6.0,48.0,30.0
64,7,45.0,6.0,1.0,19.0
64,8,2.0,7.0,18.0,3.0
64,9,43.0,6.0,18.0,32.0
64,10,51.0,6.0,19.0,23.0
64,11,48.0,18.0,15.0,26.0
64,12,6.0,12.0,30.0,2.0
64,13,40.0,0.0,54.0,32.0
64,14,57.0,12.0,18.0,10.0
64,15,21.0,18.0,30.0,32.0
64,16,47.0,24.0,21.0,2.0
64,17,14.0,6.0,28.0,2.0
64,18,18.0,24.0,30.0,32.0
64,19,40.0,6.0,42.0,32.0
64,20,22.0,24.0,36.0,9.0
64,21,33.0,18.0,48.0,6.0
64,22,47.0,6.0,5.0,20.0
64,23,18.0,6.0,0.0,32.0
64,24,7.0,6.0,14.0,2.0
64,25,46.0,12.0,8.0,30.0
65,1,55.0,8.0,24.0,15.0
65,2,7.0,0.0,47.0,2.0
65,3,9.0,0.0,43.0,2.0
65,4,0.0,4.0,0.0,28.0
65,5,49.5,24.0,36.0,32.5
65,6,40.0,6.0,48.0,30.0
65,7,45.0,6.0,1.0,19.0
65,8,2.0,7.0,18.0,3.0
65,9,43.5,6.0,18.0,32.5
65,10,51.0,6.0,19.0,23.0
65,11,48.0,18.0,15.0,26.0
65,12,6.0,12.0,30.0,2.0
65,13,40.5,0.0,54.0,32.5
65,14,57.0,12.0,18.0,10.0
65,15,20.5,18.0,30.0,32.5
65,16,47.0,24.0,21.0,2.0
65,17,14.0,6.0,28.0,2.0
65,18,17.5,24.0,30.0,32.5
65,19,40.5,6.0,42.0,32.5
65,20,22.0,24.0,36.0,9.0
65,21,33.0,18.0,48.0,6.0
65,22,47.0,6.0,5.0,20.0
65,23,17.5,6.0,0.0,32.5
65,24,7.0,6.0,14.0,2.0
65,25,46.0,12.0,8.0,30.0
66,1,55.0,8.0,24.0,15.0
66,2,7.0,0.0,47.0,2.0
66,3,9.0,0.0,43.0,2.0
66,4,0.0,4.0,0.0,28.0
66,5,49.0,24.0,36.0,33.0
66,6,40.0,6.0,48.0,30.0
66,7,45.0,6.0,1.0,19.0
66,8,2.0,7.0,18.0,3.0
66,9,44.0,6.0,18.0,33.0
66,10,51.0,6.0,19.0,23.0
66,11,48.0,18.0,15.0,26.0
66,12,6.0,12.0,30.0,2.0
66,13,41.0,0.0,54.0,33.0
66,14,57.0,12.0,18.0,10.0
66,15,20.0,18.0,30.0,33.0
66,16,47.0,24.0,21.0,2.0
66,17,14.0,6.0,28.0,2.0
66,18,17.0,24.0,30.0,33.0
66,19,41.0,6.0,42.0,33.0
66,20,22.0,24.0,36.0,9.0
66,21,33.0,18.0,48.0,6.0
66,22,47.0,6.0,5.0,20.0
66,23,17.0,6.0,0.0,33.0
66,24,7.0,6.0,14.0,2.0
66,25,46.0,12.0,8.0,30.0
67,1,55.0,8.0,24.0,15.0
67,2,7.0,0.0,47.0,2.0
67,3,9.0,0.0,43.0,2.0
67,4,0.0,4.0,0.0,28.0
67,5,48.5,24.0,36.0,33.5
67,6,40.0,6.0,48.0,30.0
67,7,45.0,6.0,1.0,19.0
67,8,2.0,7.0,18.0,3.0
67,9,44.5,6.0,18.0,33.5
67,10,51.0,6.0,19.0,23.0
67,11,48.0,18.0,15.0,26.0
67,12,6.0,12.0,30.0,2.0
67,13,41.5,0.0,54.0,33.5
67,14,57.0,12.0,18.0,10.0
67,15,19.5,18.0,30.0,33.5
67,16,47.0,24.0,21.0,2.0
67,17,14.0,6.0,28.0,2.0
67,18,16.5,24.0,30.0,33.5
67,19,41.5,6.0,42.0,33.5
67,20,22.0,24.0,36.0,9.0
67,21,33.0,18.0,48.0,6.0
67,22,47.0,6.0,5.0,20.0
67,23,16.5,6.0,0.0,33.5
67,24,7.0,6.0,14.0,2.0
67,25,46.0,12.0,8.0,30.0
68,1,55.0,8.0,24.0,15.0
68,2,7.0,0.0,47.0,2.0
68,3,9.0,0.0,43.0,2.0
68,4,0.0,4.0,0.0,28.0
68,5,48.0,24.0,36.0,34.0
68,6,40.0,6.0,48.0,30.0
68,7,45.0,6.0,1.0,19.0
68,8,2.0,7.0,18.0,3.0
68,9,45.0,6.0,18.0,34.0
68,10,51.0,6.0,19.0,23.0
68,11,48.0,18.0,15.0,26.0
68,12,6.0,12.0,30.0,2.0
68,13,42.0,0.0,54.0,34.0
68,14,57.0,12.0,18.0,10.0
68,15,19.0,18.0,30.0,34.0
68,16,47.0,24.0,21.0,2.0
68,17,14.0,6.0,28.0,2.0
68,18,16.0,24.0,30.0,34.0
68,19,42.0,6.0,42.0,34.0
68,20,22.0,24.0,36.0,9.0
68,21,33.0,18.0,48.0,6.0
68,22,47.0,6.0,5.0,20.0
68,23,16.0,6.0,0.0,34.0
68,24,7.0,6.0,14.0,2.0
68,25,46.0,12.0,8.0,30.0
69,1,55.0,8.0,24.0,15.0
69,2,7.0,0.0,47.0,2.0
69,3,9.0,0.0,43.0,2.0
69,4,0.0,4.0,0.0,28.0
69,5,47.5,24.0,36.0,34.5
69,6,40.0,6.0,48.0,30.0
69,7,45.0,6.0,1.0,19.0
69,8,2.0,7.0,18.0,3.0
69,9,45.5,6.0,18.0,34.5
69,10,51.0,6.0,19.0,23.0
69,11,48.0,18.0,15.0,26.0
69,12,6.0,12.0,30.0,2.0
69,13,42.5,0.0,54.0,34.5
69,14,57.0,12.0,18.0,10.0
69,15,18.5,18.0,30.0,34.5
69,16,47.0,24.0,21.0,2.0
69,17,14.0,6.0,28.0,2.0
69,18,15.5,24.0,30.0,34.5
69,19,42.5,6.0,42.0,34.5
69,20,22.0,24.0,36.0,9.0
69,21,33.0,18.0,48.0,6.0
69,22,47.0,6.0,5.0,20.0
69,23,15.5,6.0,0.0,34.5
69,24,7.0,6.0,14.0,2.0
69,25,46.0,12.0,8.0,30.0
70,1,55.0,8.0,24.0,15.0
70,2,7.0,0.0,47.0,2.0
70,3,9.0,0.0,43.0,2.0
70,4,0.0,4.0,0.0,28.0
70,5,47.0,24.0,36.0,35.0
70,6,40.0,6.0,48.0,30.0
70,7,45.0,6.0,1.0,19.0
70,8,2.0,7.0,18.0,3.0
70,9,46.0,6.0,18.0,35.0
70,10,51.0,6.0,19.0,23.0
70,11,48.0,18.0,15.0,26.0
70,12,6.0,12.0,30.0,2.0
70,13,43.0,0.0,54.0,35.0
70,14,57.0,12.0,18.0,10.0
70,15,18.0,18.0,30.0,35.0
70,16,47.0,24.0,21.0,2.0
70,17,14.0,6.0,28.0,2.0
70,18,15.0,24.0,30.0,35.0
70,19,43.0,6.0,42.0,35.0
70,20,22.0,24.0,36.0,9.0
70,21,33.0,18.0,48.0,6.0
70,22,47.0,6.0,5.0,20.0
70,23,15.0,6.0,0.0,35.0
70,24,7.0,6.0,14.0,2.0
70,25,46.0,12.0,8.0,30.0
71,1,55.0,8.0,24.0,15.0
71,2,7.0,0.0,47.0,2.0
71,3,9.0,0.0,43.0,2.0
71,4,0.0,4.0,0.0,28.0
71,5,46.5,24.0,36.0,35.5
71,6,40.0,6.0,48.0,30.0
71,7,45.0,6.0,1.0,19.0
71,8,2.0,7.0,18.0,3.0
71,9,46.5,6.0,18.0,35.5
71,10,51.0,6.0,19.0,23.0
71,11,48.0,18.0,15.0,26.0
71,12,6.0,12.0,30.0,2.0
71,13,43.5,0.0,54.0,35.5
71,14,57.0,12.0,18.0,10.0
71,15,17.5,18.0,30.0,35.5
71,16,47.0,24.0,21.0,2.0
71,17,14.0,6.0,28.0,2.0
71,18,14.5,24.0,30.0,35.5
71,19,43.5,6.0,42.0,35.5
71,20,22.0,24.0,36.0,9.0
71,21,33.0,18.0,48.0,6.0
71,22,47.0,6.0,5.0,20.0
71,23,14.5,6.0,0.0,35.5
71,24,7.0,6.0,14.0,2.0
71,25,46.0,12.0,8.0,30.0
72,1,55.0,8.0,24.0,15.0
72,2,7.0,0.0,47.0,2.0
72,3,9.0,0.0,43.0,2.0
72,4,0.0,4.0,0.0,28.0
72,5,46.0,24.0,36.0,36.0
72,6,40.0,6.0,48.0,30.0
72,7,45.0,6.0,1.0,19.0
72,8,2.0,7.0,18.0,3.0
72,9,47.0,6.0,18.0,36.0
72,10,51.0,6.0,19.0,23.0
72,11,48.0,18.0,15.0,26.0
72,12,6.0,12.0,30.0,2.0
72,13,44.0,0.0,54.0,36.0
72,14,57.0,12.0,18.0,10.0
72,15,17.0,18.0,30.0,36.0
72,16,47.0,24.0,21.0,2.0
72,17,14.0,6.0,28.0,2.0
72,18,14.0,24.0,30.0,36.0
72,19,44.0,6.0,42.0,36.0
72,20,22.0,24.0,36.0,9.0
72,21,33.0,18.0,48.0,6.0
72,22,47.0,6.0,5.0,20.0
72,23,14.0,6.0,0.0,36.0
72,24,7.0,6.0,14.0,2.0
72,25,46.0,12.0,8.0,30.0
73,1,55.0,8.0,24.0,15.0
73,2,7.0,0.0,47.0,2.0
73,3,9.0,0.0,43.0,2.0
73,4,0.0,4.0,0.0,28.0
73,5,45.5,24.0,36.0,36.5
73,6,40.0,6.0,48.0,30.0
73,7,45.0,6.0,1.0,19.0
73,8,2.0,7.0,18.0,3.0
73,9,47.5,6.0,18.0,36.5
73,10,51.0,6.0,19.0,23.0
73,11,48.0,18.0,15.0,26.0
73,12,6.0,12.0,30.0,2.0
73,13,44.5,0.0,54.0,36.5
73,14,57.0,12.0,18.0,10.0
73,15,16.5,18.0,30.0,36.5
73,16,47.0,24.0,21.0,2.0
73,17,14.0,6.0,28.0,2.0
73,18,13.5,24.0,30.0,36.5
73,19,44.5,6.0,42.0,36.5
73,20,22.0,24.0,36.0,9.0
73,21,33.0,18.0,48.0,6.0
73,22,47.0,6.0,5.0,20.0
73,23,13.5,6.0,0.0,36.5
73,24,7.0,6.0,14.0,2.0
73,25,46.0,12.0,8.0,30.0
74,1,55.0,8.0,24.0,15.0
74,2,7.0,0.0,47.0,2.0
74,3,9.0,0.0,43.0,2.0
74,4,0.0,4.0,0.0,28.0
74,5,45.0,24.0,36.0,37.0
74,6,40.0,6.0,48.0,30.0
74,7,45.0,6.0,1.0,19.0
74,8,2.0,7.0,18.0,3.0
74,9,48.0,6.0,18.0,37.0
74,10,51.0,6.0,19.0,23.0
74,11,48.0,18.0,15.0,26.0
74,12,6.0,12.0,30.0,2.0
74,13,45.0,0.0,54.0,37.0
74,14,57.0,12.0,18.0,10.0
74,15,16.0,18.0,30.0,37.0
74,16,47.0,24.0,21.0,2.0
74,17,14.0,6.0,28.0,2.0
74,18,13.0,24.0,30.0,37.0
74,19,45.0,6.0,42.0,37.0
74,20,22.0,24.0,36.0,9.0
74,21,33.0,18.0,48.0,6.0
74,22,47.0,6.0,5.0,20.0
74,23,13.0,6.0,0.0,37.0
74,24,7.0,6.0,14.0,2.0
74,25,46.0,12.0,8.0,30.0
75,1,55.0,8.0,24.0,15.0
75,2,7.0,0.0,47.0,2.0
75,3,9.0,0.0,43.0,2.0
75,4,0.0,4.0,0.0,28.0
75,5,44.5,24.0,36.0,37.5
75,6,40.0,6.0,48.0,30.0
75,7,45.0,6.0,1.0,19.0
75,8,2.0,7.0,18.0,3.0
75,9,48.5,6.0,18.0,37.5
75,10,51.0,6.0,19.0,23.0
75,11,48.0,18.0,15.0,26.0
75,12,6.0,12.0,30.0,2.0
75,13,45.5,0.0,54.0,37.5
75,14,57.0,12.0,18.0,10.0
75,15,15.5,18.0,30.0,37.5
75,16,47.0,24.0,21.0,2.0
75,17,14.0,6.0,28.0,2.0
75,18,12.5,24.0,30.0,37.5
75,19,45.5,6.0,42.0,37.5
75,20,22.0,24.0,36.0,9.0
75,21,33.0,18.0,48.0,6.0
75,22,47.0,6.0,5.0,20.0
75,23,12.5,6.0,0.0,37.5
75,24,7.0,6.0,14.0,2.0
75,25,46.0,12.0,8.0,30.0
76,1,55.0,8.0,24.0,15.0
76,2,7.0,0.0,47.0,2.0
76,3,9.0,0.0,43.0,2.0
76,4,0.0,4.0,0.0,28.0
76,5,44.0,24.0,36.0,38.0
76,6,40.0,6.0,48.0,30.0
76,7,45.0,6.0,1.0,19.0
76,8,2.0,7.0,18.0,3.0
76,9,49.0,6.0,18.0,38.0
76,10,51.0,6.0,19.0,23.0
76,11,48.0,18.0,15.0,26.0
76,12,6.0,12.0,30.0,2.0
76,13,46.0,0.0,54.0,38.0
76,14,57.0,12.0,18.0,10.0
76,15,15.0,18.0,30.0,38.0
76,16,47.0,24.0,21.0,2.0
76,17,14.0,6.0,28.0,2.0
76,18,12.0,24.0,30.0,38.0
76,19,46.0,6.0,42.0,38.0
76,20,22.0,24.0,36.0,9.0
76,21,33.0,18.0,48.0,6.0
76,22,47.0,6.0,5.0,20.0
76,23,12.0,6.0,0.0,38.0
76,24,7.0,6.0,14.0,2.0
76,25,46.0,12.0,8.0,30.0
77,1,55.0,8.0,24.0,15.0
77,2,7.0,0.0,47.0,2.0
77,3,9.0,0.0,43.0,2.0
77,4,0.0,4.0,0.0,28.0
77,5,43.5,24.0,36.0,38.5
77,6,40.0,6.0,48.0,30.0
77,7,45.0,6.0,1.0,19.0
77,8,2.0,7.0,18.0,3.0
77,9,49.5,6.0,18.0,38.5
77,10,51.0,6.0,19.0,23.0
77,11,48.0,18.0,15.0,26.0
77,12,6.0,12.0,30.0,2.0
77,13,46.5,0.0,54.0,38.5
77,14,57.0,12.0,18.0,10.0
77,15,14.5,18.0,30.0,38.5
77,16,47.0,24.0,21.0,2.0
77,17,14.0,6.0,28.0,2.0
77,18,11.5,24.0,30.0,38.5
77,19,46.5,6.0,42.0,38.5
77,20,22.0,24.0,36.0,9.0
77,21,33.0,18.0,48.0,6.0
77,22,47.0,6.0,5.0,20.0
77,23,11.5,6.0,0.0,38.5
77,24,7.0,6.0,14.0,2.0
77,25,46.0,12.0,8.0,30.0
78,1,55.0,8.0,24.0,15.0
78,2,7.0,0.0,47.0,2.0
78,3,9.0,0.0,43.0,2.0
78,4,0.0,4.0,0.0,28.0
78,5,43.0,24.0,36.0,39.0
78,6,40.0,6.0,48.0,30.0
78,7,45.0,6.0,1.0,19.0
78,8,2.0,7.0,18.0,3.0
78,9,50.0,6.0,18.0,39.0
78,10,51.0,6.0,19.0,23.0
78,11,48.0,18.0,15.0,26.0
78,12,6.0,12.0,30.0,2.0
78,13,47.0,0.0,54.0,39.0
78,14,57.0,12.0,18.0,10.0
78,15,14.0,18.0,30.0,39.0
78,16,47.0,24.0,21.0,2.0
78,17,14.0,6.0,28.0,2.0
78,18,11.0,24.0,30.0,39.0
78,19,47.0,6.0,42.0,39.0
78,20,22.0,24.0,36.0,9.0
78,21,33.0,18.0,48.0,6.0
78,22,47.0,6.0,5.0,20.0
78,23,11.0,6.0,0.0,39.0
78,24,7.0,6.0,14.0,2.0
78,25,46.0,12.0,8.0,30.0
79,1,55.0,8.0,24.0,15.0
79,2,7.0,0.0,47.0,2.0
79,3,9.0,0.0,43.0,2.0
79,4,0.0,4.0,0.0,28.0
79,5,42.5,24.0,36.0,39.5
79,6,40.0,6.0,48.0,30.0
79,7,45.0,6.0,1.0,19.0
79,8,2.0,7.0,18.0,3.0
79,9,50.5,6.0,18.0,39.5
79,10,51.0,6.0,19.0,23.0
79,11,48.0,18.0,15.0,26.0
79,12,6.0,12.0,30.0,2.0
79,13,47.5,0.0,54.0,39.5
79,14,57.0,12.0,18.0,10.0
79,15,13.5,18.0,30.0,39.5
79,16,47.0,24.0,21.0,2.0
79,17,14.0,6.0,28.0,2.0
79,18,10.5,24.0,30.0,39.5
79,19,47.5,6.0,42.0,39.5
79,20,22.0,24.0,36.0,9.0
79,21,33.0,18.0,48.0,6.0
79,22,47.0,6.0,5.0,20.0
79,23,10.5,6.0,0.0,39.5
79,24,7.0,6.0,14.0,2.0
79,25,46.0,12.0,8.0,30.0
80,1,55.0,8.0,24.0,15.0
80,2,7.0,0.0,47.0,2.0
80,3,9.0,0.0,43.0,2.0
80,4,0.0,4.0,0.0,28.0
80,5,42.0,24.0,36.0,40.0
80,6,40.0,6.0,48.0,30.0
80,7,45.0,6.0,1.0,19.0
80,8,2.0,7.0,18.0,3.0
80,9,51.0,6.0,18.0,40.0
80,10,51.0,6.0,19.0,23.0
80,11,48.0,18.0,15.0,26.0
80,12,6.0,12.0,30.0,2.0
80,13,48.0,0.0,54.0,40.0
80,14,57.0,12.0,18.0,10.0
80,15,13.0,18.0,30.0,40.0
80,16,47.0,24.0,21.0,2.0
80,17,14.0,6.0,28.0,2.0
80,18,10.0,24.0,30.0,40.0
80,19,48.0,6.0,42.0,40.0
80,20,22.0,24.0,36.0,9.0
80,21,33.0,18.0,48.0,6.0
80,22,47.0,6.0,5.0,20.0
80,23,10.0,6.0,0.0,40.0
80,24,7.0,6.0,14.0,2.0
80,25,46.0,12.0,8.0,30.0
81,1,55.0,8.0,24.0,15.0
81,2,7.0,0.0,47.0,2.0
81,3,9.0,0.0,43.0,2.0
81,4,0.0,4.0,0.0,28.0
81,5,41.5,24.0,36.0,40.5
81,6,40.0,6.0,48.0,30.0
81,7,45.0,6.0,1.0,19.0
81,8,2.0,7.0,18.0,3.0
81,9,51.5,6.0,18.0,40.5
81,10,51.0,6.0,19.0,23.0
81,11,48.0,18.0,15.0,26.0
81,12,6.0,12.0,30.0,2.0
81,13,48.5,0.0,54.0,40.5
81,14,57.0,12.0,18.0,10.0
81,15,12.5,18.0,30.0,40.5
81,16,47.0,24.0,21.0,2.0
81,17,14.0,6.0,28.0,2.0
81,18,9.5,24.0,30.0,40.5
81,19,48.5,6.0,42.0,40.5
81,20,22.0,24.0,36.0,9.0
81,21,33.0,18.0,48.0,6.0
81,22,47.0,6.0,5.0,20.0
81,23,9.5,6.0,0.0,40.5
81,24,7.0,6.0,14.0,2.0
81,25,46.0,12.0,8.0,30.0
82,1,55.0,8.0,24.0,15.0
82,2,7.0,0.0,47.0,2.0
82,3,9.0,0.0,43.0,2.0
82,4,0.0,4.0,0.0,28.0
82,5,41.0,24.0,36.0,41.0
82,6,40.0,6.0,48.0,30.0
82,7,45.0,6.0,1.0,19.0
82,8,2.0,7.0,18.0,3.0
82,9,52.0,6.0,18.0,41.0
82,10,51.0,6.0,19.0,23.0
82,11,48.0,18.0,15.0,26.0
82,12,6.0,12.0,30.0,2.0
82,13,49.0,0.0,54.0,41.0
82,14,57.0,12.0,18.0,10.0
82,15,12.0,18.0,30.0,41.0
82,16,47.0,24.0,21.0,2.0
82,17,14.0,6.0,28.0,2.0
82,18,9.0,24.0,30.0,41.0
82,19,49.0,6.0,42.0,41.0
82,20,22.0,24.0,36.0,9.0
82,21,33.0,18.0,48.0,6.0
82,22,47.0,6.0,5.0,20.0
82,23,9.0,6.0,0.0,41.0
82,24,7.0,6.0,14.0,2.0
82,25,46.0,12.0,8.0,30.0
83,1,55.0,8.0,24.0,15.0
83,2,7.0,0.0,47.0,2.0
83,3,9.0,0.0,43.0,2.0
83,4,0.0,4.0,0.0,28.0
83,5,40.5,24.0,36.0,41.5
83,6,40.0,6.0,48.0,30.0
83,7,45.0,6.0,1.0,19.0
83,8,2.0,7.0,18.0,3.0
83,9,52.5,6.0,18.0,41.5
83,10,51.0,6.0,19.0,23.0
83,11,48.0,18.0,15.0,26.0
83,12,6.0,12.0,30.0,2.0
83,13,49.5,0.0,54.0,41.5
83,14,57.0,12.0,18.0,10.0
83,15,11.5,18.0,30.0,41.5
83,16,47.0,24.0,21.0,2.0
83,17,14.0,6.0,28.0,2.0
83,18,8.5,24.0,30.0,41.5
83,19,49.5,6.0,42.0,41.5
83,20,22.0,24.0,36.0,9.0
83,21,33.0,18.0,48.0,6.0
83,22,47.0,6.0,5.0,20.0
83,23,8.5,6.0,0.0,41.5
83,24,7.0,6.0,14.0,2.0
83,25,46.0,12.0,8.0,30.0
84,1,55.0,8.0,24.0,15.0
84,2,7.0,0.0,47.0,2.0
84,3,9.0,0.0,43.0,2.0
84,4,0.0,4.0,0.0,28.0
84,5,40.0,24.0,36.0,42.0
84,6,40.0,6.0,48.0,30.0
84,7,45.0,6.0,1.0,19.0
84,8,2.0,7.0,18.0,3.0
84,9,53.0,6.0,18.0,42.0
84,10,51.0,6.0,19.0,23.0
84,11,48.0,18.0,15.0,26.0
84,12,6.0,12.0,30.0,2.0
84,13,50.0,0.0,54.0,42.0
84,14,57.0,12.0,18.0,10.0
84,15,11.0,18.0,30.0,42.0
84,16,47.0,24.0,21.0,2.0
84,17,14.0,6.0,28.0,2.0
84,18,8.0,24.0,30.0,42.0
84,19,50.0,6.0,42.0,42.0
84,20,22.0,24.0,36.0,9.0
84,21,33.0,18.0,48.0,6.0
84,22,47.0,6.0,5.0,20.0
84,23,8.0,6.0,0.0,42.0
84,24,7.0,6.0,14.0,2.0
84,25,46.0,12.0,8.0,30.0
85,1,55.0,8.0,24.0,15.0
85,2,7.0,0.0,47.0,2.0
85,3,9.0,0.0,43.0,2.0
85,4,0.0,4.0,0.0,28.0
85,5,39.5,24.0,36.0,42.5
85,6,40.0,6.0,48.0,30.0
85,7,45.0,6.0,1.0,19.0
85,8,2.0,7.0,18.0,3.0
85,9,53.5,6.0,18.0,42.5
85,10,51.0,6.0,19.0,23.0
85,11,48.0,18.0,15.0,26.0
85,12,6.0,12.0,30.0,2.0
85,13,50.5,0.0,54.0,42.5
85,14,57.0,12.0,18.0,10.0
85,15,10.5,18.0,30.0,42.5
85,16,47.0,24.0,21.0,2.0
85,17,14.0,6.0,28.0,2.0
85,18,7.5,24.0,30.0,42.5
85,19,50.5,6.0,42.0,42.5
85,20,22.0,24.0,36.0,9.0
85,21,33.0,18.0,48.0,6.0
85,22,47.0,6.0,5.0,20.0
85,23,7.5,6.0,0.0,42.5
85,24,7.0,6.0,14.0,2.0
85,25,46.0,12.0,8.0,30.0
86,1,55.0,8.0,24.0,15.0
86,2,7.0,0.0,47.0,2.0
86,3,9.0,0.0,43.0,2.0
86,4,0.0,4.0,0.0,28.0
86,5,39.0,24.0,36.0,43.0
86,6,40.0,6.0,48.0,30.0
86,7,45.0,6.0,1.0,19.0
86,8,2.0,7.0,18.0,3.0
86,9,54.0,6.0,18.0,43.0
86,10,51.0,6.0,19.0,23.0
86,11,48.0,18.0,15.0,26.0
86,12,6.0,12.0,30.0,2.0
86,13,51.0,0.0,54.0,43.0
86,14,57.0,12.0,18.0,10.0
86,15,10.0,18.0,30.0,43.0
86,16,47.0,24.0,21.0,2.0
86,17,14.0,6.0,28.0,2.0
86,18,7.0,24.0,30.0,43.0
86,19,51.0,6.0,42.0,43.0
86,20,22.0,24.0,36.0,9.0
86,21,33.0,18.0,48.0,6.0
86,22,47.0,6.0,5.0,20.0
86,23,7.0,6.0,0.0,43.0
86,24,7.0,6.0,14.0,2.0
86,25,46.0,12.0,8.0,30.0
87,1,55.0,8.0,24.0,15.0
87,2,7.0,0.0,47.0,2.0
87,3,9.0,0.0,43.0,2.0
87,4,0.0,4.0,0.0,28.0
87,5,38.5,24.0,36.0,43.5
87,6,40.0,6.0,48.0,30.0
87,7,45.0,6.0,1.0,19.0
87,8,2.0,7.0,18.0,3.0
87,9,54.5,6.0,18.0,43.5
87,10,51.0,6.0,19.0,23.0
87,11,48.0,18.0,15.0,26.0
87,12,6.0,12.0,30.0,2.0
87,13,51.5,0.0,54.0,43.5
87,14,57.0,12.0,18.0,10.0
87,15,9.5,18.0,30.0,43.5
87,16,47.0,24.0,21.0,2.0
87,17,14.0,6.0,28.0,2.0
87,18,6.5,24.0,30.0,43.5
87,19,51.5,6.0,42.0,43.5
87,20,22.0,24.0,36.0,9.0
87,21,33.0,18.0,48.0,6.0
87,22,47.0,6.0,5.0,20.0
87,23,6.5,6.0,0.0,43.5
87,24,7.0,6.0,14.0,2.0
87,25,46.0,12.0,8.0,30.0
88,1,55.0,8.0,24.0,15.0
88,2,7.0,0.0,47.0,2.0
88,3,9.0,0.0,43.0,2.0
88,4,0.0,4.0,0.0,28.0
88,5,38.0,24.0,36.0,44.0
88,6,40.0,6.0,48.0,30.0
88,7,45.0,6.0,1.0,19.0
88,8,2.0,7.0,18.0,3.0
88,9,55.0,6.0,18.0,44.0
88,10,51.0,6.0,19.0,23.0
88,11,48.0,18.0,15.0,26.0
88,12,6.0,12.0,30.0,2.0
88,13,52.0,0.0,54.0,44.0
88,14,57.0,12.0,18.0,10.0
88,15,9.0,18.0,30.0,44.0
88,16,47.0,24.0,21.0,2.0
88,17,14.0,6.0,28.0,2.0
88,18,6.0,24.0,30.0,44.0
88,19,52.0,6.0,42.0,44.0
88,20,22.0,24.0,36.0,9.0
88,21,33.0,18.0,48.0,6.0
88,22,47.0,6.0,5.0,20.0
88,23,6.0,6.0,0.0,44.0
88,24,7.0,6.0,14.0,2.0
88,25,46.0,12.0,8.0,30.0
89,1,55.0,8.0,24.0,15.0
89,2,7.0,0.0,47.0,2.0
89,3,9.0,0.0,43.0,2.0
89,4,0.0,4.0,0.0,28.0
89,5,37.5,24.0,36.0,44.5
89,6,40.0,6.0,48.0,30.0
89,7,45.0,6.0,1.0,19.0
89,8,2.0,7.0,18.0,3.0
89,9,55.5,6.0,18.0,44.5
89,10,51.0,6.0,19.0,23.0
89,11,48.0,18.0,15.0,26.0
89,12,6.0,12.0,30.0,2.0
89,13,52.5,0.0,54.0,44.5
89,14,57.0,12.0,18.0,10.0
89,15,8.5,18.0,30.0,44.5
89,16,47.0,24.0,21.0,2.0
89,17,14.0,6.0,28.0,2.0
89,18,5.5,24.0,30.0,44.5
89,19,52.5,6.0,42.0,44.5
89,20,22.0,24.0,36.0,9.0
89,21,33.0,18.0,48.0,6.0
89,22,47.0,6.0,5.0,20.0
89,23,5.5,6.0,0.0,44.5
89,24,7.0,6.0,14.0,2.0
89,25,46.0,12.0,8.0,30.0
90,1,55.0,8.0,24.0,15.0
90,2,7.0,0.0,47.0,2.0
90,3,9.0,0.0,43.0,2.0
90,4,0.0,4.0,0.0,28.0
90,5,37.0,24.0,36.0,45.0
90,6,40.0,6.0,48.0,30.0
90,7,45.0,6.0,1.0,19.0
90,8,2.0,7.0,18.0,3.0
90,9,56.0,6.0,18.0,45.0
90,10,51.0,6.0,19.0,23.0
90,11,48.0,18.0,15.0,26.0
90,12,6.0,12.0,30.0,2.0
90,13,53.0,0.0,54.0,45.0
90,14,57.0,12.0,18.0,10.0
90,15,8.0,18.0,30.0,45.0
90,16,47.0,24.0,21.0,2.0
90,17,14.0,6.0,28.0,2.0
90,18,5.0,24.0,30.0,45.0
90,19,53.0,6.0,42.0,45.0
90,20,22.0,24.0,36.0,9.0
90,21,33.0,18.0,48.0,6.0
90,22,47.0,6.0,5.0,20.0
90,23,5.0,6.0,0.0,45.0
90,24,7.0,6.0,14.0,2.0
90,25,46.0,12.0,8.0,30.0
91,1,55.0,8.0,24.0,15.0
91,2,7.0,0.0,47.0,2.0
91,3,9.0,0.0,43.0,2.0
91,4,0.0,4.0,0.0,28.0
91,5,36.5,24.0,36.0,45.5
91,6,40.0,6.0,48.0,30.0
91,7,45.0,6.0,1.0,19.0
91,8,2.0,7.0,18.0,3.0
91,9,56.0,5.5,18.0,45.5
91,10,51.0,6.0,19.0,23.0
91,11,48.0,18.0,15.0,26.0
91,12,6.0,12.0,30.0,2.0
91,13,53.5,0.0,54.0,45.5
91,14,57.0,12.0,18.0,10.0
91,15,7.5,18.0,30.0,45.5
91,16,47.0,24.0,21.0,2.0
91,17,14.0,6.0,28.0,2.0
91,18,5.0,23.5,30.0,45.5
91,19,53.5,6.0,42.0,45.5
91,20,22.0,24.0,36.0,9.0
91,21,33.0,18.0,48.0,6.0
91,22,47.0,6.0,5.0,20.0
91,23,5.0,6.5,0.0,45.5
91,24,7.0,6.0,14.0,2.0
91,25,46.0,12.0,8.0,30.0
92,1,55.0,8.0,24.0,15.0
92,2,7.0,0.0,47.0,2.0
92,3,9.0,0.0,43.0,2.0
92,4,0.0,4.0,0.0,28.0
92,5,36.0,24.0,36.0,46.0
92,6,40.0,6.0,48.0,30.0
92,7,45.0,6.0,1.0,19.0
92,8,2.0,7.0,18.0,3.0
92,9,56.0,5.0,18.0,46.0
92,10,51.0,6.0,19.0,23.0
92,11,48.0,18.0,15.0,26.0
92,12,6.0,12.0,30.0,2.0
92,13,54.0,0.0,54.0,46.0
92,14,57.0,12.0,18.0,10.0
92,15,7.0,18.0,30.0,46.0
92,16,47.0,24.0,21.0,2.0
92,17,14.0,6.0,28.0,2.0
92,18,5.0,23.0,30.0,46.0
92,19,54.0,6.0,42.0,46.0
92,20,22.0,24.0,36.0,9.0
92,21,33.0,18.0,48.0,6.0
92,22,47.0,6.0,5.0,20.0
92,23,5.0,7.0,0.0,46.0
92,24,7.0,6.0,14.0,2.0
92,25,46.0,12.0,8.0,30.0
93,1,55.0,8.0,24.0,15.0
93,2,7.0,0.0,47.0,2.0
93,3,9.0,0.0,43.0,2.0
93,4,0.0,4.0,0.0,28.0
93,5,35.5,24.0,36.0,46.5
93,6,40.0,6.0,48.0,30.0
93,7,45.0,6.0,1.0,19.0
93,8,2.0,7.0,18.0,3.0
93,9,56.0,4.5,18.0,46.5
93,10,51.0,6.0,19.0,23.0
93,11,48.0,18.0,15.0,26.0
93,12,6.0,12.0,30.0,2.0
93,13,54.0,0.5,54.0,46.5
93,14,57.0,12.0,18.0,10.0
93,15,6.5,18.0,30.0,46.5
93,16,47.0,24.0,21.0,2.0
93,17,14.0,6.0,28.0,2.0
93,18,5.0,22.5,30.0,46.5
93,19,54.0,6.5,42.0,46.5
93,20,22.0,24.0,36.0,9.0
93,21,33.0,18.0,48.0,6.0
93,22,47.0,6.0,5.0,20.0
93,23,5.0,7.5,0.0,46.5
93,24,7.0,6.0,14.0,2.0
93,25,46.0,12.0,8.0,30.0
94,1,55.0,8.0,24.0,15.0
94,2,7.0,0.0,47.0,2.0
94,3,9.0,0.0,43.0,2.0
94,4,0.0,4.0,0.0,28.0
94,5,35.0,24.0,36.0,47.0
94,6,40.0,6.0,48.0,30.0
94,7,45.0,6.0,1.0,19.0
94,8,2.0,7.0,18.0,3.0
94,9,56.0,4.0,18.0,47.0
94,10,51.0,6.0,19.0,23.0
94,11,48.0,18.0,15.0,26.0
94,12,6.0,12.0,30.0,2.0
94,13,54.0,1.0,54.0,47.0
94,14,57.0,12.0,18.0,10.0
94,15,6.0,18.0,30.0,47.0
94,16,47.0,24.0,21.0,2.0
94,17,14.0,6.0,28.0,2.0
94,18,5.0,22.0,30.0,47.0
94,19,54.0,7.0,42.0,47.0
94,20,22.0,24.0,36.0,9.0
94,21,33.0,18.0,48.0,6.0
94,22,47.0,6.0,5.0,20.0
94,23,5.0,8.0,0.0,47.0
94,24,7.0,6.0,14.0,2.0
94,25,46.0,12.0,8.0,30.0
95,1,55.0,8.0,24.0,15.0
95,2,7.0,0.0,47.0,2.0
95,3,9.0,0.0,43.0,2.0
95,4,0.0,4.0,0.0,28.0
95,5,34.5,24.0,36.0,47.5
95,6,40.0,6.0,48.0,30.0
95,7,45.0,6.0,1.0,19.0
95,8,2.0,7.0,18.0,3.0
95,9,56.0,3.5,18.0,47.5
95,10,51.0,6.0,19.0,23.0
95,11,48.0,18.0,15.0,26.0
95,12,6.0,12.0,30.0,2.0
95,13,54.0,1.5,54.0,47.5
95,14,57.0,12.0,18.0,10.0
95,15,5.5,18.0,30.0,47.5
95,16,47.0,24.0,21.0,2.0
95,17,14.0,6.0,28.0,2.0
95,18,5.0,21.5,30.0,47.5
95,19,54.0,7.5,42.0,47.5
95,20,22.0,24.0,36.0,9.0
95,21,33.0,18.0,48.0,6.0
95,22,47.0,6.0,5.0,20.0
95,23,5.0,8.5,0.0,47.5
95,24,7.0,6.0,14.0,2.0
95,25,46.0,12.0,8.0,30.0
96,1,55.0,8.0,24.0,15.0
96,2,7.0,0.0,47.0,2.0
96,3,9.0,0.0,43.0,2.0
96,4,0.0,4.0,0.0,28.0
96,5,34.0,24.0,36.0,48.0
96,6,40.0,6.0,48.0,30.0
96,7,45.0,6.0,1.0,19.0
96,8,2.0,7.0,18.0,3.0
96,9,56.0,3.0,18.0,48.0
96,10,51.0,6.0,19.0,23.0
96,11,48.0,18.0,15.0,26.0
96,12,6.0,12.0,30.0,2.0
96,13,54.0,2.0,54.0,48.0
96,14,57.0,12.0,18.0,10.0
96,15,5.0,18.0,30.0,48.0
96,16,47.0,24.0,21.0,2.0
96,17,14.0,6.0,28.0,2.0
96,18,5.0,21.0,30.0,48.0
96,19,54.0,8.0,42.0,48.0
96,20,22.0,24.0,36.0,9.0
96,21,33.0,18.0,48.0,6.0
96,22,47.0,6.0,5.0,20.0
96,23,5.0,9.0,0.0,48.0
96,24,7.0,6.0,14.0,2.0
96,25,46.0,12.0,8.0,30.0
97,1,55.0,8.0,24.0,15.0
97,2,7.0,0.0,47.0,2.0
97,3,9.0,0.0,43.0,2.0
97,4,0.0,4.0,0.0,28.0
97,5,33.5,24.0,36.0,48.5
97,6,40.0,6.0,48.0,30.0
97,7,45.0,6.0,1.0,19.0
97,8,2.0,7.0,18.0,3.0
97,9,56.0,3.0,18.0,48.0
97,10,51.0,6.0,19.0,23.0
97,11,48.0,18.0,15.0,26.0
97,12,6.0,12.0,30.0,2.0
97,13,54.0,2.5,54.0,48.5
97,14,57.0,12.0,18.0,10.0
97,15,5.0,17.5,30.0,48.5
97,16,47.0,24.0,21.0,2.0
97,17,14.0,6.0,28.0,2.0
97,18,5.0,20.5,30.0,48.5
97,19,54.0,8.5,42.0,48.5
97,20,22.0,24.0,36.0,9.0
97,21,33.0,18.0,48.0,6.0
97,22,47.0,6.0,5.0,20.0
97,23,5.0,9.5,0.0,48.5
97,24,7.0,6.0,14.0,2.0
97,25,46.0,12.0,8.0,30.0
98,1,55.0,8.0,24.0,15.0
98,2,7.0,0.0,47.0,2.0
98,3,9.0,0.0,43.0,2.0
98,4,0.0,4.0,0.0,28.0
98,5,33.0,24.0,36.0,49.0
98,6,40.0,6.0,48.0,30.0
98,7,45.0,6.0,1.0,19.0
98,8,2.0,7.0,18.0,3.0
98,9,56.0,3.0,18.0,48.0
98,10,51.0,6.0,19.0,23.0
98,11,48.0,18.0,15.0,26.0
98,12,6.0,12.0,30.0,2.0
98,13,54.0,3.0,54.0,49.0
98,14,57.0,12.0,18.0,10.0
98,15,5.0,17.0,30.0,49.0
98,16,47.0,24.0,21.0,2.0
98,17,14.0,6.0,28.0,2.0
98,18,5.0,20.0,30.0,49.0
98,19,54.0,9.0,42.0,49.0
98,20,22.0,24.0,36.0,9.0
98,21,33.0,18.0,48.0,6.0
98,22,47.0,6.0,5.0,20.0
98,23,5.0,10.0,0.0,49.0
98,24,7.0,6.0,14.0,2.0
98,25,46.0,12.0,8.0,30.0
99,1,55.0,8.0,24.0,15.0
99,2,7.0,0.0,47.0,2.0
99,3,9.0,0.0,43.0,2.0
99,4,0.0,4.0,0.0,28.0
99,5,32.5,24.0,36.0,49.5
99,6,40.0,6.0,48.0,30.0
99,7,45.0,6.0,1.0,19.0
99,8,2.0,7.0,18.0,3.0
99,9,56.0,3.0,18.0,48.0
99,10,51.0,6.0,19.0,23.0
99,11,48.0,18.0,15.0,26.0
99,12,6.0,12.0,30.0,2.0
99,13,54.0,3.5,54.0,49.5
99,14,57.0,12.0,18.0,10.0
99,15,5.0,16.5,30.0,49.5
99,16,47.0,24.0,21.0,2.0
99,17,14.0,6.0,28.0,2.0
99,18,5.0,19.5,30.0,49.5
99,19,54.0,9.5,42.0,49.5
99,20,22.0,24.0,36.0,9.0
99,21,33.0,18.0,48.0,6.0
99,22,47.0,6.0,5.0,20.0
99,23,5.0,10.5,0.0,49.5
99,24,7.0,6.0,14.0,2.0
99,25,46.0,12.0,8.0,30.0
100,1,55.0,8.0,24.0,15.0
100,2,7.0,0.0,47.0,2.0
100,3,9.0,0.0,43.0,2.0
100,4,0.0,4.0,0.0,28.0
100,5,32.0,24.0,36.0,50.0
100,6,40.0,6.0,48.0,30.0
100,7,45.0,6.0,1.0,19.0
100,8,2.0,7.0,18.0,3.0
100,9,56.0,3.0,18.0,48.0
100,10,51.0,6.0,19.0,23.0
100,11,48.0,18.0,15.0,26.0
100,12,6.0,12.0,30.0,2.0
100,13,54.0,4.0,54.0,50.0
100,14,57.0,12.0,18.0,10.0
100,15,5.0,16.0,30.0,50.0
100,16,47.0,24.0,21.0,2.0
100,17,14.0,6.0,28.0,2.0
100,18,5.0,19.0,30.0,50.0
100,19,54.0,10.0,42.0,50.0
100,20,22.0,24.0,36.0,9.0
100,21,33.0,18.0,48.0,6.0
100,22,47.0,6.0,5.0,20.0
100,23,5.0,11.0,0.0,50.0
100,24,7.0,6.0,14.0,2.0
100,25,46.0,12.0,8.0,30.0
101,1,55.0,8.0,24.0,15.0
101,2,7.0,0.0,47.0,2.0
101,3,9.0,0.0,43.0,2.0
101,4,0.0,4.0,0.0,28.0
101,5,31.5,24.0,36.0,50.5
101,6,40.0,6.0,48.0,30.0
101,7,45.0,6.0,1.0,19.0
101,8,2.0,7.0,18.0,3.0
101,9,56.0,3.0,18.0,48.0
101,10,51.0,6.0,19.0,23.0
101,11,48.0,18.0,15.0,26.0
101,12,6.0,12.0,30.0,2.0
101,13,54.0,4.5,54.0,50.5
101,14,57.0,12.0,18.0,10.0
101,15,5.0,15.5,30.0,50.5
101,16,47.0,24.0,21.0,2.0
101,17,14.0,6.0,28.0,2.0
101,18,5.0,18.5,30.0,50.5
101,19,54.0,10.5,42.0,50.5
101,20,22.0,24.0,36.0,9.0
101,21,33.0,18.0,48.0,6.0
101,22,47.0,6.0,5.0,20.0
101,23,5.0,11.5,0.0,50.5
101,24,7.0,6.0,14.0,2.0
101,25,46.0,12.0,8.0,30.0
102,1,55.0,8.0,24.0,15.0
102,2,7.0,0.0,47.0,2.0
102,3,9.0,0.0,43.0,2.0
102,4,0.0,4.0,0.0,28.0
102,5,31.0,24.0,36.0,51.0
102,6,40.0,6.0,48.0,30.0
102,7,45.0,6.0,1.0,19.0
102,8,2.0,7.0,18.0,3.0
102,9,56.0,3.0,18.0,48.0
102,10,51.0,6.0,19.0,23.0
102,11,48.0,18.0,15.0,26.0
102,12,6.0,12.0,30.0,2.0
102,13,54.0,5.0,54.0,51.0
102,14,57.0,12.0,18.0,10.0
102,15,5.0,15.0,30.0,51.0
102,16,47.0,24.0,21.0,2.0
102,17,14.0,6.0,28.0,2.0
102,18,5.0,18.0,30.0,51.0
102,19,54.0,11.0,42.0,51.0
102,20,22.0,24.0,36.0,9.0
102,21,33.0,18.0,48.0,6.0
102,22,47.0,6.0,5.0,20.0
102,23,5.0,12.0,0.0,51.0
102,24,7.0,6.0,14.0,2.0
102,25,46.0,12.0,8.0,30.0
103,1,55.0,8.0,24.0,15.0
103,2,7.0,0.0,47.0,2.0
103,3,9.0,0.0,43.0,2.0
103,4,0.0,4.0,0.0,28.0
103,5,30.5,24.0,36.0,51.5
103,6,40.0,6.0,48.0,30.0
103,7,45.0,6.0,1.0,19.0
103,8,2.0,7.0,18.0,3.0
103,9,56.0,3.0,18.0,48.0
103,10,51.0,6.0,19.0,23.0
103,11,48.0,18.0,15.0,26.0
103,12,6.0,12.0,30.0,2.0
103,13,54.0,5.5,54.0,51.5
103,14,57.0,12.0,18.0,10.0
103,15,5.0,14.5,30.0,51.5
103,16,47.0,24.0,21.0,2.0
103,17,14.0,6.0,28.0,2.0
103,18,5.0,17.5,30.0,51.5
103,19,54.0,11.5,42.0,51.5
103,20,22.0,24.0,36.0,9.0
103,21,33.0,18.0,48.0,6.0
103,22,47.0,6.0,5.0,20.0
103,23,5.5,12.0,0.0,51.5
103,24,7.0,6.0,14.0,2.0
103,25,46.0,12.0,8.0,30.0
104,1,55.0,8.0,24.0,15.0
104,2,7.0,0.0,47.0,2.0
104,3,9.0,0.0,43.0,2.0
104,4,0.0,4.0,0.0,28.0
104,5,30.0,24.0,36.0,52.0
104,6,40.0,6.0,48.0,30.0
104,7,45.0,6.0,1.0,19.0
104,8,2.0,7.0,18.0,3.0
104,9,56.0,3.0,18.0,48.0
104,10,51.0,6.0,19.0,23.0
104,11,48.0,18.0,15.0,26.0
104,12,6.0,12.0,30.0,2.0
104,13,54.0,6.0,54.0,52.0
104,14,57.0,12.0,18.0,10.0
104,15,5.0,14.0,30.0,52.0
104,16,47.0,24.0,21.0,2.0
104,17,14.0,6.0,28.0,2.0
104,18,5.0,17.0,30.0,52.0
104,19,54.0,12.0,42.0,52.0
104,20,22.0,24.0,36.0,9.0
104,21,33.0,18.0,48.0,6.0
104,22,47.0,6.0,5.0,20.0
104,23,6.0,12.0,0.0,52.0
104,24,7.0,6.0,14.0,2.0
104,25,46.0,12.0,8.0,30.0
105,1,55.0,8.0,24.0,15.0
105,2,7.0,0.0,47.0,2.0
105,3,9.0,0.0,43.0,2.0
105,4,0.0,4.0,0.0,28.0
105,5,29.5,24.0,36.0,52.5
105,6,40.0,6.0,48.0,30.0
105,7,45.0,6.0,1.0,19.0
105,8,2.0,7.0,18.0,3.0
105,9,56.0,3.0,18.0,48.0
105,10,51.0,6.0,19.0,23.0
105,11,48.0,18.0,15.0,26.0
105,12,6.0,12.0,30.0,2.0
105,13,54.0,6.5,54.0,52.5
105,14,57.0,12.0,18.0,10.0
105,15,5.0,13.5,30.0,52.5
105,16,47.0,24.0,21.0,2.0
105,17,14.0,6.0,28.0,2.0
105,18,5.0,16.5,30.0,52.5
105,19,54.0,12.5,42.0,52.5
105,20,22.0,24.0,36.0,9.0
105,21,33.0,18.0,48.0,6.0
105,22,47.0,6.0,5.0,20.0
105,23,6.0,12.0,0.5,52.5
105,24,7.0,6.0,14.0,2.0
105,25,46.0,12.0,8.0,30.0
106,1,55.0,8.0,24.0,15.0
106,2,7.0,0.0,47.0,2.0
106,3,9.0,0.0,43.0,2.0
106,4,0.0,4.0,0.0,28.0
106,5,29.0,24.0,36.0,53.0
106,6,40.0,6.0,48.0,30.0
106,7,45.0,6.0,1.0,19.0
106,8,2.0,7.0,18.0,3.0
106,9,56.0,3.0,18.0,48.0
106,10,51.0,6.0,19.0,23.0
106,11,48.0,18.0,15.0,26.0
106,12,6.0,12.0,30.0,2.0
106,13,54.0,7.0,54.0,53.0
106,14,57.0,12.0,18.0,10.0
106,15,5.0,13.0,30.0,53.0
106,16,47.0,24.0,21.0,2.0
106,17,14.0,6.0,28.0,2.0
106,18,5.0,16.0,30.0,53.0
106,19,54.0,13.0,42.0,53.0
106,20,22.0,24.0,36.0,9.0
106,21,33.0,18.0,48.0,6.0
106,22,47.0,6.0,5.0,20.0
106,23,6.0,12.0,1.0,53.0
106,24,7.0,6.0,14.0,2.0
106,25,46.0,12.0,8.0,30.0
107,1,55.0,8.0,24.0,15.0
107,2,7.0,0.0,47.0,2.0
107,3,9.0,0.0,43.0,2.0
107,4,0.0,4.0,0.0,28.0
107,5,28.5,24.0,36.0,53.5
107,6,40.0,6.0,48.0,30.0
107,7,45.0,6.0,1.0,19.0
107,8,2.0,7.0,18.0,3.0
107,9,56.0,3.0,18.0,48.0
107,10,51.0,6.0,19.0,23.0
107,11,48.0,18.0,15.0,26.0
107,12,6.0,12.0,30.0,2.0
107,13,54.0,7.5,54.0,53.5
107,14,57.0,12.0,18.0,10.0
107,15,5.0,12.5,30.0,53.5
107,16,47.0,24.0,21.0,2.0
107,17,14.0,6.0,28.0,2.0
107,18,5.0,15.5,30.0,53.5
107,19,54.0,13.5,42.0,53.5
107,20,22.0,24.0,36.0,9.0
107,21,33.0,18.0,48.0,6.0
107,22,47.0,6.0,5.0,20.0
107,23,6.0,12.0,1.0,53.0
107,24,7.0,6.0,14.0,2.0
107,25,46.0,12.0,8.0,30.0
108,1,55.0,8.0,24.0,15.0
108,2,7.0,0.0,47.0,2.0
108,3,9.0,0.0,43.0,2.0
108,4,0.0,4.0,0.0,28.0
108,5,28.0,24.0,36.0,54.0
108,6,40.0,6.0,48.0,30.0
108,7,45.0,6.0,1.0,19.0
108,8,2.0,7.0,18.0,3.0
108,9,56.0,3.0,18.0,48.0
108,10,51.0,6.0,19.0,23.0
108,11,48.0,18.0,15.0,26.0
108,12,6.0,12.0,30.0,2.0
108,13,54.0,8.0,54.0,54.0
108,14,57.0,12.0,18.0,10.0
108,15,5.0,12.0,30.0,54.0
108,16,47.0,24.0,21.0,2.0
108,17,14.0,6.0,28.0,2.0
108,18,5.0,15.0,30.0,54.0
108,19,54.0,14.0,42.0,54.0
108,20,22.0,24.0,36.0,9.0
108,21,33.0,18.0,48.0,6.0
108,22,47.0,6.0,5.0,20.0
108,23,6.0,12.0,1.0,53.0
108,24,7.0,6.0,14.0,2.0
108,25,46.0,12.0,8.0,30.0
109,1,55.0,8.0,24.0,15.0
109,2,7.0,0.0,47.0,2.0
109,3,9.0,0.0,43.0,2.0
109,4,0.0,4.0,0.0,28.0
109,5,27.5,24.0,36.0,54.5
109,6,40.0,6.0,48.0,30.0
109,7,45.0,6.0,1.0,19.0
109,8,2.0,7.0,18.0,3.0
109,9,56.0,3.0,18.0,48.0
109,10,51.0,6.0,19.0,23.0
109,11,48.0,18.0,15.0,26.0
109,12,6.0,12.0,30.0,2.0
109,13,54.0,8.5,54.0,54.5
109,14,57.0,12.0,18.0,10.0
109,15,5.5,12.0,30.0,54.5
109,16,47.0,24.0,21.0,2.0
109,17,14.0,6.0,28.0,2.0
109,18,5.0,14.5,30.0,54.5
109,19,54.0,14.5,42.0,54.5
109,20,22.0,24.0,36.0,9.0
109,21,33.0,18.0,48.0,6.0
109,22,47.0,6.0,5.0,20.0
109,23,6.0,12.0,1.0,53.0
109,24,7.0,6.0,14.0,2.0
109,25,46.0,12.0,8.0,30.0
110,1,55.0,8.0,24.0,15.0
110,2,7.0,0.0,47.0,2.0
110,3,9.0,0.0,43.0,2.0
110,4,0.0,4.0,0.0,28.0
110,5,27.0,24.0,36.0,55.0
110,6,40.0,6.0,48.0,30.0
110,7,45.0,6.0,1.0,19.0
110,8,2.0,7.0,18.0,3.0
110,9,56.0,3.0,18.0,48.0
110,10,51.0,6.0,19.0,23.0
110,11,48.0,18.0,15.0,26.0
110,12,6.0,12.0,30.0,2.0
110,13,54.0,9.0,54.0,55.0
110,14,57.0,12.0,18.0,10.0
110,15,6.0,12.0,30.0,55.0
110,16,47.0,24.0,21.0,2.0
110,17,14.0,6.0,28.0,2.0
110,18,5.0,14.0,30.0,55.0
110,19,54.0,15.0,42.0,55.0
110,20,22.0,24.0,36.0,9.0
110,21,33.0,18.0,48.0,6.0
110,22,47.0,6.0,5.0,20.0
110,23,6.0,12.0,1.0,53.0
110,24,7.0,6.0,14.0,2.0
110,25,46.0,12.0,8.0,30.0
111,1,55.0,8.0,24.0,15.0
111,2,7.0,0.0,47.0,2.0
111,3,9.0,0.0,43.0,2.0
111,4,0.0,4.0,0.0,28.0
111,5,26.5,24.0,36.0,55.5
111,6,40.0,6.0,48.0,30.0
111,7,45.0,6.0,1.0,19.0
111,8,2.0,7.0,18.0,3.0
111,9,56.0,3.0,18.0,48.0
111,10,51.0,6.0,19.0,23.0
111,11,48.0,18.0,15.0,26.0
111,12,6.0,12.0,30.0,2.0
111,13,54.0,9.5,54.0,55.5
111,14,57.0,12.0,18.0,10.0
111,15,6.5,12.0,30.0,55.5
111,16,47.0,24.0,21.0,2.0
111,17,14.0,6.0,28.0,2.0
111,18,5.0,13.5,30.0,55.5
111,19,54.0,15.5,42.0,55.5
111,20,22.0,24.0,36.0,9.0
111,21,33.0,18.0,48.0,6.0
111,22,47.0,6.0,5.0,20.0
111,23,6.0,12.0,1.0,53.0
111,24,7.0,6.0,14.0,2.0
111,25,46.0,12.0,8.0,30.0
112,1,55.0,8.0,24.0,15.0
112,2,7.0,0.0,47.0,2.0
112,3,9.0,0.0,43.0,2.0
112,4,0.0,4.0,0.0,28.0
112,5,26.0,24.0,36.0,56.0
112,6,40.0,6.0,48.0,30.0
112,7,45.0,6.0,1.0,19.0
112,8,2.0,7.0,18.0,3.0
112,9,56.0,3.0,18.0,48.0
112,10,51.0,6.0,19.0,23.0
112,11,48.0,18.0,15.0,26.0
112,12,6.0,12.0,30.0,2.0
112,13,54.0,10.0,54.0,56.0
112,14,57.0,12.0,18.0,10.0
112,15,7.0,12.0,30.0,56.0
112,16,47.0,24.0,21.0,2.0
112,17,14.0,6.0,28.0,2.0
112,18,5.0,13.0,30.0,56.0
112,19,54.0,16.0,42.0,56.0
112,20,22.0,24.0,36.0,9.0
112,21,33.0,18.0,48.0,6.0
112,22,47.0,6.0,5.0,20.0
112,23,6.0,12.0,1.0,53.0
112,24,7.0,6.0,14.0,2.0
112,25,46.0,12.0,8.0,30.0
113,1,55.0,8.0,24.0,15.0
113,2,7.0,0.0,47.0,2.0
113,3,9.0,0.0,43.0,2.0
113,4,0.0,4.0,0.0,28.0
113,5,25.5,24.0,36.0,56.5
113,6,40.0,6.0,48.0,30.0
113,7,45.0,6.0,1.0,19.0
113,8,2.0,7.0,18.0,3.0
113,9,56.0,3.0,18.0,48.0
113,10,51.0,6.0,19.0,23.0
113,11,48.0,18.0,15.0,26.0
113,12,6.0,12.0,30.0,2.0
113,13,54.0,10.5,54.0,56.5
113,14,57.0,12.0,18.0,10.0
113,15,7.0,12.0,29.5,56.5
113,16,47.0,24.0,21.0,2.0
113,17,14.0,6.0,28.0,2.0
113,18,5.0,12.5,30.0,56.5
113,19,54.0,16.5,42.0,56.5
113,20,22.0,24.0,36.0,9.0
113,21,33.0,18.0,48.0,6.0
113,22,47.0,6.0,5.0,20.0
113,23,6.0,12.0,1.0,53.0
113,24,7.0,6.0,14.0,2.0
113,25,46.0,12.0,8.0,30.0
114,1,55.0,8.0,24.0,15.0
114,2,7.0,0.0,47.0,2.0
114,3,9.0,0.0,43.0,2.0
114,4,0.0,4.0,0.0,28.0
114,5,25.0,24.0,36.0,57.0
114,6,40.0,6.0,48.0,30.0
114,7,45.0,6.0,1.0,19.0
114,8,2.0,7.0,18.0,3.0
114,9,56.0,3.0,18.0,48.0
114,10,51.0,6.0,19.0,23.0
114,11,48.0,18.0,15.0,26.0
114,12,6.0,12.0,30.0,2.0
114,13,54.0,11.0,54.0,57.0
114,14,57.0,12.0,18.0,10.0
114,15,7.0,12.0,29.0,57.0
114,16,47.0,24.0,21.0,2.0
114,17,14.0,6.0,28.0,2.0
114,18,5.0,12.0,30.0,57.0
114,19,54.0,17.0,42.0,57.0
114,20,22.0,24.0,36.0,9.0
114,21,33.0,18.0,48.0,6.0
114,22,47.0,6.0,5.0,20.0
114,23,6.0,12.0,1.0,53.0
114,24,7.0,6.0,14.0,2.0
114,25,46.0,12.0,8.0,30.0
115,1,55.0,8.0,24.0,15.0
115,2,7.0,0.0,47.0,2.0
115,3,9.0,0.0,43.0,2.0
115,4,0.0,4.0,0.0,28.0
115,5,24.5,24.0,36.0,57.5
115,6,40.0,6.0,48.0,30.0
115,7,45.0,6.0,1.0,19.0
115,8,2.0,7.0,18.0,3.0
115,9,56.0,3.0,18.0,48.0
115,10,51.0,6.0,19.0,23.0
115,11,48.0,18.0,15.0,26.0
115,12,6.0,12.0,30.0,2.0
115,13,54.0,11.5,54.0,57.5
115,14,57.0,12.0,18.0,10.0
115,15,7.0,12.0,28.5,57.5
115,16,47.0,24.0,21.0,2.0
115,17,14.0,6.0,28.0,2.0
115,18,5.0,12.0,30.5,57.5
115,19,54.0,17.5,42.0,57.5
115,20,22.0,24.0,36.0,9.0
115,21,33.0,18.0,48.0,6.0
115,22,47.0,6.0,5.0,20.0
115,23,6.0,12.0,1.0,53.0
115,24,7.0,6.0,14.0,2.0
115,25,46.0,12.0,8.0,30.0
116,1,55.0,8.0,24.0,15.0
116,2,7.0,0.0,47.0,2.0
116,3,9.0,0.0,43.0,2.0
116,4,0.0,4.0,0.0,28.0
116,5,24.0,24.0,36.0,58.0
116,6,40.0,6.0,48.0,30.0
116,7,45.0,6.0,1.0,19.0
116,8,2.0,7.0,18.0,3.0
116,9,56.0,3.0,18.0,48.0
116,10,51.0,6.0,19.0,23.0
116,11,48.0,18.0,15.0,26.0
116,12,6.0,12.0,30.0,2.0
116,13,54.0,12.0,54.0,58.0
116,14,57.0,12.0,18.0,10.0
116,15,7.0,12.0,28.0,58.0
116,16,47.0,24.0,21.0,2.0
116,17,14.0,6.0,28.0,2.0
116,18,5.0,12.0,31.0,58.0
116,19,54.0,18.0,42.0,58.0
116,20,22.0,24.0,36.0,9.0
116,21,33.0,18.0,48.0,6.0
116,22,47.0,6.0,5.0,20.0
116,23,6.0,12.0,1.0,53.0
116,24,7.0,6.0,14.0,2.0
116,25,46.0,12.0,8.0,30.0
117,1,55.0,8.0,24.0,15.0
117,2,7.0,0.0,47.0,2.0
117,3,9.0,0.0,43.0,2.0
117,4,0.0,4.0,0.0,28.0
117,5,23.5,24.0,36.0,58.5
117,6,40.0,6.0,48.0,30.0
117,7,45.0,6.0,1.0,19.0
117,8,2.0,7.0,18.0,3.0
117,9,56.0,3.0,18.0,48.0
117,10,51.0,6.0,19.0,23.0
117,11,48.0,18.0,15.0,26.0
117,12,6.0,12.0,30.0,2.0
117,13,53.5,12.0,54.0,58.5
117,14,57.0,12.0,18.0,10.0
117,15,7.0,12.0,28.0,58.0
117,16,47.0,24.0,21.0,2.0
117,17,14.0,6.0,28.0,2.0
117,18,5.0,12.0,31.5,58.5
117,19,54.0,18.5,42.0,58.5
117,20,22.0,24.0,36.0,9.0
117,21,33.0,18.0,48.0,6.0
117,22,47.0,6.0,5.0,20.0
117,23,6.0,12.0,1.0,53.0
117,24,7.0,6.0,14.0,2.0
117,25,46.0,12.0,8.0,30.0
118,1,55.0,8.0,24.0,15.0
118,2,7.0,0.0,47.0,2.0
118,3,9.0,0.0,43.0,2.0
118,4,0.0,4.0,0.0,28.0
118,5,23.0,24.0,36.0,59.0
118,6,40.0,6.0,48.0,30.0
118,7,45.0,6.0,1.0,19.0
118,8,2.0,7.0,18.0,3.0
118,9,56.0,3.0,18.0,48.0
118,10,51.0,6.0,19.0,23.0
118,11,48.0,18.0,15.0,26.0
118,12,6.0,12.0,30.0,2.0
118,13,53.0,12.0,54.0,59.0
118,14,57.0,12.0,18.0,10.0
118,15,7.0,12.0,28.0,58.0
118,16,47.0,24.0,21.0,2.0
118,17,14.0,6.0,28.0,2.0
118,18,5.0,12.0,32.0,59.0
118,19,54.0,19.0,42.0,59.0
118,20,22.0,24.0,36.0,9.0
118,21,33.0,18.0,48.0,6.0
118,22,47.0,6.0,5.0,20.0
118,23,6.0,12.0,1.0,53.0
118,24,7.0,6.0,14.0,2.0
118,25,46.0,12.0,8.0,30.0
119,1,55.0,8.0,24.0,15.0
119,2,7.0,0.0,47.0,2.0
119,3,9.0,0.0,43.0,2.0
119,4,0.0,4.0,0.0,28.0
119,5,22.5,24.0,36.0,59.5
119,6,40.0,6.0,48.0,30.0
119,7,45.0,6.0,1.0,19.0
119,8,2.0,7.0,18.0,3.0
119,9,56.0,3.0,18.0,48.0
119,10,51.0,6.0,19.0,23.0
119,11,48.0,18.0,15.0,26.0
119,12,6.0,12.0,30.0,2.0
119,13,53.0,12.0,53.5,59.5
119,14,57.0,12.0,18.0,10.0
119,15,7.0,12.0,28.0,58.0
119,16,47.0,24.0,21.0,2.0
119,17,14.0,6.0,28.0,2.0
119,18,5.0,12.0,32.0,59.0
119,19,54.0,19.5,42.0,59.5
119,20,22.0,24.0,36.0,9.0
119,21,33.0,18.0,48.0,6.0
119,22,47.0,6.0,5.0,20.0
119,23,6.0,12.0,1.0,53.0
119,24,7.0,6.0,14.0,2.0
119,25,46.0,12.0,8.0,30.0
120,1,55.0,8.0,24.0,15.0
120,2,7.0,0.0,47.0,2.0
120,3,9.0,0.0,43.0,2.0
120,4,0.0,4.0,0.0,28.0
120,5,22.0,24.0,36.0,60.0
120,6,40.0,6.0,48.0,30.0
120,7,45.0,6.0,1.0,19.0
120,8,2.0,7.0,18.0,3.0
120,9,56.0,3.0,18.0,48.0
120,10,51.0,6.0,19.0,23.0
120,11,48.0,18.0,15.0,26.0
120,12,6.0,12.0,30.0,2.0
120,13,53.0,12.0,53.0,60.0
120,14,57.0,12.0,18.0,10.0
120,15,7.0,12.0,28.0,58.0
120,16,47.0,24.0,21.0,2.0
120,17,14.0,6.0,28.0,2.0
120,18,5.0,12.0,32.0,59.0
120,19,54.0,20.0,42.0,60.0
120,20,22.0,24.0,36.0,9.0
120,21,33.0,18.0,48.0,6.0
120,22,47.0,6.0,5.0,20.0
120,23,6.0,12.0,1.0,53.0
120,24,7.0,6.0,14.0,2.0
120,25,46.0,12.0,8.0,30.0
121,1,55.0,8.0,24.0,15.0
121,2,7.0,0.0,47.0,2.0
121,3,9.0,0.0,43.0,2.0
121,4,0.0,4.0,0.0,28.0
121,5,21.5,24.0,36.0,60.5
121,6,40.0,6.0,48.0,30.0
121,7,45.0,6.0,1.0,19.0
121,8,2.0,7.0,18.0,3.0
121,9,56.0,3.0,18.0,48.0
121,10,51.0,6.0,19.0,23.0
121,11,48.0,18.0,15.0,26.0
121,12,6.0,12.0,30.0,2.0
121,13,53.0,12.0,52.5,60.5
121,14,57.0,12.0,18.0,10.0
121,15,7.0,12.0,28.0,58.0
121,16,47.0,24.0,21.0,2.0
121,17,14.0,6.0,28.0,2.0
121,18,5.0,12.0,32.0,59.0
121,19,54.0,20.5,42.0,60.5
121,20,22.0,24.0,36.0,9.0
121,21,33.0,18.0,48.0,6.0
121,22,47.0,6.0,5.0,20.0
121,23,6.0,12.0,1.0,53.0
121,24,7.0,6.0,14.0,2.0
121,25,46.0,12.0,8.0,30.0
122,1,55.0,8.0,24.0,15.0
122,2,7.0,0.0,47.0,2.0
122,3,9.0,0.0,43.0,2.0
122,4,0.0,4.0,0.0,28.0
122,5,21.0,24.0,36.0,61.0
122,6,40.0,6.0,48.0,30.0
122,7,45.0,6.0,1.0,19.0
122,8,2.0,7.0,18.0,3.0
122,9,56.0,3.0,18.0,48.0
122,10,51.0,6.0,19.0,23.0
122,11,48.0,18.0,15.0,26.0
122,12,6.0,12.0,30.0,2.0
122,13,53.0,12.0,52.0,61.0
122,14,57.0,12.0,18.0,10.0
122,15,7.0,12.0,28.0,58.0
122,16,47.0,24.0,21.0,2.0
122,17,14.0,6.0,28.0,2.0
122,18,5.0,12.0,32.0,59.0
122,19,54.0,21.0,42.0,61.0
122,20,22.0,24.0,36.0,9.0
122,21,33.0,18.0,48.0,6.0
122,22,47.0,6.0,5.0,20.0
122,23,6.0,12.0,1.0,53.0
122,24,7.0,6.0,14.0,2.0
122,25,46.0,12.0,8.0,30.0
123,1,55.0,8.0,24.0,15.0
123,2,7.0,0.0,47.0,2.0
123,3,9.0,0.0,43.0,2.0
123,4,0.0,4.0,0.0,28.0
123,5,20.5,24.0,36.0,61.5
123,6,40.0,6.0,48.0,30.0
123,7,45.0,6.0,1.0,19.0
123,8,2.0,7.0,18.0,3.0
123,9,56.0,3.0,18.0,48.0
123,10,51.0,6.0,19.0,23.0
123,11,48.0,18.0,15.0,26.0
123,12,6.0,12.0,30.0,2.0
123,13,53.0,12.0,51.5,61.5
123,14,57.0,12.0,18.0,10.0
123,15,7.0,12.0,28.0,58.0
123,16,47.0,24.0,21.0,2.0
123,17,14.0,6.0,28.0,2.0
123,18,5.0,12.0,32.0,59.0
123,19,54.0,21.5,42.0,61.5
123,20,22.0,24.0,36.0,9.0
123,21,33.0,18.0,48.0,6.0
123,22,47.0,6.0,5.0,20.0
123,23,6.0,12.0,1.0,53.0
123,24,7.0,6.0,14.0,2.0
123,25,46.0,12.0,8.0,30.0
124,1,55.0,8.0,24.0,15.0
124,2,7.0,0.0,47.0,2.0
124,3,9.0,0.0,43.0,2.0
124,4,0.0,4.0,0.0,28.0
124,5,20.0,24.0,36.0,62.0
124,6,40.0,6.0,48.0,30.0
124,7,45.0,6.0,1.0,19.0
124,8,2.0,7.0,18.0,3.0
124,9,56.0,3.0,18.0,48.0
124,10,51.0,6.0,19.0,23.0
124,11,48.0,18.0,15.0,26.0
124,12,6.0,12.0,30.0,2.0
124,13,53.0,12.0,51.0,62.0
124,14,57.0,12.0,18.0,10.0
124,15,7.0,12.0,28.0,58.0
124,16,47.0,24.0,21.0,2.0
124,17,14.0,6.0,28.0,2.0
124,18,5.0,12.0,32.0,59.0
124,19,54.0,22.0,42.0,62.0
124,20,22.0,24.0,36.0,9.0
124,21,33.0,18.0,48.0,6.0
124,22,47.0,6.0,5.0,20.0
124,23,6.0,12.0,1.0,53.0
124,24,7.0,6.0,14.0,2.0
124,25,46.0,12.0,8.0,30.0
125,1,55.0,8.0,24.0,15.0
125,2,7.0,0.0,47.0,2.0
125,3,9.0,0.0,43.0,2.0
125,4,0.0,4.0,0.0,28.0
125,5,19.5,24.0,36.0,62.5
125,6,40.0,6.0,48.0,30.0
125,7,45.0,6.0,1.0,19.0
125,8,2.0,7.0,18.0,3.0
125,9,56.0,3.0,18.0,48.0
125,10,51.0,6.0,19.0,23.0
125,11,48.0,18.0,15.0,26.0
125,12,6.0,12.0,30.0,2.0
125,13,53.0,12.0,51.0,62.0
125,14,57.0,12.0,18.0,10.0
125,15,7.0,12.0,28.0,58.0
125,16,47.0,24.0,21.0,2.0
125,17,14.0,6.0,28.0,2.0
125,18,5.0,12.0,32.0,59.0
125,19,54.0,22.5,42.0,62.5
125,20,22.0,24.0,36.0,9.0
125,21,33.0,18.0,48.0,6.0
125,22,47.0,6.0,5.0,20.0
125,23,6.0,12.0,1.0,53.0
125,24,7.0,6.0,14.0,2.0
125,25,46.0,12.0,8.0,30.0
126,1,55.0,8.0,24.0,15.0
126,2,7.0,0.0,47.0,2.0
126,3,9.0,0.0,43.0,2.0
126,4,0.0,4.0,0.0,28.0
126,5,19.0,24.0,36.0,63.0
126,6,40.0,6.0,48.0,30.0
126,7,45.0,6.0,1.0,19.0
126,8,2.0,7.0,18.0,3.0
126,9,56.0,3.0,18.0,48.0
126,10,51.0,6.0,19.0,23.0
126,11,48.0,18.0,15.0,26.0
126,12,6.0,12.0,30.0,2.0
126,13,53.0,12.0,51.0,62.0
126,14,57.0,12.0,18.0,10.0
126,15,7.0,12.0,28.0,58.0
126,16,47.0,24.0,21.0,2.0
126,17,14.0,6.0,28.0,2.0
126,18,5.0,12.0,32.0,59.0
126,19,54.0,23.0,42.0,63.0
126,20,22.0,24.0,36.0,9.0
126,21,33.0,18.0,48.0,6.0
126,22,47.0,6.0,5.0,20.0
126,23,6.0,12.0,1.0,53.0
126,24,7.0,6.0,14.0,2.0
126,25,46.0,12.0,8.0,30.0
127,1,55.0,8.0,24.0,15.0
127,2,7.0,0.0,47.0,2.0
127,3,9.0,0.0,43.0,2.0
127,4,0.0,4.0,0.0,28.0
127,5,18.5,24.0,36.0,63.5
127,6,40.0,6.0,48.0,30.0
127,7,45.0,6.0,1.0,19.0
127,8,2.0,7.0,18.0,3.0
127,9,56.0,3.0,18.0,48.0
127,10,51.0,6.0,19.0,23.0
127,11,48.0,18.0,15.0,26.0
127,12,6.0,12.0,30.0,2.0
127,13,53.0,12.0,51.0,62.0
127,14,57.0,12.0,18.0,10.0
127,15,7.0,12.0,28.0,58.0
127,16,47.0,24.0,21.0,2.0
127,17,14.0,6.0,28.0,2.0
127,18,5.0,12.0,32.0,59.0
127,19,54.0,23.5,42.0,63.5
127,20,22.0,24.0,36.0,9.0
127,21,33.0,18.0,48.0,6.0
127,22,47.0,6.0,5.0,20.0
127,23,6.0,12.0,1.0,53.0
127,24,7.0,6.0,14.0,2.0
127,25,46.0,12.0,8.0,30.0
128,1,55.0,8.0,24.0,15.0
128,2,7.0,0.0,47.0,2.0
128,3,9.0,0.0,43.0,2.0
128,4,0.0,4.0,0.0,28.0
128,5,18.0,24.0,36.0,64.0
128,6,40.0,6.0,48.0,30.0
128,7,45.0,6.0,1.0,19.0
128,8,2.0,7.0,18.0,3.0
128,9,56.0,3.0,18.0,48.0
128,10,51.0,6.0,19.0,23.0
128,11,48.0,18.0,15.0,26.0
128,12,6.0,12.0,30.0,2.0
128,13,53.0,12.0,51.0,62.0
128,14,57.0,12.0,18.0,10.0
128,15,7.0,12.0,28.0,58.0
128,16,47.0,24.0,21.0,2.0
128,17,14.0,6.0,28.0,2.0
128,18,5.0,12.0,32.0,59.0
128,19,54.0,24.0,42.0,64.0
128,20,22.0,24.0,36.0,9.0
128,21,33.0,18.0,48.0,6.0
128,22,47.0,6.0,5.0,20.0
128,23,6.0,12.0,1.0,53.0
128,24,7.0,6.0,14.0,2.0
128,25,46.0,12.0,8.0,30.0
129,1,55.0,8.0,24.0,15.0
129,2,7.0,0.0,47.0,2.0
129,3,9.0,0.0,43.0,2.0
129,4,0.0,4.0,0.0,28.0
129,5,17.5,24.0,36.0,64.5
129,6,40.0,6.0,48.0,30.0
129,7,45.0,6.0,1.0,19.0
129,8,2.0,7.0,18.0,3.0
129,9,56.0,3.0,18.0,48.0
129,10,51.0,6.0,19.0,23.0
129,11,48.0,18.0,15.0,26.0
129,12,6.0,12.0,30.0,2.0
129,13,53.0,12.0,51.0,62.0
129,14,57.0,12.0,18.0,10.0
129,15,7.0,12.0,28.0,58.0
129,16,47.0,24.0,21.0,2.0
129,17,14.0,6.0,28.0,2.0
129,18,5.0,12.0,32.0,59.0
129,19,54.0,24.0,41.5,64.5
129,20,22.0,24.0,36.0,9.0
129,21,33.0,18.0,48.0,6.0
129,22,47.0,6.0,5.0,20.0
129,23,6.0,12.0,1.0,53.0
129,24,7.0,6.0,14.0,2.0
129,25,46.0,12.0,8.0,30.0
130,1,55.0,8.0,24.0,15.0
130,2,7.0,0.0,47.0,2.0
130,3,9.0,0.0,43.0,2.0
130,4,0.0,4.0,0.0,28.0
130,5,17.0,24.0,36.0,65.0
130,6,40.0,6.0,48.0,30.0
130,7,45.0,6.0,1.0,19.0
130,8,2.0,7.0,18.0,3.0
130,9,56.0,3.0,18.0,48.0
130,10,51.0,6.0,19.0,23.0
130,11,48.0,18.0,15.0,26.0
130,12,6.0,12.0,30.0,2.0
130,13,53.0,12.0,51.0,62.0
130,14,57.0,12.0,18.0,10.0
130,15,7.0,12.0,28.0,58.0
130,16,47.0,24.0,21.0,2.0
130,17,14.0,6.0,28.0,2.0
130,18,5.0,12.0,32.0,59.0
130,19,54.0,24.0,41.0,65.0
130,20,22.0,24.0,36.0,9.0
130,21,33.0,18.0,48.0,6.0
130,22,47.0,6.0,5.0,20.0
130,23,6.0,12.0,1.0,53.0
130,24,7.0,6.0,14.0,2.0
130,25,46.0,12.0,8.0,30.0
131,1,55.0,8.0,24.0,15.0
131,2,7.0,0.0,47.0,2.0
131,3,9.0,0.0,43.0,2.0
131,4,0.0,4.0,0.0,28.0
131,5,16.5,24.0,36.0,65.5
131,6,40.0,6.0,48.0,30.0
131,7,45.0,6.0,1.0,19.0
131,8,2.0,7.0,18.0,3.0
131,9,56.0,3.0,18.0,48.0
131,10,51.0,6.0,19.0,23.0
131,11,48.0,18.0,15.0,26.0
131,12,6.0,12.0,30.0,2.0
131,13,53.0,12.0,51.0,62.0
131,14,57.0,12.0,18.0,10.0
131,15,7.0,12.0,28.0,58.0
131,16,47.0,24.0,21.0,2.0
131,17,14.0,6.0,28.0,2.0
131,18,5.0,12.0,32.0,59.0
131,19,54.0,24.0,40.5,65.5
131,20,22.0,24.0,36.0,9.0
131,21,33.0,18.0,48.0,6.0
131,22,47.0,6.0,5.0,20.0
131,23,6.0,12.0,1.0,53.0
131,24,7.0,6.0,14.0,2.0
131,25,46.0,12.0,8.0,30.0
132,1,55.0,8.0,24.0,15.0
132,2,7.0,0.0,47.0,2.0
132,3,9.0,0.0,43.0,2.0
132,4,0.0,4.0,0.0,28.0
132,5,16.0,24.0,36.0,66.0
132,6,40.0,6.0,48.0,30.0
132,7,45.0,6.0,1.0,19.0
132,8,2.0,7.0,18.0,3.0
132,9,56.0,3.0,18.0,48.0
132,10,51.0,6.0,19.0,23.0
132,11,48.0,18.0,15.0,26.0
132,12,6.0,12.0,30.0,2.0
132,13,53.0,12.0,51.0,62.0
132,14,57.0,12.0,18.0,10.0
132,15,7.0,12.0,28.0,58.0
132,16,47.0,24.0,21.0,2.0
132,17,14.0,6.0,28.0,2.0
132,18,5.0,12.0,32.0,59.0
132,19,54.0,24.0,40.0,66.0
132,20,22.0,24.0,36.0,9.0
132,21,33.0,18.0,48.0,6.0
132,22,47.0,6.0,5.0,20.0
132,23,6.0,12.0,1.0,53.0
132,24,7.0,6.0,14.0,2.0
132,25,46.0,12.0,8.0,30.0
133,1,55.0,8.0,24.0,15.0
133,2,7.0,0.0,47.0,2.0
133,3,9.0,0.0,43.0,2.0
133,4,0.0,4.0,0.0,28.0
133,5,15.5,24.0,36.0,66.5
133,6,40.0,6.0,48.0,30.0
133,7,45.0,6.0,1.0,19.0
133,8,2.0,7.0,18.0,3.0
133,9,56.0,3.0,18.0,48.0
133,10,51.0,6.0,19.0,23.0
133,11,48.0,18.0,15.0,26.0
133,12,6.0,12.0,30.0,2.0
133,13,53.0,12.0,51.0,62.0
133,14,57.0,12.0,18.0,10.0
133,15,7.0,12.0,28.0,58.0
133,16,47.0,24.0,21.0,2.0
133,17,14.0,6.0,28.0,2.0
133,18,5.0,12.0,32.0,59.0
133,19,54.0,24.0,39.5,66.5
133,20,22.0,24.0,36.0,9.0
133,21,33.0,18.0,48.0,6.0
133,22,47.0,6.0,5.0,20.0
133,23,6.0,12.0,1.0,53.0
133,24,7.0,6.0,14.0,2.0
133,25,46.0,12.0,8.0,30.0
134,1,55.0,8.0,24.0,15.0
134,2,7.0,0.0,47.0,2.0
134,3,9.0,0.0,43.0,2.0
134,4,0.0,4.0,0.0,28.0
134,5,15.0,24.0,36.0,67.0
134,6,40.0,6.0,48.0,30.0
134,7,45.0,6.0,1.0,19.0
134,8,2.0,7.0,18.0,3.0
134,9,56.0,3.0,18.0,48.0
134,10,51.0,6.0,19.0,23.0
134,11,48.0,18.0,15.0,26.0
134,12,6.0,12.0,30.0,2.0
134,13,53.0,12.0,51.0,62.0
134,14,57.0,12.0,18.0,10.0
134,15,7.0,12.0,28.0,58.0
134,16,47.0,24.0,21.0,2.0
134,17,14.0,6.0,28.0,2.0
134,18,5.0,12.0,32.0,59.0
134,19,54.0,24.0,39.0,67.0
134,20,22.0,24.0,36.0,9.0
134,21,33.0,18.0,48.0,6.0
134,22,47.0,6.0,5.0,20.0
134,23,6.0,12.0,1.0,53.0
134,24,7.0,6.0,14.0,2.0
134,25,46.0,12.0,8.0,30.0
135,1,55.0,8.0,24.0,15.0
135,2,7.0,0.0,47.0,2.0
135,3,9.0,0.0,43.0,2.0
135,4,0.0,4.0,0.0,28.0
135,5,14.5,24.0,36.0,67.5
135,6,40.0,6.0,48.0,30.0
135,7,45.0,6.0,1.0,19.0
135,8,2.0,7.0,18.0,3.0
135,9,56.0,3.0,18.0,48.0
135,10,51.0,6.0,19.0,23.0
135,11,48.0,18.0,15.0,26.0
135,12,6.0,12.0,30.0,2.0
135,13,53.0,12.0,51.0,62.0
135,14,57.0,12.0,18.0,10.0
135,15,7.0,12.0,28.0,58.0
135,16,47.0,24.0,21.0,2.0
135,17,14.0,6.0,28.0,2.0
135,18,5.0,12.0,32.0,59.0
135,19,54.0,24.0,39.0,67.0
135,20,22.0,24.0,36.0,9.0
135,21,33.0,18.0,48.0,6.0
135,22,47.0,6.0,5.0,20.0
135,23,6.0,12.0,1.0,53.0
135,24,7.0,6.0,14.0,2.0
135,25,46.0,12.0,8.0,30.0
136,1,55.0,8.0,24.0,15.0
136,2,7.0,0.0,47.0,2.0
136,3,9.0,0.0,43.0,2.0
136,4,0.0,4.0,0.0,28.0
136,5,14.0,24.0,36.0,68.0
136,6,40.0,6.0,48.0,30.0
136,7,45.0,6.0,1.0,19.0
136,8,2.0,7.0,18.0,3.0
136,9,56.0,3.0,18.0,48.0
136,10,51.0,6.0,19.0,23.0
136,11,48.0,18.0,15.0,26.0
136,12,6.0,12.0,30.0,2.0
136,13,53.0,12.0,51.0,62.0
136,14,57.0,12.0,18.0,10.0
136,15,7.0,12.0,28.0,58.0
136,16,47.0,24.0,21.0,2.0
136,17,14.0,6.0,28.0,2.0
136,18,5.0,12.0,32.0,59.0
136,19,54.0,24.0,39.0,67.0
136,20,22.0,24.0,36.0,9.0
136,21,33.0,18.0,48.0,6.0
136,22,47.0,6.0,5.0,20.0
136,23,6.0,12.0,1.0,53.0
136,24,7.0,6.0,14.0,2.0
136,25,46.0,12.0,8.0,30.0
137,1,55.0,8.0,24.0,15.0
137,2,7.0,0.0,47.0,2.0
137,3,9.0,0.0,43.0,2.0
137,4,0.0,4.0,0.0,28.0
137,5,14.0,24.0,36.5,68.5
137,6,40.0,6.0,48.0,30.0
137,7,45.0,6.0,1.0,19.0
137,8,2.0,7.0,18.0,3.0
137,9,56.0,3.0,18.0,48.0
137,10,51.0,6.0,19.0,23.0
137,11,48.0,18.0,15.0,26.0
137,12,6.0,12.0,30.0,2.0
137,13,53.0,12.0,51.0,62.0
137,14,57.0,12.0,18.0,10.0
137,15,7.0,12.0,28.0,58.0
137,16,47.0,24.0,21.0,2.0
137,17,14.0,6.0,28.0,2.0
137,18,5.0,12.0,32.0,59.0
137,19,54.0,24.0,39.0,67.0
137,20,22.0,24.0,36.0,9.0
137,21,33.0,18.0,48.0,6.0
137,22,47.0,6.0,5.0,20.0
137,23,6.0,12.0,1.0,53.0
137,24,7.0,6.0,14.0,2.0
137,25,46.0,12.0,8.0,30.0
138,1,55.0,8.0,24.0,15.0
138,2,7.0,0.0,47.0,2.0
138,3,9.0,0.0,43.0,2.0
138,4,0.0,4.0,0.0,28.0
138,5,14.0,24.0,37.0,69.0
138,6,40.0,6.0,48.0,30.0
138,7,45.0,6.0,1.0,19.0
138,8,2.0,7.0,18.0,3.0
138,9,56.0,3.0,18.0,48.0
138,10,51.0,6.0,19.0,23.0
138,11,48.0,18.0,15.0,26.0
138,12,6.0,12.0,30.0,2.0
138,13,53.0,12.0,51.0,62.0
138,14,57.0,12.0,18.0,10.0
138,15,7.0,12.0,28.0,58.0
138,16,47.0,24.0,21.0,2.0
138,17,14.0,6.0,28.0,2.0
138,18,5.0,12.0,32.0,59.0
138,19,54.0,24.0,39.0,67.0
138,20,22.0,24.0,36.0,9.0
138,21,33.0,18.0,48.0,6.0
138,22,47.0,6.0,5.0,20.0
138,23,6.0,12.0,1.0,53.0
138,24,7.0,6.0,14.0,2.0
138,25,46.0,12.0,8.0,30.0
139,1,55.0,8.0,24.0,15.0
139,2,7.0,0.0,47.0,2.0
139,3,9.0,0.0,43.0,2.0
139,4,0.0,4.0,0.0,28.0
139,5,14.0,24.0,37.5,69.5
139,6,40.0,6.0,48.0,30.0
139,7,45.0,6.0,1.0,19.0
139,8,2.0,7.0,18.0,3.0
139,9,56.0,3.0,18.0,48.0
139,10,51.0,6.0,19.0,23.0
139,11,48.0,18.0,15.0,26.0
139,12,6.0,12.0,30.0,2.0
139,13,53.0,12.0,51.0,62.0
139,14,57.0,12.0,18.0,10.0
139,15,7.0,12.0,28.0,58.0
139,16,47.0,24.0,21.0,2.0
139,17,14.0,6.0,28.0,2.0
139,18,5.0,12.0,32.0,59.0
139,19,54.0,24.0,39.0,67.0
139,20,22.0,24.0,36.0,9.0
139,21,33.0,18.0,48.0,6.0
139,22,47.0,6.0,5.0,20.0
139,23,6.0,12.0,1.0,53.0
139,24,7.0,6.0,14.0,2.0
139,25,46.0,12.0,8.0,30.0
140,1,55.0,8.0,24.0,15.0
140,2,7.0,0.0,47.0,2.0
140,3,9.0,0.0,43.0,2.0
140,4,0.0,4.0,0.0,28.0
140,5,14.0,24.0,38.0,70.0
140,6,40.0,6.0,48.0,30.0
140,7,45.0,6.0,1.0,19.0
140,8,2.0,7.0,18.0,3.0
140,9,56.0,3.0,18.0,48.0
140,10,51.0,6.0,19.0,23.0
140,11,48.0,18.0,15.0,26.0
140,12,6.0,12.0,30.0,2.0
140,13,53.0,12.0,51.0,62.0
140,14,57.0,12.0,18.0,10.0
140,15,7.0,12.0,28.0,58.0
140,16,47.0,24.0,21.0,2.0
140,17,14.0,6.0,28.0,2.0
140,18,5.0,12.0,32.0,59.0
140,19,54.0,24.0,39.0,67.0
140,20,22.0,24.0,36.0,9.0
140,21,33.0,18.0,48.0,6.0
140,22,47.0,6.0,5.0,20.0
140,23,6.0,12.0,1.0,53.0
140,24,7.0,6.0,14.0,2.0
140,25,46.0,12.0,8.0,30.0
