episode,map,scen,agents,reward,completed,completion_rate,collisions,recovery_invocations,recovery_forced,recovery_resolved,recovery_wasted,recovery_preemptive,recovery_preemptive_success,risk_steps,risk_steps_acted,warning_steps,intervention_rate,brake_duty_cycle,mean_peer_gap,errors_injected,handovers_completed,retired_recalled,action_override_rate,gradient_agreement,mean_hops_remaining,incomplete_dead_rescue_late,incomplete_moving,incomplete_waiting,incomplete_dead_rescued,incomplete_rescuer_busy,incomplete_total,hops_dead_rescue_late,hops_moving,hops_waiting,hops_dead_rescued,hops_rescuer_busy,start_hops_dead_rescue_late,start_hops_moving,start_hops_waiting,start_hops_dead_rescued,start_hops_rescuer_busy,steps_held_dead_rescue_late,steps_held_moving,steps_held_waiting,steps_held_dead_rescued,steps_held_rescuer_busy,steps_waiting_dead_rescue_late,steps_waiting_moving,steps_waiting_waiting,steps_waiting_dead_rescued,steps_waiting_rescuer_busy,start_hops_delivered,steps_held_delivered,steps_waiting_delivered,sep_pairs,sep_min,sep_mean_nearest,sep_within_collision,sep_within_warning,sep_pct_within_warning,tier1_real_escapes,tier1_noop_escapes,tier1_rejected_occupied,tier1_rejected_obstacle,tier2_rejected_obstacle,recurrence_escalations,recurrence_pairs_tracked,doorstep_steps,doorstep_arrived,doorstep_closer,doorstep_idle,doorstep_away,doorstep_overridden,doorstep_peer_within_warning,doorstep_step_in_rate,doorstep_idle_rate,convoy_fleets_exempted,convoy_invocations_skipped,convoy_splats_skipped,orders_total,orders_delivered,orders_undelivered,orders_inherited,orders_inherited_delivered,orders_stranded_in_open_pickups,sep_warning_splats,loss_goal,loss_safety,loss_integrity,loss_rescue,loss_time,incomplete_dead_no_pickup,hops_dead_no_pickup,start_hops_dead_no_pickup,steps_held_dead_no_pickup,steps_waiting_dead_no_pickup,incomplete_livelocked,hops_livelocked,start_hops_livelocked,steps_held_livelocked,steps_waiting_livelocked,incomplete_yielding,hops_yielding,start_hops_yielding,steps_held_yielding,steps_waiting_yielding
1,25_5_2_5_2_1,25_5_2_5_2_1_StartGoalLocations_Seed8.csv,46,-30789.088402867317,28,0.6086956521739131,38,13,37,38,0,12,0,13,13,12,1.0,0.5295201980302312,2.9268207198391782,2,1,2,0.5150223625361747,0.6031044461983689,7.125268646412426,1.0,10.0,7.0,1.0,1.0,20,6.97,6.36,8.37,6.5,6.1,11.0,11.05,10.57,11.0,5.0,0.0,36.7,101.0,0.0,0.0,1.0,144.2,721.4,0.0,0.0,8.08,12.4,13.1,153,0.89,2.32,0.0,8.0,5.23,72,0,79,0,0,13,25,185,0,125,4,56,0,15,0.6757,0.0216,35,0,666,46,28,18,1,0,1,6662,0.4768897594005618,0.38055300632863254,0.29590623633434093,0.0023447543744731674,0.024696122159224246,,,,,,,,,,,,,,,
2,25_5_2_5_2_1,25_5_2_5_2_1_StartGoalLocations_Seed7.csv,46,-126.14158880710602,41,0.8913043478260869,1,0,1,1,1,0,0,0,0,0,0.0,0.0861685214626391,5.95984462110151,1,0,1,0.014467408585055644,0.4166004134202576,6.432099080085754,1.0,4.0,,,1.0,6,14.0,7.29,,,3.0,20.0,10.5,,,3.0,0.0,0.0,,,0.0,1.0,3.8,,,3.0,7.67,0.0,1.0,10,3.89,6.75,0.0,0.0,0.0,2,0,1,0,0,0,1,143,0,79,3,61,0,7,0.5524,0.021,0,0,103,46,41,5,0,0,1,164,0.49060662652297715,0.1927547648935238,0.10092639077920466,0.0010682807505739819,0.107505785644327,,,,,,,,,,,,,,,
3,25_5_2_5_2_1,25_5_2_5_2_1_StartGoalLocations_Seed4.csv,46,1893.2991342246532,42,0.9130434782608695,2,1,2,2,16,1,0,1,1,1,1.0,0.03612903225806452,5.878472278843278,2,1,2,0.16276497695852535,0.6836866359447005,7.187737703323364,,4.0,,1.0,,6,,7.19,,8.13,,,18.75,,12.0,,,0.0,,0.0,,,0.2,,3.0,,8.36,0.0,0.2,6,3.3,11.19,0.0,0.0,0.0,6,0,3,0,0,0,3,406,0,277,7,122,0,10,0.6823,0.0172,0,0,31,46,42,4,1,1,0,65,0.6013733871281147,0.15929392649587698,0.09166282063986107,0.0008520787466894523,0.09810315651319376,1.0,0.06,5.06,0.0,1.0,,,,,,,,,,
4,25_5_2_5_2_1,25_5_2_5_2_1_StartGoalLocations_Seed8.csv,46,-344.5116628110409,40,0.8695652173913043,12,1,12,12,10,1,0,1,1,1,1.0,0.09054431263084438,5.295727119335888,2,0,1,0.32392402857640706,0.7748124890982034,6.042800998687744,2.0,3.0,,,2.0,7,4.61,9.08,,,1.49,9.5,9.67,,,3.49,10.0,10.7,,,7.5,26.5,6.7,,,7.0,8.31,0.4,0.6,10,4.7,7.11,0.0,0.0,0.0,19,0,9,0,0,0,6,430,0,301,8,121,0,23,0.7,0.0186,0,0,67,46,40,6,0,0,2,202,0.6652861494843553,0.18097915339578943,0.09752261899184526,0.0014327042504125374,0.11156604381721104,,,,,,,,,,,,,,,
5,25_5_2_5_2_1,25_5_2_5_2_1_StartGoalLocations_Seed1.csv,46,5427.779785722494,46,1.0,0,1,0,0,2,1,1,1,1,1,1.0,0.020905923344947737,6.874303163344021,0,0,0,0.0,0.7726480836236934,0.0,,,,,,0,,,,,,,,,,,,,,,,,,,,,7.22,0.0,0.0,0,,,,,,2,0,0,0,0,0,1,128,0,91,4,33,0,8,0.7109,0.0312,0,0,2,46,46,0,0,0,0,6,0.7098232448101044,0.16886746066311994,0.12204800181090832,0.0005571280522660042,0.16535257908205192,,,,,,,,,,,,,,,
6,25_5_2_5_2_1,25_5_2_5_2_1_StartGoalLocations_Seed5.csv,46,1915.5600172877312,44,0.9565217391304348,9,4,9,9,13,4,2,4,4,4,1.0,0.17994241842610365,5.732502629683709,2,2,2,0.2852687140115163,0.7643953934740882,6.054725646972656,,2.0,,2.0,,4,,6.05,,11.39,,,11.0,,22.5,,,7.5,,5.0,,,13.0,,1.0,,8.38,0.6,1.4,1,13.11,13.11,0.0,0.0,0.0,22,0,11,0,0,4,9,108,0,95,0,13,0,3,0.8796,0.0,0,0,201,46,44,2,2,2,0,247,0.8432546506204256,0.18136785700008637,0.11217950618621417,0.0020453037693076155,0.13563479248990828,,,,,,,,,,,,,,,
7,25_5_2_5_2_1,25_5_2_5_2_1_StartGoalLocations_Seed8.csv,46,431.4132305085659,40,0.8695652173913043,4,0,4,4,8,0,0,1,1,1,1.0,0.08202781200492872,7.227314476523784,1,0,0,0.3045238514346066,0.8195422535211268,6.669081020355224,1.0,4.0,,,1.0,6,5.0,8.33,,,0.03,12.0,11.25,,,3.0,0.0,0.0,,,0.0,1.0,5.5,,,1.0,8.28,0.0,0.7,10,7.0,11.7,0.0,0.0,0.0,8,0,4,0,0,0,4,441,0,391,8,42,0,9,0.8866,0.0181,2,1,171,46,40,6,0,0,1,69,0.8862785814193691,0.18964441568567986,0.1223530484272576,0.002925813631377312,0.1598387983161956,,,,,,,,,,,,,,,
8,25_5_2_5_2_1,25_5_2_5_2_1_StartGoalLocations_Seed0.csv,46,-2120.128278672695,39,0.8478260869565217,7,1,7,7,12,1,0,1,1,1,1.0,0.07995394652680056,5.970096851715853,2,1,2,0.2541245683591252,0.5228290062667861,6.586992400033133,1.0,6.0,,1.0,1.0,9,7.0,7.68,,5.96,0.0,15.0,13.0,,12.0,2.0,0.0,1.7,,0.0,0.0,2.0,5.3,,10.0,0.0,8.04,0.3,0.5,21,3.22,6.89,0.0,0.0,0.0,14,0,11,0,0,1,6,584,0,500,17,67,0,8,0.8562,0.0291,0,0,143,46,39,7,1,1,1,201,0.9417259828528253,0.1967325660331947,0.11941579619831429,0.0016956687917239078,0.18627307218238257,,,,,,,,,,,,,,,
9,25_5_2_5_2_1,25_5_2_5_2_1_StartGoalLocations_Seed0.csv,46,4286.952777087688,45,0.9782608695652174,3,3,3,3,3,3,2,4,4,4,1.0,0.1685330347144457,5.336297121987765,1,0,0,0.0514829322887521,0.7185730464326161,0.0,,,,,,1,,,,,,,,,,,,,,,,,,,,,8.56,0.2,0.5,0,,,,,,13,0,7,0,0,2,5,142,0,92,6,44,0,2,0.6479,0.0423,12,1,72,46,45,1,0,0,0,76,0.9750837053724392,0.17792966192264756,0.13252238068216576,0.001542974669870298,0.21724395118207632,1.0,7.5,12.0,20.0,16.0,,,,,,,,,,
10,25_5_2_5_2_1,25_5_2_5_2_1_StartGoalLocations_Seed5.csv,46,-332.0311824083328,40,0.8695652173913043,3,2,3,3,22,2,0,2,2,2,1.0,0.08647990255785627,6.579110625164808,1,0,0,0.25595963111188447,0.6450611648712798,5.084868240356445,1.0,4.0,,,1.0,6,9.0,6.04,,,1.27,12.0,11.0,,,1.77,10.0,2.5,,,10.0,16.0,5.2,,,11.0,7.05,1.2,1.5,10,4.85,9.33,0.0,0.0,0.0,16,0,8,0,0,1,9,93,0,74,2,17,0,3,0.7957,0.0215,2,0,80,46,40,6,0,0,1,170,1.0310216830271046,0.19046072744332798,0.15208971961969284,0.0019069869074727892,0.22344264465088887,,,,,,,,,,,,,,,
11,25_5_2_5_2_1,25_5_2_5_2_1_StartGoalLocations_Seed3.csv,46,-1570.106187492609,41,0.8913043478260869,11,4,11,11,11,4,2,6,6,6,1.0,0.09794864828148349,5.067400954547354,3,2,3,0.16784356328082564,0.7161868549701249,7.843554592132568,1.0,4.0,,2.0,1.0,8,2.38,9.55,,4.07,1.0,8.0,15.75,,7.5,1.0,35.0,2.5,,0.0,10.0,30.0,2.8,,0.5,8.0,8.12,2.5,3.4,10,4.52,7.18,0.0,0.0,0.0,30,0,19,0,0,5,11,379,0,313,23,43,0,6,0.8259,0.0607,10,2,84,46,41,5,2,2,1,300,1.0353708241407464,0.18711618170278466,0.16118493060376948,0.0029920931502424425,0.2570565376816908,,,,,,,,,,,,,,,
12,25_5_2_5_2_1,25_5_2_5_2_1_StartGoalLocations_Seed1.csv,46,-2754.847786426544,40,0.8695652173913043,9,11,8,9,18,10,0,11,11,10,1.0,0.24293228139381987,5.093831882561648,2,0,1,0.3552890932982917,0.7178055190538765,9.708466339111329,2.0,3.0,,,2.0,7,4.22,13.48,,,4.06,5.5,15.67,,,3.53,45.5,131.3,,,65.0,34.0,132.7,,,36.0,6.77,9.4,15.1,10,4.2,7.21,0.0,0.0,0.0,35,0,35,0,0,11,6,118,0,78,5,35,0,34,0.661,0.0424,0,0,54,46,40,6,0,0,2,895,1.0030878060474628,0.19018755197388734,0.1682523111994492,0.002081532655089044,0.27743273042028815,,,,,,,,,,,,,,,
13,25_5_2_5_2_1,25_5_2_5_2_1_StartGoalLocations_Seed4.csv,46,-648.2075406685472,43,0.9347826086956522,9,16,9,9,20,16,7,16,16,16,1.0,0.2556390977443609,4.299682952504506,1,0,1,0.3313717532467532,0.6159155501421031,10.04418396949768,1.0,2.0,,,1.0,4,5.38,14.07,,,2.0,8.0,15.5,,,3.0,10.0,130.0,,,0.0,31.0,80.5,,,9.0,8.33,7.4,6.7,3,3.35,15.04,0.0,0.0,0.0,40,0,19,0,0,18,7,127,0,88,12,27,0,4,0.6929,0.0945,5,0,83,46,43,3,0,0,1,594,1.0507237323173662,0.2028248940549064,0.1763746103885152,0.0024314481580074423,0.31699470357299303,,,,,,,,,,,,,,,
14,25_5_2_5_2_1,25_5_2_5_2_1_StartGoalLocations_Seed8.csv,46,1677.3356327936053,44,0.9565217391304348,6,6,6,6,37,6,1,6,6,6,1.0,0.07446034440941063,5.970138906651899,3,3,3,0.16375968992248063,0.7175387596899225,4.993701934814453,,1.0,,3.0,,5,,2.29,,11.06,,,9.0,,15.33,,,0.0,,23.3,,,5.0,,15.0,,7.29,1.8,1.0,1,26.01,26.01,0.0,0.0,0.0,21,0,9,0,0,6,6,146,0,112,8,26,0,3,0.7671,0.0548,2,0,27,46,44,2,3,2,0,127,1.078765874047105,0.19027836701787282,0.19571824005191646,0.0027438934346832866,0.33676835041629466,,,,,,1.0,7.69,10.19,0.0,0.0,,,,,
15,25_5_2_5_2_1,25_5_2_5_2_1_StartGoalLocations_Seed1.csv,46,1446.4137789905071,43,0.9347826086956522,4,5,4,4,33,5,4,5,5,5,1.0,0.0998185117967332,5.458731240848123,1,1,1,0.11748695849398956,0.49580403719664323,4.92803955078125,,3.0,,1.0,,4,,4.93,,1.5,,,9.33,,6.0,,,21.7,,0.0,,,26.7,,5.0,,7.4,1.7,2.7,3,4.5,11.54,0.0,0.0,0.0,19,0,8,0,0,4,7,143,0,82,18,43,0,1,0.5734,0.1259,8,0,33,46,43,3,1,1,0,188,1.100029289540721,0.20627877930769833,0.20348231196857808,0.002637161582664448,0.3461951435146081,,,,,,,,,,,,,,,
16,25_5_2_5_2_1,25_5_2_5_2_1_StartGoalLocations_Seed4.csv,46,2538.980159573257,46,1.0,5,10,5,5,25,10,2,10,10,10,1.0,0.15842490842490842,5.929841904949865,4,3,4,0.15523025312595304,0.5980481854223849,0.0,,,,3.0,,4,,,,6.72,,,,,13.0,,,,,5.3,,,,,4.0,,8.49,6.7,4.7,0,,,,,,42,0,23,0,0,9,13,383,0,184,44,155,0,20,0.4804,0.1149,4,0,35,46,46,0,3,3,0,279,1.127797230242109,0.20140621911353207,0.2314162937733698,0.00343638051708582,0.3773200220625122,1.0,3.0,4.0,0.0,6.0,,,,,,,,,,
17,25_5_2_5_2_1,25_5_2_5_2_1_StartGoalLocations_Seed0.csv,46,-3113.3002478778362,42,0.9130434782608695,18,22,16,18,32,20,8,22,22,20,1.0,0.21064779196799507,5.651710206399993,1,0,1,0.19370199692780338,0.48863287250384024,7.87012505531311,1.0,3.0,,,1.0,5,2.0,7.16,,,10.0,14.0,12.67,,,2.0,0.0,110.7,,,10.0,5.0,103.3,,,29.0,7.29,8.4,6.1,6,13.25,15.22,0.0,0.0,0.0,57,0,29,0,0,20,10,149,0,90,15,44,0,17,0.604,0.1007,2,0,53,46,42,4,0,0,1,750,1.1642207117342367,0.20608069778351887,0.25648442991532205,0.003416998907332305,0.3813057420139269,,,,,,,,,,,,,,,
18,25_5_2_5_2_1,25_5_2_5_2_1_StartGoalLocations_Seed1.csv,46,1095.798085808754,45,0.9782608695652174,5,10,5,5,62,10,2,11,11,11,1.0,0.13188602442333786,6.2945026749671715,3,3,3,0.20151885001356115,0.5994033089232438,17.0,,1.0,,3.0,,4,,17.0,,8.45,,,17.0,,15.33,,,10.0,,11.7,,,3.0,,11.0,,7.19,4.4,4.0,0,,,,,,37,0,19,0,0,9,9,183,0,103,32,48,0,2,0.5628,0.1749,16,1,53,46,45,1,3,3,0,203,1.1574127133299665,0.22121483702666875,0.2572157403272463,0.004083825873129992,0.4255427686702006,,,,,,,,,,,,,,,
19,25_5_2_5_2_1,25_5_2_5_2_1_StartGoalLocations_Seed1.csv,46,-4261.614859953523,40,0.8695652173913043,10,24,9,10,46,23,8,24,24,23,1.0,0.12032123906496486,5.414230521986838,3,2,2,0.27765042979942695,0.4873925501432665,8.158854436874389,1.0,4.0,,2.0,1.0,8,14.3,9.14,,4.06,4.25,18.0,10.0,,7.5,4.25,0.0,151.5,,0.0,20.0,8.0,76.2,,6.5,15.0,8.43,3.6,2.1,10,2.5,5.32,0.0,0.0,0.0,57,0,31,0,0,24,11,186,0,94,29,63,0,4,0.5054,0.1559,7,0,35,46,40,6,2,2,1,446,1.1991947784656432,0.21705126783515258,0.27521725520945906,0.003965041579731294,0.4200538282964106,,,,,,,,,,,,,,,
20,25_5_2_5_2_1,25_5_2_5_2_1_StartGoalLocations_Seed3.csv,46,-1745.3529209792614,41,0.8913043478260869,3,12,3,3,72,12,6,15,15,15,1.0,0.09069453809844909,5.720924348663979,2,0,1,0.23445137367267824,0.514410921961908,2.1803736686706543,2.0,2.0,,,2.0,6,4.5,1.82,,,2.54,14.5,14.5,,,3.04,26.0,22.5,,,17.5,31.0,7.5,,,5.5,7.58,3.2,3.2,6,3.37,5.51,0.0,0.0,0.0,39,0,20,0,0,11,9,157,0,88,23,46,0,9,0.5605,0.1465,8,3,25,46,41,5,0,0,2,250,1.1907681639238101,0.19717867467893152,0.29795952554701305,0.00486410360804146,0.48454513953907824,,,,,,,,,,,,,,,
21,25_5_2_5_2_1,25_5_2_5_2_1_StartGoalLocations_Seed7.csv,46,-6222.007865488529,42,0.9130434782608695,4,36,3,4,62,35,2,39,39,38,1.0,0.08333333333333333,6.885233629843911,3,2,3,0.20812314060276807,0.46501099469667573,4.853915691375732,,4.0,,2.0,,7,,4.85,,2.0,,,12.0,,17.0,,,19.8,,0.0,,,22.2,,4.0,,8.58,8.3,5.7,6,13.4,16.35,0.0,0.0,0.0,76,0,29,0,0,26,15,191,0,100,37,54,0,3,0.5236,0.1937,14,3,40,46,42,4,2,2,0,291,1.2167900269714798,0.19053166841338504,0.3357172451459053,0.003697392798322908,0.50103129513062,1.0,1.32,3.0,0.0,4.0,,,,,,,,,,
22,25_5_2_5_2_1,25_5_2_5_2_1_StartGoalLocations_Seed9.csv,46,-1004.0404732823372,44,0.9565217391304348,5,14,5,5,90,14,1,14,14,14,1.0,0.1788805539526832,5.574322631408857,4,3,3,0.16060780919407577,0.45547220619349876,2.2902679443359375,,1.0,,3.0,,5,,2.29,,9.38,,,3.21,,14.33,,,0.0,,21.7,,,2.0,,22.3,,8.71,12.5,10.7,0,,,,,,80,0,46,0,0,12,15,326,0,151,74,101,0,23,0.4632,0.227,2,0,38,46,44,2,3,2,0,510,1.1912935035257806,0.19675822194506665,0.34891009150390945,0.0037503070031678406,0.5191057137508944,1.0,6.8,11.0,0.0,0.0,,,,,,,,,,
23,25_5_2_5_2_1,25_5_2_5_2_1_StartGoalLocations_Seed3.csv,46,-10452.291873008013,38,0.8260869565217391,14,30,13,14,78,29,5,30,30,29,1.0,0.15215737419845668,5.812591612552795,1,0,0,0.3008686210640608,0.4059460050278719,12.47014696257455,1.0,6.0,,,1.0,8,3.53,13.95,,,3.6,6.0,15.17,,,3.1,0.0,99.0,,,96.0,4.0,62.8,,,106.0,6.95,20.0,9.9,21,2.6,6.31,0.0,0.0,0.0,110,0,47,0,0,29,10,248,0,109,57,82,0,8,0.4395,0.2298,14,0,71,46,38,8,0,0,1,666,1.209988377552207,0.18701514678711934,0.373739951262932,0.004761342005429569,0.5315136885758853,,,,,,,,,,,,,,,
24,25_5_2_5_2_1,25_5_2_5_2_1_StartGoalLocations_Seed1.csv,46,-39163.85953581333,30,0.6521739130434783,17,108,12,17,0,103,0,108,108,103,1.0,0.7090820490954498,2.904393226886744,1,1,0,0.5420395738203957,0.37561861805425045,14.960948720574379,,3.0,,1.0,,17,,5.68,,7.0,,,7.0,,14.0,,,59.0,,57.0,,,104.3,,24.0,,6.79,36.7,31.3,120,1.0,2.91,0.0,12.0,10.0,425,0,395,0,0,111,33,149,0,61,27,61,0,23,0.4094,0.1812,10,0,85,46,30,16,1,1,0,9718,1.2032260557500327,0.19481281428029987,0.4224474443713339,0.004714986181430759,0.5501286116928408,,,,,,,,,,,13.0,17.1,11.23,722.8,707.7
