episode,map,scen,agents,reward,completed,completion_rate,collisions,recovery_invocations,recovery_forced,recovery_resolved,recovery_wasted,recovery_preemptive,recovery_preemptive_success,risk_steps,risk_steps_acted,warning_steps,intervention_rate,brake_duty_cycle,mean_peer_gap,errors_injected,handovers_completed,retired_recalled,action_override_rate,gradient_agreement,mean_hops_remaining,wave_fired,wave_failures,wave_rescuers_hit,ladder_l3_fired,ladder_l3_fleets,ladder_rules_while_held,ladder_shadow_steps_with_groups,ladder_shadow_groups,ladder_shadow_groups_2,ladder_shadow_groups_3plus,ladder_shadow_max_group,ladder_shadow_cycles_seen,ladder_shadow_cycles_2,ladder_shadow_cycles_3plus,ladder_shadow_cycles_in_corridor,ladder_shadow_max_cycle,ladder_shadow_max_cycle_persist,ladder_shadow_cycles_cleared_in_grace,ladder_retrace_orders,ladder_retrace_hops,ladder_retrace_released,ladder_retrace_timeouts,ladder_retrace_no_room,ladder_retrace_multi,ladder_retrace_skipped_corridor,ladder_retrace_timeout_not_arrived,ladder_retrace_timeout_others_stuck,ladder_retrace_timeout_last_head_on,ladder_retrace_timeout_last_contested,ladder_retrace_timeout_last_blocked,ladder_retrace_timeout_last_following,ladder_retrace_timeout_last_none,ladder_retrace_open,ladder_shadow_cycles_needing_retreat,incomplete_dead_rescued,incomplete_moving,incomplete_total,hops_dead_rescued,hops_moving,start_hops_dead_rescued,start_hops_moving,steps_held_dead_rescued,steps_held_moving,steps_waiting_dead_rescued,steps_waiting_moving,start_hops_delivered,steps_held_delivered,steps_waiting_delivered,sep_pairs,tier1_real_escapes,tier1_noop_escapes,tier1_rejected_occupied,tier1_rejected_obstacle,tier2_rejected_obstacle,recurrence_escalations,recurrence_pairs_tracked,doorstep_steps,doorstep_arrived,doorstep_closer,doorstep_idle,doorstep_away,doorstep_overridden,doorstep_peer_within_warning,doorstep_step_in_rate,doorstep_idle_rate,convoy_fleets_exempted,convoy_invocations_skipped,held_pair_invocations_skipped,rwd_term_pos_goal_baseline,rwd_term_neg_goal_baseline,rwd_term_pos_goal_delivery,rwd_term_neg_goal_delivery,rwd_term_pos_goal_progress,rwd_term_neg_goal_progress,rwd_term_pos_goal_final_approach,rwd_term_neg_goal_final_approach,rwd_term_pos_safety_collision,rwd_term_neg_safety_collision,rwd_term_pos_safety_warning,rwd_term_neg_safety_warning,rwd_term_pos_integrity_coherence,rwd_term_neg_integrity_coherence,rwd_term_pos_integrity_recovery_events,rwd_term_neg_integrity_recovery_events,rwd_term_pos_rescue_pickup,rwd_term_neg_rescue_pickup,rwd_term_pos_rescue_rescue_delivery,rwd_term_neg_rescue_rescue_delivery,rwd_term_pos_time_idle,rwd_term_neg_time_idle,rwd_term_pos_time_overtime,rwd_term_neg_time_overtime,rwd_spread_mean_goal,rwd_spread_std_goal,rwd_spread_mean_safety,rwd_spread_std_safety,rwd_spread_mean_integrity,rwd_spread_std_integrity,rwd_spread_mean_rescue,rwd_spread_std_rescue,rwd_spread_mean_time,rwd_spread_std_time,rwd_shadow_pos_safety,rwd_shadow_neg_safety,rwd_shadow_pos_delivery,rwd_shadow_neg_delivery,rwd_shadow_pos_efficiency,rwd_shadow_neg_efficiency,rwd_shadow_mean_safety,rwd_shadow_std_safety,rwd_shadow_mean_delivery,rwd_shadow_std_delivery,rwd_shadow_mean_efficiency,rwd_shadow_std_efficiency,rwd_shadow_freq_safety,rwd_shadow_typical_safety,rwd_shadow_freq_delivery,rwd_shadow_typical_delivery,rwd_shadow_freq_efficiency,rwd_shadow_typical_efficiency,rwd_live_pos_safety,rwd_live_neg_safety,rwd_live_pos_delivery,rwd_live_neg_delivery,rwd_live_pos_efficiency,rwd_live_neg_efficiency,rwd_approach_total,rwd_standoff_pairsteps,rwd_standoff_longest,rwd_standoff_past_cap,rwd_choice_wait,rwd_choice_follow,rwd_choice_reroute,rwd_choice_proceed,choice_n,choice_policy_wait,choice_policy_toward,choice_policy_away,choice_policy_side,choice_exec_wait,choice_exec_toward,choice_exec_away,choice_exec_side,choice_over_rule,choice_over_hold,choice_over_other,choice_policy_wait_share,choice_exec_wait_share,rwd_warnundo_fleetsteps,rwd_warnundo_mismatched,rwd_warnundo_escaped_kept,rwd_warnundo_error,rwd_all_pos_goal,rwd_all_pos_safety,rwd_all_pos_integrity,rwd_all_pos_rescue,rwd_all_pos_time,rwd_all_neg_goal,rwd_all_neg_safety,rwd_all_neg_integrity,rwd_all_neg_rescue,rwd_all_neg_time,rwd_learned_pos_goal,rwd_learned_pos_safety,rwd_learned_pos_integrity,rwd_learned_pos_rescue,rwd_learned_pos_time,rwd_learned_neg_goal,rwd_learned_neg_safety,rwd_learned_neg_integrity,rwd_learned_neg_rescue,rwd_learned_neg_time,held_pair_fleets_exempted,convoy_splats_skipped,orders_total,orders_delivered,orders_undelivered,orders_inherited,orders_inherited_delivered,orders_stranded_in_open_pickups,sep_warning_splats,preempt_window,preempt_watched,preempt_collided_k,preempt_clear_k,preempt_pending,preempt_prevention_rate,preempt_fleets_hit_k,preempt_fleets_watched,conflict_collapses,conflict_repeat_offences,conflict_max_pair_repeat,conflict_evaluations,conflict_pairs_head_on,conflict_warned_head_on,conflict_pairs_blocked,conflict_warned_blocked,conflict_pairs_following,conflict_warned_following,conflict_pairs_contested,conflict_warned_contested,conflict_pairs_sequential,conflict_warned_sequential,conflict_pairs_none,conflict_warned_none,conflict_pairs_unknown,conflict_warned_unknown,conflict_brake_convoy_exempt,corridor_entry_waits,corridor_entry_contests,corridor_meetings,corridor_retreaters,corridor_released,corridor_timeouts,corridor_no_pullover,corridor_claim_waits,corridor_hold_steps,corridor_entry_pullovers,corridor_stopped_waits,corridor_stopped_cycles_left,corridor_count,corridor_orders_open,corridor_aging_resets,conflict_holds,conflict_holds_at_cap,conflict_hold_steps,path_views,path_seeing_pct,path_routes_seen_mean,path_shared_pct,path_overlap_mean,path_contested_pct,path_contested_next_pct,path_contested_soonest,loss_safety,loss_delivery,loss_efficiency,qval_safety,qval_delivery,qval_efficiency,loss_recovery,qval_recovery,loss_teacher,teacher_agree,teacher_share,teacher_n,incomplete_dead_no_pickup,hops_dead_no_pickup,start_hops_dead_no_pickup,steps_held_dead_no_pickup,steps_waiting_dead_no_pickup
1,25_5_2_5_2_1,25_5_2_5_2_1_StartGoalLocations_Seed1016.csv,40,-3070.420588940382,39,0.975,12,3,12,12,0,3,1,515,3,503,0.005825242718446602,0.2532458467122714,5.9378203612643174,3,3,3,0.301381331100879,0.3827263848193107,11.0,1,2,0,3,6,6,447,726,641,85,4,57,57,0,53,2,6,37,17,17,17,0,3,0,0,0,0,0,0,0,0,0,0,20,3.0,1.0,4,3.53,11.0,12.33,2.0,0.0,5.0,14.0,52.0,7.47,0.7,19.4,0,24,0,17,0,0,2,8,159,0,59,48,52,0,13,0.3711,0.3019,0,0,0,716.7,0.0,3900.0,0.0,4241.146,-3272.591,129.5,0.0,0.0,-1200.0,11.937,-1004.613,0.0,-3082.5,0.0,-2748.0,75.0,0.0,0.0,0.0,0.0,-492.0,0.0,-345.0,0.79737,7.45373,-0.30594,2.8898,-0.81352,1.60846,0.01046,0.51138,-0.11679,0.67134,0.0,-3274.978,3975.0,0.0,5387.036,-3087.615,-0.45695,3.01334,0.55463,7.37361,0.32083,1.44659,0.24264,1.88325,0.00586,94.64286,0.99442,1.18909,0.0,-63.3878,56.4631,0.0,248.5988,-233.6814,-97.203,215,13,24,811,50,449,406,1716,525,600,591,0,811,455,450,0,342,18,343,0.30594405594405594,0.4726107226107226,1709,907,111,-10.697,8745.796,9.067,0.0,75.0,0.0,-3031.041,-2201.742,-5830.5,0.0,-837.0,8745.796,9.067,0.0,75.0,0.0,-3031.041,-2201.742,-5830.5,0.0,-837.0,0,196,40,39,1,3,3,0,748,5,3,0,3,0,1.0,0,6,15,6,4,3200,340,340,1937,1937,2398,786,392,392,16,0,951,335,0,0,586,6,1,6,8,8,0,0,115,222,2,230,1,305,0,248,6,0,30,16323,62.365986644611894,1.9711198428290766,25.797953807510876,1.5805331482506653,16.8106352998836,4.564111989217668,2.556486880466472,0.005518304308668838,0.006764589416038806,0.0015453195494436627,-0.005742615326152067,0.05027157309865693,-0.011432938231054887,0.001897562948672235,0.03533855909191001,0.4363741683765233,0.35629089422028354,0.10274759060383933,88032.0,,,,,
2,50_20_5_10_5_2,50_20_5_10_5_2_StartGoalLocations_Seed1015.csv,40,8108.400084853172,40,1.0,0,0,0,0,0,0,0,25,0,25,0.0,0.0020348179968347276,9.867078452096276,7,7,5,0.08896676463938503,0.5020348179968347,0.0,2,5,0,0,0,0,25,27,27,0,2,0,0,0,0,0,0,0,0,0,0,0,0,0,0,0,0,0,0,0,0,0,0,0,7.0,,7,13.5,,32.57,,0.0,,0.0,,27.59,0.0,0.2,0,0,0,0,0,0,0,0,171,0,102,40,29,0,0,0.5965,0.2339,0,0,0,884.6,0.0,4000.0,0.0,7802.334,-3750.834,0.0,0.0,0.0,0.0,0.8,0.0,0.0,-460.0,0.0,0.0,175.0,0.0,0.0,0.0,0.0,-543.5,0.0,0.0,1.01019,6.80797,9e-05,0.00601,-0.052,0.15263,0.01978,0.70298,-0.06144,0.16415,0.0,-27.0,4175.0,0.0,11340.639,-2184.47,-0.00305,0.03895,0.47196,6.74463,1.03506,1.39147,0.0061,0.5,0.00531,88.82979,0.9939,1.53834,0.0,-0.8071,59.304,0.0,445.8477,-245.3905,-0.684,0,0,0,35,0,9,10,54,35,10,9,0,35,10,9,0,0,0,0,0.6481481481481481,0.6481481481481481,54,2,2,0.8,12436.834,0.8,0.0,175.0,0.0,-3500.734,0.0,-460.0,0.0,-543.5,12436.834,0.8,0.0,175.0,0.0,-3500.734,0.0,-460.0,0.0,-543.5,0,0,40,40,0,7,7,0,27,5,0,0,0,0,,0,0,0,0,0,2272,0,0,104,104,60,0,4,4,0,0,24,0,0,0,106,0,0,0,0,0,0,0,0,0,0,0,0,3200,0,0,0,0,0,23748,6.055246757621695,1.0,3.7813710628263433,1.6040089318657373,3.1160518780528887,0.32844871147043964,3.0945945945945947,0.002233933091164045,0.00494800026189949,0.001632470228466612,0.006773546206387168,0.048513154286077956,0.015021983301520022,0.00438622306672853,0.043083666556541035,0.4100003331421455,0.3584897500216244,0.05311260441398617,23122.0,,,,,
3,25_5_2_5_2_1,25_5_2_5_2_1_StartGoalLocations_Seed1004.csv,60,3977.6730600893497,59,0.9833333333333333,3,0,3,3,0,0,0,140,0,137,0.0,0.18511869140235387,5.625304320615707,3,3,2,0.17055655296229802,0.45820865749052464,16.29799997806549,1,2,0,0,0,0,139,312,289,23,3,21,21,0,16,2,4,15,5,5,5,0,0,0,1,0,0,0,0,0,0,0,0,6,3.0,1.0,4,4.0,16.3,12.67,18.0,0.0,0.0,30.0,16.0,6.9,0.0,4.0,0,6,0,3,0,0,0,3,193,0,102,22,69,0,9,0.5285,0.114,0,0,0,501.3,0.0,5900.0,0.0,3305.509,-2029.098,3.5,0.0,0.0,-300.0,3.151,-423.188,0.0,-1848.0,0.0,-448.0,75.0,0.0,0.0,0.0,0.0,-417.5,0.0,-345.0,1.53226,10.82544,-0.14363,1.73981,-0.45801,0.83036,0.01496,0.61139,-0.1521,0.7908,0.0,-1101.33,5975.0,0.0,3862.086,-2107.364,-0.21969,1.82121,1.1919,10.80034,0.35003,1.45338,0.14024,1.56661,0.01237,96.37097,0.98823,1.20498,0.0,-20.2976,84.8722,0.0,187.8291,-158.2627,-44.707,97,14,24,295,97,157,152,702,235,262,205,0,295,249,158,0,120,0,65,0.33475783475783477,0.4202279202279202,701,289,81,-18.208,9564.657,2.793,0.0,75.0,0.0,-1883.446,-722.83,-2296.0,0.0,-762.5,9564.657,2.793,0.0,75.0,0.0,-1883.446,-722.83,-2296.0,0.0,-762.5,0,121,60,59,1,3,3,0,241,5,0,0,0,0,,0,0,3,0,0,3200,116,116,652,652,1196,484,96,96,12,0,1742,114,0,0,633,3,1,3,4,4,0,0,36,135,1,90,0,305,0,148,0,0,0,13998,61.75167881125875,2.507866728366497,17.159594227746823,1.1885772416221565,10.187169595656522,1.1287326760965852,2.8842917251051894,0.0010933989963268686,0.005807131871697493,0.0017565057043975685,0.00013105215588439024,0.04858665791340172,0.034112908486713424,0.01324399723962415,0.011361780106526567,0.42392383271087825,0.2827020695041,0.047026104412036245,28171.0,,,,,
4,25_5_2_5_2_1,25_5_2_5_2_1_StartGoalLocations_Seed1019.csv,25,3438.766374230385,25,1.0,0,0,0,0,0,0,0,7,0,7,0.0,0.036231884057971016,7.9243033337050095,3,3,2,0.05331262939958592,0.5719461697722568,0.0,1,2,0,0,0,0,6,7,7,0,2,0,0,0,0,0,0,0,0,0,0,0,0,0,0,0,0,0,0,0,0,0,0,0,3.0,,3,6.83,,9.67,,0.0,,0.0,,10.36,0.0,1.0,0,0,0,0,0,0,0,0,115,0,74,9,32,0,0,0.6435,0.0783,0,0,0,193.2,0.0,2500.0,0.0,1722.898,-903.898,0.0,0.0,0.0,0.0,0.0,-9.434,0.0,-82.5,0.0,0.0,75.0,0.0,0.0,0.0,0.0,-56.5,0.0,0.0,1.81791,11.33477,-0.00488,0.05675,-0.0427,0.13974,0.03882,0.98437,-0.02924,0.11733,0.0,-14.808,2575.0,0.0,1974.546,-788.905,-0.00766,0.09224,1.33282,11.33992,0.61369,1.369,0.00725,1.05771,0.01449,91.96429,0.98706,1.44911,0.0,-0.3733,36.5767,0.0,98.4513,-54.8799,-5.804,2,1,0,2,4,4,6,16,1,8,7,0,2,10,4,0,3,0,0,0.0625,0.125,16,10,4,-1.626,4355.098,0.0,0.0,75.0,0.0,-842.898,-9.434,-82.5,0.0,-56.5,4355.098,0.0,0.0,75.0,0.0,-842.898,-9.434,-82.5,0.0,-56.5,0,5,25,25,0,3,3,0,2,5,0,0,0,0,,0,0,0,0,0,1064,0,0,0,0,104,20,6,6,0,0,308,4,0,0,426,0,0,1,2,2,0,0,0,14,1,2,0,305,0,15,0,0,0,4990,58.77755511022044,1.265598363450392,14.488977955911823,1.0727178562473747,8.316633266533065,2.3246492985971945,2.8265060240963855,0.0007808690417349633,0.00593683973332881,0.0023546360242285565,-0.00031987010238583737,0.06140563736452644,0.07603413809118863,0.027244558242758864,-0.004025546977203689,0.40358426346882964,0.2565691955262094,0.043596098312909344,7421.0,,,,,
5,25_5_2_5_2_1,25_5_2_5_2_1_StartGoalLocations_Seed1003.csv,40,2496.848546922207,40,1.0,6,1,6,6,0,1,0,168,1,162,0.005952380952380952,0.1669818967846528,6.557269405043147,8,8,4,0.19816414686825054,0.5680345572354212,0.0,1,4,0,1,2,0,151,183,116,67,3,24,24,0,22,2,3,15,9,9,9,0,0,0,0,0,0,0,0,0,0,0,0,9,8.0,,8,5.95,,9.44,,1.2,,18.0,,7.44,0.3,3.1,0,10,0,5,0,0,1,3,232,0,98,37,97,0,19,0.4224,0.1595,0,0,0,370.4,0.0,4000.0,0.0,2666.657,-1653.225,35.0,0.0,0.0,-600.0,3.513,-319.496,0.0,-1205.5,0.0,-788.0,200.0,0.0,0.0,0.0,0.0,-212.5,0.0,0.0,1.46297,10.38715,-0.2473,2.84181,-0.5382,1.23242,0.054,1.16059,-0.05737,0.15935,0.0,-1271.118,4200.0,0.0,3103.42,-1521.695,-0.34317,2.96042,1.13391,10.39497,0.42703,1.31146,0.13283,2.58357,0.01296,87.5,0.98893,1.26266,0.0,-25.9445,59.6591,0.0,154.3804,-106.6129,-38.896,107,13,28,209,37,122,116,485,90,223,172,0,209,153,123,0,121,12,66,0.18556701030927836,0.4309278350515464,485,254,46,-3.865,6954.637,2.4,0.0,200.0,0.0,-1535.806,-918.383,-1993.5,0.0,-212.5,6954.637,2.4,0.0,200.0,0.0,-1535.806,-918.383,-1993.5,0.0,-212.5,0,71,40,40,0,7,7,0,239,5,1,0,1,0,1.0,0,2,7,4,4,2996,136,136,622,622,897,283,75,75,12,0,1097,136,0,0,804,7,1,7,9,9,0,0,40,16,2,77,0,305,0,36,4,0,20,17892,46.05410239213056,2.087257281553398,20.79141515761234,1.687836044418916,14.218645204560698,5.510842834786497,2.3266509433962264,0.0010529400271810255,0.0059805199433489884,0.0023432696570464483,-0.0022090290775071656,0.07014053404450575,0.07774482042005208,0.023640848932171037,0.007331101477639787,0.4038086190721415,0.2501385181080945,0.044224181169933305,19853.0,,,,,
6,50_20_5_10_5_2,50_20_5_10_5_2_StartGoalLocations_Seed1017.csv,40,7092.399837017059,40,1.0,0,0,0,0,0,0,0,0,0,0,0.0,0.0,9.908330652943068,0,0,0,0.02637504020585397,0.7510453522032808,0.0,0,0,0,0,0,0,0,0,0,0,0,0,0,0,0,0,0,0,0,0,0,0,0,0,0,0,0,0,0,0,0,0,0,0,,,0,,,,,,,,,24.43,0.0,0.0,0,0,0,0,0,0,0,0,83,0,79,3,1,0,0,0.9518,0.0361,0,0,0,310.9,0.0,4000.0,0.0,3603.0,-732.0,0.0,0.0,0.0,0.0,0.0,0.0,0.0,0.0,0.0,0.0,0.0,0.0,0.0,0.0,0.0,-89.5,0.0,0.0,2.31004,11.219,0.0,0.0,0.0,0.0,0.0,0.0,-0.02879,0.11647,0.0,0.0,4000.0,0.0,4789.45,-500.36,0.0,0.0,1.28659,11.26958,1.37957,1.18484,0.0,0.0,0.01287,100.0,0.98713,1.72363,0.0,0.0,56.8182,0.0,205.8857,-46.9429,0.0,0,0,0,0,0,0,0,0,0,0,0,0,0,0,0,0,0,0,0,,,0,0,0,0.0,7865.1,0.0,0.0,0.0,0.0,-683.2,0.0,0.0,0.0,-89.5,7865.1,0.0,0.0,0.0,0.0,-683.2,0.0,0.0,0.0,-89.5,0,0,40,40,0,0,0,0,0,5,0,0,0,0,,0,0,0,0,0,728,0,0,0,0,0,0,0,0,0,0,0,0,0,0,126,0,0,0,0,0,0,0,0,0,0,0,0,3200,0,0,0,0,0,6141,3.289366552678717,1.0,0.0,0.0,0.0,0.0,0.0,0.0007228205245905134,0.007325158502451134,0.0025117895111779346,-0.0022764528937861523,0.10917141063363997,0.106416764658886,0.017894376263759292,0.048417314440574864,0.39595279431099434,0.25904949519822706,0.03940635581639431,4061.0,,,,,
7,50_20_5_10_5_2,50_20_5_10_5_2_StartGoalLocations_Seed1010.csv,40,8145.193027347326,40,1.0,0,0,0,0,0,0,0,18,0,18,0.0,0.016496136980580497,9.616382736680801,5,5,4,0.04238880768427647,0.7122572562121529,0.0,1,3,0,0,0,0,11,11,11,0,2,0,0,0,0,0,0,0,0,0,0,0,0,0,0,0,0,0,0,0,0,0,0,0,5.0,,5,14.9,,36.4,,0.0,,0.6,,28.63,0.0,0.7,0,0,0,0,0,0,0,0,142,0,77,18,47,0,0,0.5423,0.1268,0,0,0,478.9,0.0,4000.0,0.0,5352.6,-1362.6,0.0,0.0,0.0,0.0,0.0,-26.207,0.0,-313.0,0.0,0.0,125.0,0.0,0.0,0.0,0.0,-109.5,0.0,0.0,1.76841,9.10159,-0.00547,0.05989,-0.06536,0.16854,0.0261,0.80738,-0.02286,0.10445,0.0,-40.327,4125.0,0.0,7409.011,-924.18,-0.00842,0.09997,0.86135,9.1343,1.35411,1.28879,0.0071,1.18609,0.0094,91.66667,0.99144,1.75509,0.0,-0.5828,58.5937,0.0,305.8629,-84.12,-2.99,2,1,0,10,12,5,9,36,12,19,5,0,10,21,5,0,2,0,0,0.3333333333333333,0.2777777777777778,36,24,14,-2.88,9740.1,0.0,0.0,125.0,0.0,-1271.2,-26.207,-313.0,0.0,-109.5,9740.1,0.0,0.0,125.0,0.0,-1271.2,-26.207,-313.0,0.0,-109.5,0,10,40,40,0,5,5,0,7,5,0,0,0,0,,0,0,0,0,0,1988,0,0,2,2,212,40,0,0,0,0,360,28,0,0,425,0,0,1,2,2,0,0,0,26,1,0,0,3200,0,14,0,0,0,12908,14.107530213820887,1.0329489291598024,4.570808800743725,1.8356356199294077,3.4939572358227458,0.6507592190889371,2.7361419068736144,0.0006648550691789646,0.006189844160438169,0.0023382662669465064,-0.00037873412380921097,0.1037929243215133,0.11277992371282347,0.021491183569538642,0.033823311895270734,0.3705624755736355,0.30449702004695683,0.03705512998108143,11074.0,,,,,
8,50_20_5_10_5_2,50_20_5_10_5_2_StartGoalLocations_Seed1016.csv,40,6965.265562154353,40,1.0,1,0,1,1,0,0,0,68,0,67,0.0,0.04811762085096904,9.392476625579533,7,7,4,0.0536867899309423,0.6988193361550457,0.0,2,6,1,0,0,0,67,105,105,0,2,11,11,0,11,2,4,0,11,11,11,0,0,0,0,0,0,0,0,0,0,0,0,11,7.0,,7,12.32,,23.93,,0.0,,3.4,,23.55,0.0,1.6,0,2,0,1,0,0,0,1,109,0,92,12,5,0,0,0.844,0.1101,0,0,0,448.9,0.0,4000.0,0.0,4831.608,-1377.462,0.0,0.0,0.0,-100.0,0.847,-114.127,0.0,-690.5,0.0,-120.0,175.0,0.0,0.0,0.0,0.0,-89.0,0.0,0.0,1.76054,9.40268,-0.04751,1.06193,-0.18055,0.5081,0.03898,0.98645,-0.01983,0.09757,0.0,-337.905,4175.0,0.0,6607.807,-916.448,-0.07527,1.11188,0.93005,9.44544,1.26785,1.2883,0.04812,1.56438,0.01047,88.82979,0.98886,1.69503,0.0,-6.2757,59.304,0.0,276.0919,-83.7978,-7.258,16,7,4,74,56,40,40,210,77,119,14,0,72,98,40,0,55,0,9,0.36666666666666664,0.34285714285714286,210,110,6,0.625,9187.008,0.8,0.0,175.0,0.0,-1283.962,-214.08,-810.5,0.0,-89.0,9187.008,0.8,0.0,175.0,0.0,-1283.962,-214.08,-810.5,0.0,-89.0,0,41,40,40,0,7,7,0,65,5,0,0,0,0,,0,0,1,0,0,1792,156,156,100,100,222,162,4,4,0,0,57,0,0,0,549,1,0,0,0,0,0,0,16,0,0,14,0,3200,0,4,0,0,0,14002,17.468933009570062,1.0376124284546198,12.383945150692758,1.4713956386564169,9.041565490644194,1.985430652763891,2.7677725118483414,0.0005540990019718654,0.006451370214043501,0.0024859914839388303,0.0007937401631953175,0.12186326859851501,0.1422982070528503,0.02428245791192499,0.0199700302808716,0.390208710394516,0.2798681368648403,0.032755679723122606,8797.0,,,,,
9,25_5_2_5_2_1,25_5_2_5_2_1_StartGoalLocations_Seed1000.csv,60,5838.258259892464,59,0.9833333333333333,2,0,2,2,0,0,0,78,0,76,0.0,0.16859791425260717,5.642113088620428,3,2,1,0.13904982618771727,0.548667439165701,0.0,1,2,0,0,0,0,66,102,96,6,3,10,10,0,4,2,4,3,7,7,7,0,0,0,0,0,0,0,0,0,0,0,0,7,2.0,,3,4.75,,10.5,,0.0,,0.5,,6.56,0.0,2.5,0,4,0,2,0,0,0,2,175,0,119,13,43,0,14,0.68,0.0743,0,0,0,345.2,0.0,5900.0,0.0,2734.468,-1563.929,0.0,0.0,0.0,-200.0,1.392,-184.873,0.0,-929.5,0.0,-192.0,50.0,0.0,0.0,0.0,0.0,-122.5,0.0,0.0,2.14824,12.98229,-0.11109,1.70937,-0.32488,0.68851,0.01448,0.60158,-0.03549,0.12839,0.0,-532.83,5950.0,0.0,3215.257,-1309.548,-0.15435,1.78447,1.72364,12.9733,0.55206,1.30328,0.0759,2.0337,0.01767,97.54098,0.98233,1.33436,0.0,-10.4778,84.517,0.0,156.2553,-96.3674,-27.389,54,24,27,56,56,75,78,266,15,147,104,0,56,135,75,0,57,0,24,0.05639097744360902,0.21052631578947367,266,107,39,-14.651,8869.138,1.2,0.0,50.0,0.0,-1453.399,-384.681,-1121.5,0.0,-122.5,8869.138,1.2,0.0,50.0,0.0,-1453.399,-384.681,-1121.5,0.0,-122.5,0,48,60,59,1,2,2,0,83,5,0,0,0,0,,0,0,2,0,0,1356,80,80,105,105,700,192,46,46,0,0,1269,114,0,0,918,3,1,3,6,5,1,0,57,63,3,68,0,305,0,144,0,0,0,8028,76.65670154459391,2.208969775755606,21.699053313403088,1.1450739259744462,13.67713004484305,1.4947683109118086,3.2067395264116576,0.0005794599187981226,0.006983624164091978,0.002497811900976507,0.00031055776251587384,0.14933288972110523,0.15622237874167508,0.022497057887261245,0.01826792790287979,0.39628259875250016,0.2524810274372446,0.03434593590094846,6852.0,1.0,11.0,21.0,0.0,57.0
10,50_20_5_10_5_2,50_20_5_10_5_2_StartGoalLocations_Seed1000.csv,60,9125.699843645096,60,1.0,0,0,0,0,0,0,0,2,0,2,0.0,0.0019221528111484864,9.71828447861605,6,4,6,0.037962518020182606,0.6444017299375301,0.0,1,2,0,0,0,0,2,2,2,0,2,0,0,0,0,0,0,0,0,0,0,0,0,0,0,0,0,0,0,0,0,0,0,0,4.0,,6,2.62,,16.75,,0.0,,0.0,,14.21,0.0,0.0,0,0,0,0,0,0,0,0,185,0,120,53,12,0,0,0.6486,0.2865,0,0,0,416.2,0.0,6000.0,0.0,4179.0,-1284.0,0.0,0.0,0.0,0.0,0.0,0.0,0.0,-58.0,0.0,0.0,100.0,0.0,0.0,0.0,0.0,-227.5,0.0,0.0,2.23719,11.89801,0.0,0.0,-0.01394,0.0823,0.02403,0.77466,-0.05466,0.15602,0.0,-1.0,6100.0,0.0,4966.3,-1120.715,-0.00024,0.01096,1.46564,11.94211,0.92398,1.2643,0.00048,0.5,0.01538,95.3125,0.98462,1.48536,0.0,-0.0292,86.6477,0.0,238.8,-86.3714,0.0,0,0,0,0,2,0,1,4,0,4,0,0,0,4,0,0,0,0,0,0.0,0.0,4,0,0,0.0,10509.6,0.0,0.0,100.0,0.0,-1198.4,0.0,-58.0,0.0,-227.5,10509.6,0.0,0.0,100.0,0.0,-1198.4,0.0,-58.0,0.0,-227.5,0,0,60,60,0,4,4,0,1,5,0,0,0,0,,0,0,0,0,0,1272,0,0,6,6,56,0,0,0,0,0,196,0,0,0,593,5,0,0,0,0,0,0,0,0,0,0,0,3200,0,5,0,0,0,10755,11.95722919572292,1.0,5.1510925151092515,1.3328520041564311,3.905160390516039,1.4132961413296141,2.676190476190476,0.0005660143995773063,0.006542536507671078,0.0023875225795895656,0.0009811794730670291,0.15076429532758845,0.15590597450170876,0.02212953539682353,0.03253950180636672,0.3996943977604056,0.24206596141879277,0.033387598603199585,6428.0,2.0,9.75,15.5,0.0,0.0
