episode,map,scen,agents,reward,completed,completion_rate,collisions,recovery_invocations,recovery_forced,recovery_resolved,recovery_wasted,recovery_preemptive,recovery_preemptive_success,risk_steps,risk_steps_acted,warning_steps,intervention_rate,brake_duty_cycle,mean_peer_gap,errors_injected,handovers_completed,retired_recalled,action_override_rate,gradient_agreement,mean_hops_remaining,wave_fired,wave_failures,wave_rescuers_hit,incomplete_dead_rescued,incomplete_moving,incomplete_total,hops_dead_rescued,hops_moving,start_hops_dead_rescued,start_hops_moving,steps_held_dead_rescued,steps_held_moving,steps_waiting_dead_rescued,steps_waiting_moving,start_hops_delivered,steps_held_delivered,steps_waiting_delivered,sep_pairs,tier1_real_escapes,tier1_noop_escapes,tier1_rejected_occupied,tier1_rejected_obstacle,tier2_rejected_obstacle,recurrence_escalations,recurrence_pairs_tracked,doorstep_steps,doorstep_arrived,doorstep_closer,doorstep_idle,doorstep_away,doorstep_overridden,doorstep_peer_within_warning,doorstep_step_in_rate,doorstep_idle_rate,convoy_fleets_exempted,convoy_invocations_skipped,held_pair_invocations_skipped,rwd_term_pos_goal_baseline,rwd_term_neg_goal_baseline,rwd_term_pos_goal_delivery,rwd_term_neg_goal_delivery,rwd_term_pos_goal_progress,rwd_term_neg_goal_progress,rwd_term_pos_goal_final_approach,rwd_term_neg_goal_final_approach,rwd_term_pos_safety_collision,rwd_term_neg_safety_collision,rwd_term_pos_safety_warning,rwd_term_neg_safety_warning,rwd_term_pos_integrity_coherence,rwd_term_neg_integrity_coherence,rwd_term_pos_integrity_recovery_events,rwd_term_neg_integrity_recovery_events,rwd_term_pos_rescue_pickup,rwd_term_neg_rescue_pickup,rwd_term_pos_rescue_rescue_delivery,rwd_term_neg_rescue_rescue_delivery,rwd_term_pos_time_idle,rwd_term_neg_time_idle,rwd_term_pos_time_overtime,rwd_term_neg_time_overtime,rwd_spread_mean_goal,rwd_spread_std_goal,rwd_spread_mean_safety,rwd_spread_std_safety,rwd_spread_mean_integrity,rwd_spread_std_integrity,rwd_spread_mean_rescue,rwd_spread_std_rescue,rwd_spread_mean_time,rwd_spread_std_time,rwd_shadow_pos_safety,rwd_shadow_neg_safety,rwd_shadow_pos_delivery,rwd_shadow_neg_delivery,rwd_shadow_pos_efficiency,rwd_shadow_neg_efficiency,rwd_shadow_mean_safety,rwd_shadow_std_safety,rwd_shadow_mean_delivery,rwd_shadow_std_delivery,rwd_shadow_mean_efficiency,rwd_shadow_std_efficiency,rwd_shadow_freq_safety,rwd_shadow_typical_safety,rwd_shadow_freq_delivery,rwd_shadow_typical_delivery,rwd_shadow_freq_efficiency,rwd_shadow_typical_efficiency,rwd_live_pos_safety,rwd_live_neg_safety,rwd_live_pos_delivery,rwd_live_neg_delivery,rwd_live_pos_efficiency,rwd_live_neg_efficiency,rwd_approach_total,rwd_standoff_pairsteps,rwd_standoff_longest,rwd_standoff_past_cap,rwd_choice_wait,rwd_choice_follow,rwd_choice_reroute,rwd_choice_proceed,choice_n,choice_policy_wait,choice_policy_toward,choice_policy_away,choice_policy_side,choice_exec_wait,choice_exec_toward,choice_exec_away,choice_exec_side,choice_over_rule,choice_over_hold,choice_over_other,choice_policy_wait_share,choice_exec_wait_share,rwd_warnundo_fleetsteps,rwd_warnundo_mismatched,rwd_warnundo_escaped_kept,rwd_warnundo_error,rwd_all_pos_goal,rwd_all_pos_safety,rwd_all_pos_integrity,rwd_all_pos_rescue,rwd_all_pos_time,rwd_all_neg_goal,rwd_all_neg_safety,rwd_all_neg_integrity,rwd_all_neg_rescue,rwd_all_neg_time,rwd_learned_pos_goal,rwd_learned_pos_safety,rwd_learned_pos_integrity,rwd_learned_pos_rescue,rwd_learned_pos_time,rwd_learned_neg_goal,rwd_learned_neg_safety,rwd_learned_neg_integrity,rwd_learned_neg_rescue,rwd_learned_neg_time,held_pair_fleets_exempted,convoy_splats_skipped,orders_total,orders_delivered,orders_undelivered,orders_inherited,orders_inherited_delivered,orders_stranded_in_open_pickups,sep_warning_splats,preempt_window,preempt_watched,preempt_collided_k,preempt_clear_k,preempt_pending,preempt_prevention_rate,preempt_fleets_hit_k,preempt_fleets_watched,conflict_collapses,conflict_repeat_offences,conflict_max_pair_repeat,conflict_evaluations,conflict_pairs_head_on,conflict_warned_head_on,conflict_pairs_blocked,conflict_warned_blocked,conflict_pairs_following,conflict_warned_following,conflict_pairs_contested,conflict_warned_contested,conflict_pairs_sequential,conflict_warned_sequential,conflict_pairs_none,conflict_warned_none,conflict_pairs_unknown,conflict_warned_unknown,conflict_brake_convoy_exempt,corridor_entry_waits,corridor_entry_contests,corridor_meetings,corridor_retreaters,corridor_released,corridor_timeouts,corridor_no_pullover,corridor_claim_waits,corridor_hold_steps,corridor_entry_pullovers,corridor_stopped_waits,corridor_stopped_cycles_left,corridor_count,corridor_orders_open,conflict_holds,conflict_holds_at_cap,conflict_hold_steps,path_views,path_seeing_pct,path_routes_seen_mean,path_shared_pct,path_overlap_mean,path_contested_pct,path_contested_next_pct,path_contested_soonest,loss_safety,loss_delivery,loss_efficiency,qval_safety,qval_delivery,qval_efficiency,loss_recovery,qval_recovery,loss_teacher,teacher_agree,teacher_share,teacher_n,incomplete_dead_no_pickup,hops_dead_no_pickup,start_hops_dead_no_pickup,steps_held_dead_no_pickup,steps_waiting_dead_no_pickup,incomplete_dead_rescue_late,incomplete_rescuer_busy,hops_dead_rescue_late,hops_rescuer_busy,start_hops_dead_rescue_late,start_hops_rescuer_busy,steps_held_dead_rescue_late,steps_held_rescuer_busy,steps_waiting_dead_rescue_late,steps_waiting_rescuer_busy,sep_min,sep_mean_nearest,sep_within_collision,sep_within_warning,sep_pct_within_warning
1,25_5_2_5_2_1,25_5_2_5_2_1_StartGoalLocations_Seed1016.csv,40,-8538.848917007446,39,0.975,2,68,2,2,63,68,7,156,73,154,0.46794871794871795,0.11042944785276074,7.114728509127603,5,5,4,0.2816333118140736,0.37411233053582954,7.5,1,2,0,5.0,1.0,6,4.47,7.5,13.5,9.0,2.6,38.0,4.8,37.0,6.96,11.9,10.6,0,292,0,104,0,0,55,24,170,0,63,20,87,0,13,0.3706,0.1176,19,5,0,619.6,0.0,3900.0,0.0,4048.987,-2844.901,14.0,0.0,0.0,-200.0,3.346,-207.381,0.0,-806.5,0.0,-12252.0,125.0,0.0,0.0,0.0,0.0,-594.0,0.0,-345.0,0.92603,7.99562,-0.06521,1.27815,-2.10757,1.94558,0.02017,0.70989,-0.15155,0.72241,0.0,-2474.55,4025.0,0.0,5159.348,-2736.075,-0.39938,1.71999,0.64961,7.9389,0.3911,1.49701,0.22966,1.73897,0.0071,91.47727,0.99322,1.28297,0.0,-16.0137,57.1733,0.0,230.9707,-215.0229,-34.27,165,41,90,444,18,50,113,626,154,231,241,0,445,131,50,0,39,301,48,0.24600638977635783,0.7108626198083067,625,164,32,3.515,8390.387,3.2,0.0,125.0,0.0,-2652.701,-407.235,-13058.5,0.0,-939.0,8390.387,3.2,0.0,125.0,0.0,-2652.701,-407.235,-13058.5,0.0,-939.0,0,36,40,39,1,4,4,0,312,5,68,1,67,0,0.9852941176470589,2,348,70,56,5,3200,336,336,634,634,672,136,184,184,11,0,1343,92,0,0,801,19,2,9,11,11,0,0,39,113,2,34,0,305,0,251,0,1255,18638,56.30432449833673,2.3734514960930055,23.167721858568516,1.5078986434653339,16.176628393604464,3.256787208927997,2.7940298507462686,0.0021319935280969303,0.007134673452912103,0.00156223387629605,-0.014727017282428702,0.0631586831780795,-0.017588753090914348,0.00013785523684626196,-0.010472009184497333,0.36056353378102235,0.3521913773096492,0.0711359047723983,56015.0,,,,,,,,,,,,,,,,,,,,
2,25_5_2_5_2_1,25_5_2_5_2_1_StartGoalLocations_Seed1015.csv,40,1180.2130744159222,40,1.0,6,12,6,6,16,12,3,160,13,154,0.08125,0.12413503879219963,6.702139321057695,6,6,2,0.1393253718835114,0.45904043578462184,0.0,2,5,1,6.0,,6,8.72,,17.42,,0.0,,4.7,,10.49,1.6,7.0,0,37,0,21,0,0,5,11,181,0,88,25,68,0,2,0.4862,0.1381,5,1,0,477.3,0.0,4000.0,0.0,3457.736,-1925.161,7.0,0.0,0.0,-600.0,1.337,-274.0,0.0,-1418.5,0.0,-2324.0,150.0,0.0,0.0,0.0,0.0,-371.5,0.0,0.0,1.26061,9.17223,-0.18283,2.5078,-0.7841,1.47404,0.03143,0.88582,-0.07783,0.18127,0.0,-1471.593,4150.0,0.0,4330.534,-1676.283,-0.30832,2.70219,0.86947,9.15611,0.5561,1.29793,0.12885,2.39283,0.00964,90.21739,0.99099,1.26994,0.0,-26.4961,58.9489,0.0,197.9849,-131.2377,-28.315,82,11,24,231,39,97,176,543,159,250,134,0,231,215,97,0,97,26,58,0.292817679558011,0.425414364640884,541,251,40,-1.569,7809.063,1.01,0.0,150.0,0.0,-1792.188,-873.672,-3742.5,0.0,-371.5,7809.063,1.01,0.0,150.0,0.0,-1792.188,-873.672,-3742.5,0.0,-371.5,0,62,40,40,0,6,6,0,272,5,12,2,10,0,0.8333333333333334,4,39,18,7,3,1824,317,317,572,572,747,247,146,146,7,0,911,65,0,0,698,2,0,4,6,6,0,0,35,48,2,57,6,305,0,11,0,55,13848,61.36626227614096,2.3091315603671454,28.170132871172733,1.4263650529448042,19.273541305603697,3.9211438474870017,2.782315473960285,0.0022286021088675305,0.006627186385454128,0.0018127391555473175,-0.0087710056044543,0.06244680600387877,0.0009007041085458679,4.5788360785879555e-05,-0.0010542101579056563,0.4217764433850716,0.2516883116883117,0.05596634111958127,15400.0,,,,,,,,,,,,,,,,,,,,
3,25_5_2_5_2_1,25_5_2_5_2_1_StartGoalLocations_Seed1004.csv,60,2383.506861895323,59,0.9833333333333333,5,14,4,5,9,13,4,241,14,236,0.058091286307053944,0.2441908713692946,5.033828447400534,5,3,3,0.15284114475321445,0.4809207797594359,0.0,1,2,0,3.0,,5,8.47,,14.33,,5.0,,13.0,,7.19,1.0,6.4,0,46,0,25,0,0,10,13,248,0,144,28,76,0,30,0.5806,0.1129,4,0,0,482.2,0.0,5900.0,0.0,3233.804,-1930.486,17.5,0.0,0.0,-500.0,11.543,-571.054,0.0,-1993.0,0.0,-2050.0,75.0,0.0,0.0,0.0,0.0,-292.0,0.0,0.0,1.59747,11.031,-0.21972,2.28335,-0.83845,1.41,0.01555,0.62338,-0.06056,0.16313,0.0,-1896.57,5975.0,0.0,3899.351,-1709.431,-0.39332,2.41652,1.23911,11.00951,0.45415,1.23798,0.2275,1.72887,0.01286,96.37097,0.98714,1.17832,0.0,-31.6159,84.8722,0.0,185.7888,-126.9992,-65.925,189,24,43,472,35,230,283,1024,278,411,335,0,468,324,232,0,218,52,141,0.271484375,0.45703125,1024,450,87,2.559,9492.33,10.91,0.0,75.0,0.0,-1789.312,-1070.42,-4043.0,0.0,-292.0,9492.33,10.91,0.0,75.0,0.0,-1789.312,-1070.42,-4043.0,0.0,-292.0,0,142,60,59,1,3,3,0,452,5,13,1,12,0,0.9230769230769231,2,47,18,11,6,1432,174,174,1028,1028,1386,562,447,447,36,0,1361,175,0,0,725,8,1,4,9,9,0,0,66,109,5,124,2,305,0,18,0,90,12063,76.60615104037139,2.479060707715615,32.57896045759761,1.4862245744854952,21.578380170770124,6.2919671723451875,2.593545908567038,0.0015321208183037757,0.0064852133191024165,0.0018397565214379624,-0.01078999816967573,0.07667659966056574,0.023644880089888028,4.100202408300912e-05,-0.00014823694276368485,0.3984201018669351,0.24870726802642917,0.05934556625032101,13924.0,2.0,7.75,11.5,10.0,57.0,,,,,,,,,,,,,,,
4,25_5_2_5_2_1,25_5_2_5_2_1_StartGoalLocations_Seed1019.csv,25,2422.9702073037624,25,1.0,0,0,0,0,16,0,0,16,0,16,0.0,0.02965088474414156,7.458929867307744,2,2,1,0.043041606886657105,0.4968914395026303,0.0,1,2,0,2.0,,2,12.25,,18.0,,0.0,,0.0,,9.74,0.0,0.9,0,0,0,0,0,0,0,0,114,0,66,19,29,0,0,0.5789,0.1667,0,0,0,209.1,0.0,2500.0,0.0,1646.916,-845.916,0.0,0.0,0.0,0.0,0.0,-11.63,0.0,-162.0,0.0,-780.0,50.0,0.0,0.0,0.0,0.0,-183.5,0.0,0.0,1.67867,10.90173,-0.00556,0.05969,-0.4505,1.15234,0.02391,0.77281,-0.08776,0.1902,0.0,-91.578,2550.0,0.0,1905.155,-774.344,-0.0438,0.1777,1.21951,10.8936,0.5408,1.30629,0.10856,0.40343,0.01291,94.44444,0.98709,1.29821,0.0,-0.5686,36.2216,0.0,94.1095,-58.8238,-3.501,4,4,1,4,2,9,18,34,5,20,9,0,4,21,9,0,0,0,1,0.14705882352941177,0.11764705882352941,34,14,2,-0.052,4299.216,0.0,0.0,50.0,0.0,-789.116,-11.63,-942.0,0.0,-183.5,4299.216,0.0,0.0,50.0,0.0,-789.116,-11.63,-942.0,0.0,-183.5,0,7,25,25,0,2,2,0,9,5,0,0,0,0,,0,0,0,0,0,900,0,0,16,16,68,28,22,22,8,0,248,0,0,0,313,1,0,0,0,0,0,0,0,0,0,0,0,305,0,0,0,0,4751,55.293622395285205,1.3460220784164447,11.955377815196801,1.1779489598768225,8.756051357608925,0.5472532098505578,3.3052884615384617,0.0015017044140646855,0.006296234070064707,0.0019154038720039857,-0.011760834651067854,0.07582828905847337,0.02395446612396174,5.125933017148377e-05,-0.0002595337762290405,0.41070198530470464,0.24793082149474985,0.056129001862329435,8095.0,,,,,,,,,,,,,,,,,,,,
5,25_5_2_5_2_1,25_5_2_5_2_1_StartGoalLocations_Seed1003.csv,40,2531.849181085825,40,1.0,2,6,2,2,10,6,2,111,7,109,0.06306306306306306,0.14486301369863014,5.548887713141229,5,5,4,0.08319068812050667,0.50085587127696,0.0,1,4,0,5.0,,5,5.0,,9.4,,1.0,,3.0,,7.5,1.0,3.5,0,22,0,4,0,0,4,4,169,0,102,19,48,0,13,0.6036,0.1124,2,1,0,292.1,0.0,4000.0,0.0,2227.646,-1259.642,3.5,0.0,0.0,-200.0,3.291,-174.545,0.0,-1059.0,0.0,-1272.0,125.0,0.0,0.0,0.0,0.0,-154.5,0.0,0.0,1.80199,11.65335,-0.1271,1.85489,-0.79801,1.30064,0.04279,1.03344,-0.05289,0.15378,0.0,-693.011,4125.0,0.0,2559.542,-1139.064,-0.23725,1.97483,1.41219,11.66255,0.4863,1.29569,0.14139,1.67799,0.01541,91.66667,0.98631,1.28379,0.0,-11.2624,58.5937,0.0,127.4941,-80.8081,-21.299,30,9,7,125,32,89,81,328,71,138,119,0,125,114,89,0,36,25,15,0.21646341463414634,0.38109756097560976,328,148,47,-11.244,6434.446,3.032,0.0,125.0,0.0,-1170.842,-374.286,-2331.0,0.0,-154.5,6434.446,3.032,0.0,125.0,0.0,-1170.842,-374.286,-2331.0,0.0,-154.5,0,65,40,40,0,5,5,0,96,5,6,0,6,0,1.0,0,22,8,4,2,1036,78,78,224,224,785,258,77,77,4,0,1033,13,0,0,570,8,0,1,1,1,0,0,12,0,0,28,0,305,0,8,0,40,8044,72.0412729985082,2.481967213114754,30.07210343112879,1.399142227547937,18.262058677274986,4.400795624067628,2.611300204220558,0.0010753358656074852,0.006581674651539449,0.0020054675118177843,-0.010308486203623497,0.08081424115477381,0.028205015466451416,5.041523273052653e-05,-0.0012125864166058025,0.3997159987109048,0.23645714285714287,0.05120620004377457,8750.0,,,,,,,,,,,,,,,,,,,,
6,25_5_2_5_2_1,25_5_2_5_2_1_StartGoalLocations_Seed1017.csv,40,3523.37819981575,39,0.975,0,4,0,0,6,4,3,51,4,51,0.0784313725490196,0.12351190476190477,6.1076972886387795,1,0,0,0.07514880952380952,0.5457589285714286,0.0,0,0,0,,,1,,,,,,,,,10.05,0.1,2.5,0,14,0,4,0,0,1,7,109,0,73,12,24,0,0,0.6697,0.1101,2,0,0,268.8,0.0,3900.0,0.0,2198.275,-1046.695,0.0,0.0,0.0,0.0,2.08,-113.582,0.0,-708.0,0.0,-840.0,0.0,0.0,0.0,0.0,0.0,-137.5,0.0,0.0,1.97931,11.97223,-0.04148,0.16776,-0.57589,1.02472,0.0,0.0,-0.05115,0.15153,0.0,-293.487,3900.0,0.0,2676.171,-896.579,-0.10918,0.44091,1.45089,11.9576,0.66205,1.28936,0.10454,1.04444,0.01451,100.0,0.98549,1.34872,0.0,-3.5045,55.3977,0.0,125.6157,-67.6683,-19.705,25,3,0,84,28,39,59,210,52,100,58,0,83,88,39,0,31,0,2,0.24761904761904763,0.3952380952380952,210,86,41,-10.515,6294.975,2.08,0.0,0.0,0.0,-974.595,-113.582,-1548.0,0.0,-137.5,6294.975,2.08,0.0,0.0,0.0,-974.595,-113.582,-1548.0,0.0,-137.5,0,39,40,39,1,0,0,0,64,5,4,0,4,0,1.0,0,15,4,1,2,636,8,8,137,137,611,155,56,56,4,0,917,66,0,0,590,5,0,3,4,3,0,0,5,74,1,17,2,305,0,1,0,5,5319,72.9460424891897,1.9935567010309279,23.500658018424517,1.3700700212217867,12.878360594096634,0.5264147396127091,3.2204379562043797,0.0009089622404678936,0.006652587139539702,0.0022352911222948686,-0.005573794613636257,0.09951446289723774,0.05385157615883545,7.29506295868093e-05,-0.007528763181682231,0.3937281075682364,0.2310549777117385,0.05032772779737481,5384.0,1.0,19.5,33.0,0.0,26.0,,,,,,,,,,,,,,,
7,25_5_2_5_2_1,25_5_2_5_2_1_StartGoalLocations_Seed1010.csv,40,1349.685821890831,39,0.975,5,5,5,5,47,5,4,144,8,139,0.05555555555555555,0.10284061020515518,5.905369524232091,3,3,3,0.1871713985278654,0.5499474237644585,8.0,1,3,0,3.0,1.0,4,6.0,8.0,13.0,6.0,0.0,0.0,3.7,7.0,7.14,0.3,3.0,0,18,0,4,0,0,0,4,128,0,81,13,34,0,6,0.6328,0.1016,6,3,0,380.4,0.0,3900.0,0.0,2697.271,-1842.618,7.0,0.0,0.0,-500.0,1.43,-134.797,0.0,-891.5,0.0,-1744.0,75.0,0.0,0.0,0.0,0.0,-253.5,0.0,-345.0,1.35175,10.13563,-0.1665,2.5584,-0.69282,1.56357,0.01972,0.70179,-0.15733,0.8928,0.0,-1151.441,3975.0,0.0,3055.265,-2013.749,-0.30269,2.69384,1.04495,10.09577,0.2738,1.61495,0.13118,2.3075,0.01104,94.64286,0.98975,1.34635,0.0,-20.6921,56.4631,0.0,153.0441,-138.0067,-26.74,28,5,3,96,36,123,95,352,84,136,132,0,96,133,123,0,41,5,60,0.23863636363636365,0.2727272727272727,350,140,22,3.074,6856.971,0.538,0.0,75.0,0.0,-1714.918,-633.905,-2635.5,0.0,-598.5,6856.971,0.538,0.0,75.0,0.0,-1714.918,-633.905,-2635.5,0.0,-598.5,0,26,40,39,1,3,3,0,155,5,5,0,5,0,1.0,0,10,10,2,3,3200,284,284,253,253,885,105,48,48,8,0,781,39,0,0,629,2,1,1,2,1,1,0,14,210,1,27,0,305,0,2,0,10,11903,60.46374863479795,2.1714603306933444,19.658909518608755,1.3738461667114599,15.601108964126691,4.855918675964043,2.2816370490037694,0.001096411802009243,0.006128893164277543,0.0022364403867686632,-0.00596204921403114,0.09980962327681482,0.052339876850601284,7.345368806909392e-05,-0.007836853007829632,0.3883803247340697,0.22178931118135706,0.05254763972192555,27206.0,,,,,,,,,,,,,,,,,,,,
8,25_5_2_5_2_1,25_5_2_5_2_1_StartGoalLocations_Seed1016.csv,40,2891.316486299038,40,1.0,2,8,2,2,28,8,4,74,8,72,0.10810810810810811,0.07062237987745888,7.064762782820845,9,9,7,0.0731785944551902,0.4877498388136686,0.0,2,7,0,9.0,,9,8.27,,13.17,,1.1,,4.8,,8.47,0.5,1.2,0,18,0,10,0,0,5,7,183,0,115,27,41,0,16,0.6284,0.1475,0,0,0,310.2,0.0,4000.0,0.0,2408.211,-1240.602,10.5,0.0,0.0,-300.0,2.47,-74.462,0.0,-640.5,0.0,-1560.0,225.0,0.0,0.0,0.0,0.0,-249.5,0.0,0.0,1.76928,11.31076,-0.11992,2.19244,-0.70938,1.37858,0.07253,1.34465,-0.08043,0.1837,0.0,-684.376,4225.0,0.0,2791.479,-1163.453,-0.22062,2.3078,1.36202,11.35374,0.52483,1.30455,0.10961,2.01287,0.0158,86.22449,0.98549,1.29373,0.0,-11.7465,60.0142,0.0,138.2121,-85.1487,-15.406,20,6,3,56,9,28,70,163,50,74,39,0,56,80,27,0,18,10,27,0.3067484662576687,0.34355828220858897,163,69,10,4.883,6644.911,1.48,0.0,225.0,0.0,-1156.601,-373.473,-2200.5,0.0,-249.5,6644.911,1.48,0.0,225.0,0.0,-1156.601,-373.473,-2200.5,0.0,-249.5,0,25,40,40,0,8,8,0,61,5,8,0,8,0,1.0,0,19,10,5,3,1340,46,46,159,159,364,95,45,45,4,0,534,0,0,0,548,2,1,1,1,0,0,0,5,12,0,15,0,305,0,5,0,25,10772,56.21054585963609,1.8153592072667217,23.124767916821387,1.8860422780655777,18.05607129595247,3.861864092090605,2.5069408740359895,0.0009748087970691094,0.008802944399527649,0.0025422616277946467,-0.004840898138180778,0.1328933935556839,0.07063962701541274,9.842175946795944e-05,-0.006862698058917451,0.40055261671047726,0.2360632475167241,0.05013855593884772,9866.0,,,,,,,,,,,,,,,,,,,,
9,25_5_2_5_2_1,25_5_2_5_2_1_StartGoalLocations_Seed1000.csv,60,5951.276053845882,60,1.0,0,3,0,0,9,3,3,61,4,61,0.06557377049180328,0.11150568181818182,6.161427324188977,3,3,2,0.05397727272727273,0.5696022727272727,0.0,1,2,0,3.0,,3,8.17,,10.33,,0.0,,2.0,,7.15,0.0,1.4,0,8,0,3,0,0,0,2,176,0,125,18,33,0,4,0.7102,0.1023,4,1,0,281.6,0.0,6000.0,0.0,2333.704,-1095.092,0.0,0.0,0.0,0.0,1.261,-126.696,0.0,-877.5,0.0,-500.0,75.0,0.0,0.0,0.0,0.0,-141.0,0.0,0.0,2.67053,14.43095,-0.04454,0.17561,-0.48917,0.82935,0.02663,0.81555,-0.05007,0.15009,0.0,-296.885,6075.0,0.0,2705.316,-966.501,-0.10543,0.43129,2.15732,14.4596,0.61748,1.27722,0.0831,1.26874,0.02237,96.42857,0.97763,1.33375,0.0,-3.4032,86.2926,0.0,133.3545,-70.6339,-17.228,25,3,0,59,33,54,62,209,36,100,73,0,59,96,54,0,32,0,2,0.1722488038277512,0.2822966507177033,209,94,33,-12.05,8539.403,1.261,0.0,75.0,0.0,-1019.192,-126.696,-1377.5,0.0,-141.0,8539.403,1.261,0.0,75.0,0.0,-1019.192,-126.696,-1377.5,0.0,-141.0,0,45,60,60,0,3,3,0,57,5,3,0,3,0,1.0,0,8,3,0,0,908,56,56,99,99,487,179,42,42,0,0,844,42,0,0,562,1,0,0,3,3,0,0,14,25,3,19,1,305,0,0,0,0,6559,74.88946485744778,2.339169381107492,26.2997408141485,1.19172827894408,15.718859582253392,1.7685622808354933,3.2415130940834143,0.0009205688555341056,0.007527358389955982,0.0024128560605561483,-0.004266202950397289,0.13382672630086345,0.0714031176616967,4.9296822259151315e-05,-0.005023142503162165,0.37949864157307395,0.23399487836107555,0.04598599738281519,6248.0,,,,,,,,,,,,,,,,,,,,
10,25_5_2_5_2_1,25_5_2_5_2_1_StartGoalLocations_Seed1000.csv,60,3405.2482792139053,58,0.9666666666666667,2,4,2,2,46,4,1,86,4,84,0.046511627906976744,0.13945494721335625,5.812296029217788,3,2,2,0.18630338733431517,0.5439371624938635,1.0,1,2,0,2.0,,4,4.75,,10.0,,0.0,,0.0,,6.29,0.0,2.9,0,17,0,7,0,0,1,6,751,0,541,89,121,0,17,0.7204,0.1185,4,0,0,407.4,0.0,5800.0,0.0,2673.297,-1586.249,0.0,0.0,0.0,-200.0,4.611,-199.311,0.0,-1287.0,0.0,-1488.0,50.0,0.0,0.0,0.0,0.0,-424.5,0.0,-345.0,1.79049,11.87596,-0.09688,1.57386,-0.68115,1.28445,0.01227,0.55378,-0.18888,0.88411,0.0,-862.679,5850.0,0.0,3028.369,-2051.176,-0.21175,1.70902,1.43594,11.85796,0.23986,1.5449,0.12175,1.73927,0.01473,97.5,0.98576,1.26483,0.0,-12.1234,83.0966,0.0,151.9884,-133.8428,-28.831,48,5,3,118,34,117,109,378,63,156,159,0,118,143,117,0,66,0,25,0.16666666666666666,0.31216931216931215,378,157,54,-7.02,8768.967,4.48,0.0,50.0,0.0,-1474.519,-399.179,-2775.0,0.0,-769.5,8768.967,4.48,0.0,50.0,0.0,-1474.519,-399.179,-2775.0,0.0,-769.5,0,48,60,58,2,2,2,1,138,5,4,0,4,0,1.0,0,14,6,1,2,3200,172,172,238,238,763,192,82,82,8,0,1583,73,0,0,584,11,4,2,4,4,0,0,38,8,2,48,1,305,0,1,0,5,12575,60.34990059642147,2.6330214784556594,17.836978131212724,1.3800936432732198,12.14314115308151,1.4473161033797217,3.034053700065488,0.0009364595806141551,0.00795376925932942,0.002478198663884541,-0.004285149328852072,0.14868012151680887,0.076511904373765,5.154228057335786e-05,-0.0057875031647199645,0.3695681468386214,0.22809392652070398,0.04574663441127191,21421.0,,,,,,1.0,1.0,5.5,1.0,7.0,1.0,0.0,5.0,14.0,8.0,,,,,
11,25_5_2_5_2_1,25_5_2_5_2_1_StartGoalLocations_Seed1010.csv,25,1507.5852647423744,24,0.96,1,4,1,1,39,4,0,69,4,68,0.057971014492753624,0.06711409395973154,7.479913847558451,5,5,2,0.21737671922173768,0.556189198255619,8.0,1,3,0,5.0,1.0,6,6.3,8.0,15.2,5.0,0.0,10.0,2.2,34.0,10.5,1.1,3.2,0,12,0,4,0,0,4,3,92,0,56,13,23,0,2,0.6087,0.1413,2,0,0,298.1,0.0,2400.0,0.0,2015.107,-1099.115,7.0,0.0,0.0,-100.0,2.452,-66.459,0.0,-493.5,0.0,-864.0,125.0,0.0,0.0,0.0,0.0,-372.0,0.0,-345.0,1.21472,8.99086,-0.05502,1.29888,-0.45538,1.08859,0.04193,1.02301,-0.24052,1.02928,0.0,-491.887,2525.0,0.0,2384.203,-1436.414,-0.16501,1.43987,0.84703,8.99115,0.31794,1.65081,0.10634,1.55169,0.00973,87.06897,0.99128,1.29293,0.0,-5.9868,35.8665,0.0,114.9966,-103.2256,-11.347,31,5,6,92,6,41,45,184,51,61,72,0,92,51,41,0,23,19,24,0.27717391304347827,0.5,184,58,15,-2.12,4645.507,2.4,0.0,125.0,0.0,-1024.415,-166.406,-1357.5,0.0,-717.0,4645.507,2.4,0.0,125.0,0.0,-1024.415,-166.406,-1357.5,0.0,-717.0,0,16,25,24,1,5,5,0,76,5,4,0,4,0,1.0,0,14,5,4,4,3200,24,24,205,205,373,62,71,71,12,0,353,4,0,0,477,1,0,1,4,4,0,0,4,26,3,15,0,305,0,6,0,30,13172,40.31278469480716,1.5981167608286253,11.068934102641968,1.4005787229910875,7.417248709383541,2.102945642271485,2.542476970317298,0.0008360285267895051,0.007907032914517912,0.0026526570906571577,-0.004474191111899018,0.17976930916309355,0.08670810705050826,5.127674784375813e-05,-0.0077052307361373095,0.37311666886959416,0.20477517346883026,0.04346516468501674,18303.0,,,,,,,,,,,,,,,,,,,,
12,25_5_2_5_2_1,25_5_2_5_2_1_StartGoalLocations_Seed1007.csv,60,2480.8251360058784,59,0.9833333333333333,6,6,6,6,8,6,2,142,6,136,0.04225352112676056,0.1688917143462598,5.031581469222786,6,5,3,0.12682616980732586,0.5111158162185052,0.0,1,3,0,5.0,,6,5.6,,10.17,,2.0,,5.0,,7.54,0.3,3.4,0,24,0,13,0,0,4,9,230,0,136,22,72,0,12,0.5913,0.0957,11,0,0,472.3,0.0,5900.0,0.0,3314.582,-1969.111,0.0,0.0,0.0,-600.0,10.68,-335.126,0.0,-1830.5,0.0,-2272.0,125.0,0.0,0.0,0.0,0.0,-335.0,0.0,0.0,1.63408,11.14444,-0.19573,2.52217,-0.86862,1.52942,0.02647,0.81299,-0.07093,0.17445,0.0,-1467.398,6025.0,0.0,3856.461,-1838.912,-0.31069,2.70477,1.27567,11.1335,0.42718,1.27027,0.14355,2.1643,0.01355,94.14062,0.98751,1.22113,0.0,-27.7542,85.5824,0.0,189.4047,-131.6635,-43.467,64,6,5,198,72,178,163,612,67,291,254,0,197,236,179,0,120,28,48,0.10947712418300654,0.32189542483660133,610,268,80,-9.547,9546.713,10.347,0.0,125.0,0.0,-1828.942,-934.793,-4102.5,0.0,-335.0,9546.713,10.347,0.0,125.0,0.0,-1828.942,-934.793,-4102.5,0.0,-335.0,0,108,60,59,1,4,4,0,206,5,6,0,6,0,1.0,0,22,12,6,3,1256,125,125,579,579,1551,428,141,141,12,0,1358,4,0,0,638,4,2,3,7,7,0,0,49,108,4,75,0,305,0,8,0,40,11642,76.54183130046384,3.0,36.25665693179866,1.58512795431148,24.70365916509191,2.5081601099467448,3.037204450625869,0.0008810483023361989,0.010536314171418594,0.0030089096747528596,-0.00619954079857458,0.2379413502895908,0.0961756167850297,4.7533914772765845e-05,-0.011373298332409541,0.3987698690973941,0.1581688596491228,0.043984986780910236,7296.0,1.0,5.5,11.0,15.0,30.0,,,,,,,,,,,,,,,
13,25_5_2_5_2_1,25_5_2_5_2_1_StartGoalLocations_Seed1014.csv,60,3633.6299933493137,59,0.9833333333333333,5,12,5,5,24,12,4,206,14,201,0.06796116504854369,0.16365663322185062,5.632101907744722,5,3,4,0.1517379679144385,0.464126559714795,15.5,0,0,0,3.0,1.0,6,10.83,15.5,14.33,10.0,6.7,35.0,19.0,78.0,6.55,0.9,2.5,0,35,0,18,0,0,9,7,214,0,134,15,65,0,15,0.6262,0.0701,6,2,0,448.8,0.0,5900.0,0.0,3131.816,-1941.506,0.0,0.0,0.0,-500.0,5.996,-302.975,0.0,-1369.0,0.0,-1168.0,75.0,0.0,0.0,0.0,0.0,-301.5,0.0,-345.0,1.67984,11.42895,-0.17758,2.36373,-0.56529,1.12324,0.01671,0.64614,-0.14405,0.82732,0.0,-1452.209,5975.0,0.0,3663.697,-2056.03,-0.32358,2.50374,1.33133,11.40645,0.35821,1.53686,0.15263,2.12001,0.01381,96.37097,0.98596,1.29259,0.0,-25.1008,84.8722,0.0,177.7324,-146.6575,-40.956,87,7,16,265,37,152,170,626,198,204,224,0,265,209,152,0,58,51,112,0.31629392971246006,0.4233226837060703,620,237,66,-4.771,9342.76,5.751,0.0,75.0,0.0,-1803.651,-802.731,-2537.0,0.0,-646.5,9342.76,5.751,0.0,75.0,0.0,-1803.651,-802.731,-2537.0,0.0,-646.5,0,80,60,59,1,3,3,0,276,5,12,0,12,0,1.0,0,35,17,10,5,3200,523,523,371,371,1000,313,146,146,12,0,1089,70,0,0,625,12,1,4,7,7,0,0,24,15,3,50,2,305,0,21,0,105,13891,66.93542581527608,2.124542912454291,34.65553235908142,1.4816395066975294,25.14577784176805,7.342883881649989,2.370741482965932,0.0010371363917670352,0.010858560976048466,0.0028533893966232425,-0.007626740708547004,0.26830170329660175,0.10062891382724047,6.805398928918294e-05,-0.016224867113087384,0.4230549875150779,0.16350137192661537,0.04407275742321506,18587.0,2.0,0.75,3.0,0.0,0.5,,,,,,,,,,,,,,,
14,25_5_2_5_2_1,25_5_2_5_2_1_StartGoalLocations_Seed1016.csv,40,4499.884023942053,40,1.0,0,2,0,0,9,2,1,81,2,81,0.024691358024691357,0.10796139927623644,6.306185915621292,6,6,3,0.07147165259348613,0.5455367913148371,0.0,1,4,0,6.0,,6,5.08,,10.67,,0.0,,4.0,,11.56,0.0,2.2,0,4,0,2,0,0,0,2,213,0,123,28,62,0,18,0.5775,0.1315,0,0,0,331.6,0.0,4000.0,0.0,2754.689,-1270.217,14.0,0.0,0.0,0.0,4.042,-130.73,0.0,-796.5,0.0,-368.0,150.0,0.0,0.0,0.0,0.0,-189.0,0.0,0.0,1.75816,10.94031,-0.0382,0.17495,-0.35118,0.66384,0.04524,1.06247,-0.057,0.1589,0.0,-283.854,4150.0,0.0,3362.515,-1056.909,-0.0856,0.33695,1.25151,10.96321,0.6953,1.30372,0.08565,0.99949,0.01387,90.21739,0.98764,1.34944,0.0,-3.8134,58.9489,0.0,158.2108,-83.3839,-19.8,29,12,9,49,37,66,68,221,41,95,85,0,49,106,66,0,27,0,18,0.18552036199095023,0.22171945701357465,221,96,38,-5.834,7010.301,4.042,0.0,150.0,0.0,-1180.229,-130.73,-1164.5,0.0,-189.0,7010.301,4.042,0.0,150.0,0.0,-1180.229,-130.73,-1164.5,0.0,-189.0,0,42,40,40,0,6,6,0,72,5,2,0,2,0,1.0,0,4,2,0,0,1252,36,36,84,84,634,165,93,93,22,0,990,76,0,0,670,6,4,2,3,3,0,0,8,50,1,19,0,305,0,0,0,0,9452,70.91620820990266,2.1256153960913022,19.234024545069826,1.345352052785743,13.129496402877697,1.6716038933559034,3.0,0.0010433780816486407,0.009920067955760625,0.0028000867846734324,-0.009792408368850763,0.30980684805792363,0.10947558550408092,7.877405469901187e-05,-0.02289900738008011,0.40202649197546025,0.1625216888374783,0.04348299283179724,6916.0,,,,,,,,,,,,,,,,,,,,
15,25_5_2_5_2_1,25_5_2_5_2_1_StartGoalLocations_Seed1017.csv,40,4055.428749650717,40,1.0,0,4,0,0,20,4,1,62,4,62,0.06451612903225806,0.11014851485148515,6.820034353855518,8,8,6,0.08106435643564357,0.5123762376237624,0.0,2,6,0,8.0,,8,7.19,,15.06,,0.0,,4.9,,7.94,0.0,2.6,0,9,0,5,0,0,0,5,215,0,155,18,42,0,15,0.7209,0.0837,2,0,0,323.2,0.0,4000.0,0.0,2573.696,-1398.305,7.0,0.0,0.0,0.0,0.8,-140.963,0.0,-663.5,0.0,-684.0,200.0,0.0,0.0,0.0,0.0,-162.5,0.0,0.0,1.70346,11.09113,-0.04337,0.17545,-0.41692,0.88054,0.06188,1.24226,-0.05028,0.15037,0.0,-367.846,4200.0,0.0,3071.439,-1199.058,-0.11381,0.49281,1.2995,11.11848,0.57933,1.32703,0.08818,1.29069,0.01485,87.5,0.98608,1.33997,0.0,-3.6641,59.6591,0.0,147.4684,-89.1889,-23.177,31,3,0,75,22,64,52,215,46,75,94,0,75,76,64,0,43,0,9,0.21395348837209302,0.3488372093023256,215,111,54,-14.817,6806.597,0.8,0.0,200.0,0.0,-1301.005,-140.963,-1347.5,0.0,-162.5,6806.597,0.8,0.0,200.0,0.0,-1301.005,-140.963,-1347.5,0.0,-162.5,0,32,40,40,0,7,7,0,72,5,4,0,4,0,1.0,0,13,4,0,0,2432,64,64,136,136,386,127,31,31,4,0,874,67,0,0,535,2,2,1,3,3,0,0,15,35,2,24,2,305,0,0,0,0,14839,44.02587775456567,1.717281493953773,18.936586023316934,1.4666459275330035,14.819057887997843,3.1268953433519777,2.919054115507049,0.0009553830412989172,0.010656470436706991,0.002987974499487073,-0.010139786796475835,0.34395550083565085,0.11013459766553224,9.313977220340588e-05,-0.027394275510328282,0.3936056594795255,0.1673172598545733,0.04235489862935126,13065.0,,,,,,,,,,,,,,,,,,,,
16,25_5_2_5_2_1,25_5_2_5_2_1_StartGoalLocations_Seed1010.csv,60,5581.262182533741,60,1.0,0,3,0,0,16,3,0,99,3,99,0.030303030303030304,0.12225705329153605,6.075515417103794,6,5,5,0.06739811912225706,0.524294670846395,0.0,1,3,0,5.0,,6,4.3,,11.4,,0.0,,1.2,,7.34,0.0,1.7,0,21,0,7,0,0,0,9,209,0,133,32,44,0,22,0.6364,0.1531,6,0,0,382.8,0.0,6000.0,0.0,3022.176,-1607.046,21.0,0.0,0.0,0.0,4.108,-150.776,0.0,-1379.0,0.0,-616.0,125.0,0.0,0.0,0.0,0.0,-221.0,0.0,0.0,2.04256,12.44073,-0.03831,0.15659,-0.52116,0.7431,0.03265,0.90293,-0.05773,0.15979,0.0,-496.062,6125.0,0.0,3535.987,-1456.014,-0.12959,0.49879,1.60005,12.44974,0.54336,1.31724,0.11364,1.14037,0.01698,94.23077,0.9838,1.32554,0.0,-6.1579,87.0028,0.0,173.8958,-104.4598,-23.715,14,1,0,96,48,131,112,389,51,177,161,0,96,162,131,0,50,0,9,0.13110539845758354,0.2467866323907455,389,169,48,-10.106,9313.277,4.108,0.0,125.0,0.0,-1494.346,-150.776,-1995.0,0.0,-221.0,9313.277,4.108,0.0,125.0,0.0,-1494.346,-150.776,-1995.0,0.0,-221.0,0,64,60,60,0,5,5,0,124,5,3,0,3,0,1.0,0,21,3,0,0,1632,160,160,170,170,963,256,163,163,0,0,1258,13,0,0,772,6,1,2,4,4,0,0,17,51,2,11,0,305,0,0,0,0,10374,63.62058993637941,2.341666666666667,19.48139579718527,1.2886195121658344,12.203585887796415,2.294197031039136,2.6864139020537126,0.0013081959908085277,0.011809050146599902,0.0032478577106981083,-0.013209019913726175,0.41793054670971985,0.1108021992578299,0.00010024385746606534,-0.03808694487145426,0.428898469055285,0.17081299845256517,0.040852108085642366,8401.0,1.0,3.5,14.0,0.0,0.0,,,,,,,,,,,,,,,
17,25_5_2_5_2_1,25_5_2_5_2_1_StartGoalLocations_Seed1002.csv,40,2994.6698224544525,39,0.975,2,3,2,2,5,3,1,122,4,120,0.03278688524590164,0.17446808510638298,5.615613564902554,4,3,3,0.08017015706806283,0.5477748691099477,0.0,1,3,0,3.0,,4,6.67,,9.67,,0.0,,0.0,,9.04,0.1,3.2,0,20,0,8,0,0,1,9,121,0,86,16,19,0,1,0.7107,0.1322,4,1,0,305.6,0.0,3900.0,0.0,2324.953,-1220.367,10.5,0.0,0.0,-200.0,5.278,-235.294,0.0,-1132.5,0.0,-672.0,75.0,0.0,0.0,0.0,0.0,-166.5,0.0,0.0,1.74106,11.25326,-0.14071,1.8186,-0.59048,0.99553,0.02454,0.78291,-0.05448,0.1558,0.0,-778.879,3975.0,0.0,2809.832,-1068.149,-0.25487,1.93866,1.30072,11.24898,0.56992,1.27272,0.14594,1.74637,0.01374,94.64286,0.98691,1.2858,0.0,-12.8169,56.4631,0.0,133.4545,-79.2495,-29.62,50,4,1,141,44,110,123,419,41,211,167,0,141,168,110,0,112,4,25,0.09785202863961814,0.33651551312649164,418,206,43,2.863,6454.153,5.122,0.0,75.0,0.0,-1133.467,-435.138,-1804.5,0.0,-166.5,6454.153,5.122,0.0,75.0,0.0,-1133.467,-435.138,-1804.5,0.0,-166.5,0,80,40,39,1,3,3,0,180,5,3,0,3,0,1.0,0,17,5,1,2,1012,127,127,268,268,1052,319,238,238,48,0,954,98,0,0,495,3,1,3,4,4,0,0,44,28,1,62,0,305,0,1,0,5,7369,68.54390012213327,2.7459908928924963,26.543628714886687,2.0644427698814063,18.84923327452843,3.9625457999728595,2.660187185025198,0.0009421093521020587,0.010933202435538586,0.00301956205367453,-0.01284816127045912,0.4142919448995779,0.11380378815084106,8.280057715418383e-05,-0.038582538133082184,0.40714394439950663,0.16972814107274062,0.04127741412393829,5444.0,1.0,2.5,19.0,0.0,47.0,,,,,,,,,,,,,,,
18,25_5_2_5_2_1,25_5_2_5_2_1_StartGoalLocations_Seed1007.csv,60,2841.0387535095215,60,1.0,5,10,4,5,11,9,3,276,10,271,0.036231884057971016,0.25307881773399016,4.793876226046329,8,8,6,0.1788793103448276,0.46798029556650245,0.0,2,6,0,8.0,,8,7.65,,16.0,,3.5,,22.8,,9.11,1.4,10.3,0,49,0,21,0,0,5,17,541,0,326,52,163,0,139,0.6026,0.0961,0,0,0,649.6,0.0,6000.0,0.0,4388.428,-2588.301,45.5,0.0,0.0,-500.0,18.103,-628.291,0.0,-2727.5,0.0,-1600.0,200.0,0.0,0.0,0.0,0.0,-416.5,0.0,0.0,1.30776,9.61738,-0.1709,1.97025,-0.66618,1.05985,0.03079,0.87679,-0.06412,0.16717,0.0,-2060.8,6200.0,0.0,5309.081,-2363.474,-0.31724,2.08939,0.95443,9.6033,0.45345,1.25685,0.21398,1.48259,0.01047,91.17647,0.98876,1.19454,0.0,-36.6891,88.0682,0.0,253.3673,-171.7029,-85.938,237,37,106,614,126,284,318,1344,259,594,491,0,614,446,284,0,343,67,90,0.19270833333333334,0.4568452380952381,1341,576,164,-17.888,10896.085,17.593,0.0,200.0,0.0,-2400.858,-1127.781,-4327.5,0.0,-416.5,10896.085,17.593,0.0,200.0,0.0,-2400.858,-1127.781,-4327.5,0.0,-416.5,0,217,60,60,0,8,8,0,514,5,9,0,9,0,1.0,0,44,14,5,3,2008,200,200,1129,1129,2647,857,668,668,64,0,3184,93,0,0,1121,4,1,7,18,16,0,0,77,347,11,122,2,305,0,21,0,105,18425,77.64993215739484,2.808135877542462,45.25915875169606,1.5947191116476789,30.898236092265943,10.067842605156038,2.5020200245916038,0.0009744489985547783,0.00979511909543043,0.002834626191492337,-0.01514372106806646,0.46029610842822555,0.11607025679482882,8.807232678958666e-05,-0.05222687876571816,0.38544385797767955,0.177347843611447,0.04608857735706192,12405.0,,,,,,,,,,,,,,,,,,,,
19,25_5_2_5_2_1,25_5_2_5_2_1_StartGoalLocations_Seed1005.csv,25,3113.979904562235,25,1.0,0,1,0,0,4,1,1,8,1,8,0.125,0.05934065934065934,7.797938321885608,4,4,4,0.035164835164835165,0.5743589743589743,0.0,1,4,0,4.0,,4,5.62,,12.25,,0.0,,0.5,,7.81,0.0,1.2,0,2,0,1,0,0,0,1,78,0,59,5,14,0,0,0.7564,0.0641,0,0,0,136.5,0.0,2500.0,0.0,1193.922,-489.822,0.0,0.0,0.0,0.0,0.8,-9.92,0.0,-70.5,0.0,-164.0,100.0,0.0,0.0,0.0,0.0,-83.0,0.0,0.0,2.44733,13.39677,-0.00668,0.07232,-0.17179,0.69058,0.07326,1.35135,-0.06081,0.16342,0.0,-40.04,2600.0,0.0,1369.844,-450.683,-0.02933,0.24105,1.90476,13.46676,0.67338,1.27527,0.02344,1.25125,0.02125,89.65517,0.98022,1.36063,0.0,-0.3274,36.9318,0.0,68.2241,-32.7327,-4.23,8,4,1,5,3,6,4,18,4,7,7,0,5,7,6,0,1,0,0,0.2222222222222222,0.2777777777777778,18,8,8,-0.08,3796.922,0.8,0.0,100.0,0.0,-456.322,-9.92,-234.5,0.0,-83.0,3796.922,0.8,0.0,100.0,0.0,-456.322,-9.92,-234.5,0.0,-83.0,0,3,25,25,0,4,4,0,4,5,1,0,1,0,1.0,0,2,1,0,0,748,0,0,10,10,52,12,0,0,0,0,284,10,0,0,236,0,0,0,0,0,0,0,2,0,0,9,0,305,0,0,0,0,3773,50.8878876225815,1.3041666666666667,12.456930824277762,1.1026595926823768,4.585210707659687,0.7421150278293135,3.121387283236994,0.0010600895220899387,0.008936334605562814,0.002670076652056473,-0.016707221200480498,0.4809311967801283,0.11801097378692525,0.0001523646503549323,-0.059857437835338916,0.3852725897733963,0.177732379979571,0.048561383318850314,4895.0,,,,,,,,,,,,,,,,,,,,
20,25_5_2_5_2_1,25_5_2_5_2_1_StartGoalLocations_Seed1002.csv,40,4234.802851438522,40,1.0,1,0,1,1,8,0,0,71,0,70,0.0,0.13460157932519742,6.2295497710852,5,5,4,0.08614501076812635,0.5193826274228285,0.0,2,5,0,5.0,,5,6.9,,14.6,,0.0,,0.8,,10.59,0.0,2.3,0,2,0,1,0,0,0,1,144,0,94,6,44,0,9,0.6528,0.0417,0,0,0,278.6,0.0,4000.0,0.0,2239.694,-960.714,0.0,0.0,0.0,-100.0,1.76,-112.037,0.0,-782.5,0.0,-260.0,125.0,0.0,0.0,0.0,0.0,-195.0,0.0,0.0,1.99482,11.90202,-0.07548,1.34601,-0.37419,0.73892,0.04487,1.05814,-0.06999,0.17349,0.0,-352.674,4125.0,0.0,2629.475,-884.414,-0.12659,1.41681,1.48062,11.93752,0.62637,1.25537,0.08686,1.45733,0.01615,91.66667,0.98564,1.27964,0.0,-6.6978,58.5937,0.0,127.9825,-66.0408,-25.233,14,2,0,67,14,62,71,214,32,98,84,0,67,85,62,0,42,0,6,0.14953271028037382,0.3130841121495327,214,98,45,-10.103,6448.994,1.6,0.0,125.0,0.0,-891.414,-211.877,-1042.5,0.0,-195.0,6448.994,1.6,0.0,125.0,0.0,-891.414,-211.877,-1042.5,0.0,-195.0,0,36,40,40,0,5,5,0,67,5,0,0,0,0,,0,0,1,0,0,936,20,20,53,53,433,144,120,120,0,0,994,86,0,0,497,2,1,2,3,3,0,0,14,50,1,21,0,305,0,0,0,0,7324,68.13216821409065,1.9066132264529059,20.139268159475698,1.331254254340873,13.394320043691971,2.4030584380120152,2.8134556574923546,0.0009632155795568704,0.008701529930958636,0.0026322981585453972,-0.01628264018262808,0.484264302202779,0.12027680953471069,9.971378757553693e-05,-0.0575359645498614,0.38071558345395984,0.18525487512829286,0.04616647824408815,5846.0,,,,,,,,,,,,,,,,,,,,
21,25_5_2_5_2_1,25_5_2_5_2_1_StartGoalLocations_Seed1001.csv,25,3288.559929281473,25,1.0,0,0,0,0,9,0,0,3,0,3,0.0,0.020771513353115726,8.673041553808602,1,1,1,0.02225519287833828,0.6550445103857567,0.0,0,0,0,1.0,,1,3.0,,25.0,,0.0,,0.0,,9.83,0.0,0.1,0,0,0,0,0,0,0,0,59,0,52,3,4,0,0,0.8814,0.0508,0,0,0,134.8,0.0,2500.0,0.0,1300.71,-486.21,0.0,0.0,0.0,0.0,0.0,-2.24,0.0,-28.0,0.0,-96.0,25.0,0.0,0.0,0.0,0.0,-59.5,0.0,0.0,2.55883,13.46829,-0.00166,0.03315,-0.09199,0.53553,0.01855,0.68067,-0.04414,0.14185,0.0,-40.6,2525.0,0.0,1556.88,-388.712,-0.03012,0.29717,1.87315,13.50611,0.86659,1.28426,0.02226,1.35333,0.01929,97.11538,0.98145,1.47059,0.0,-0.1437,35.8665,0.0,74.3263,-31.1834,-1.929,1,1,0,0,1,3,2,6,0,3,3,0,0,3,3,0,0,0,0,0.0,0.0,6,2,2,-0.64,3902.81,0.0,0.0,25.0,0.0,-453.51,-2.24,-124.0,0.0,-59.5,3902.81,0.0,0.0,25.0,0.0,-453.51,-2.24,-124.0,0.0,-59.5,0,1,25,25,0,1,1,0,2,5,0,0,0,0,,0,0,0,0,0,980,0,0,4,4,56,4,4,4,0,0,72,0,0,0,315,0,0,1,1,1,0,0,2,0,0,1,0,305,0,0,0,0,2934,43.89911383776415,1.329968944099379,12.951601908657123,1.3111842331819628,10.190865712338105,0.8179959100204499,2.849498327759197,0.001003954189069859,0.0086407112470847,0.002682285954966685,-0.0163884823913781,0.49204848968252846,0.1200101867014048,9.950948527203967e-05,-0.058809428586035356,0.3966961902248223,0.1624518506112879,0.045929117132213,5971.0,,,,,,,,,,,,,,,,,,,,
22,25_5_2_5_2_1,25_5_2_5_2_1_StartGoalLocations_Seed1016.csv,60,4460.447760760784,59,0.9833333333333333,3,3,3,3,2,3,0,134,4,131,0.029850746268656716,0.19979577944179713,6.012730652084758,1,0,0,0.13235794487921063,0.5410003402517863,0.0,0,0,0,,,1,,,,,,,,,5.75,0.3,3.4,0,13,0,7,0,0,2,5,147,0,111,12,24,0,10,0.7551,0.0816,10,1,0,293.9,0.0,5900.0,0.0,2105.582,-1126.624,0.0,0.0,0.0,-300.0,3.222,-314.632,0.0,-1246.0,0.0,-676.0,0.0,0.0,0.0,0.0,0.0,-179.0,0.0,0.0,2.44058,14.03077,-0.20803,2.26426,-0.65396,1.06318,0.0,0.0,-0.06091,0.16353,0.0,-990.43,5900.0,0.0,2465.894,-1004.626,-0.337,2.39369,2.00749,14.02564,0.4972,1.22893,0.17421,1.93443,0.02007,100.0,0.97993,1.20504,0.0,-16.7706,83.8068,0.0,120.319,-74.6071,-24.232,71,14,23,213,65,91,130,500,123,225,152,0,211,196,93,0,90,15,51,0.246,0.422,500,207,51,-7.979,8218.54,2.792,0.0,0.0,0.0,-1045.682,-614.202,-1922.0,0.0,-179.0,8218.54,2.792,0.0,0.0,0.0,-1045.682,-614.202,-1922.0,0.0,-179.0,0,107,60,59,1,0,0,0,138,5,3,0,3,0,1.0,0,10,6,3,2,1044,60,60,249,249,753,424,97,97,5,0,710,163,0,0,498,4,2,0,1,1,0,0,37,6,1,62,0,305,0,5,0,25,6333,69.87209853150166,1.974915254237288,23.00647402494868,1.3494981321155917,12.995420811621665,2.4317069319437867,2.5820170109356013,0.0009702640782888502,0.009615293859193722,0.002913544061540187,-0.020015002788540504,0.5947081575676856,0.11981645731747835,0.00015744109761475683,-0.08189264506501256,0.3973840186318056,0.17678599589970037,0.04565784988399105,6341.0,1.0,14.5,24.0,5.0,17.0,,,,,,,,,,,,,,,
23,25_5_2_5_2_1,25_5_2_5_2_1_StartGoalLocations_Seed1018.csv,25,1912.9498429894447,24,0.96,1,0,1,1,20,0,0,53,0,52,0.0,0.08262393590385578,8.023230308643507,0,0,0,0.3184777165748623,0.6880320480721082,3.0,0,0,0,,1.0,1,,3.0,,2.0,,0.0,,23.0,10.17,0.0,1.6,0,2,0,1,0,0,0,1,54,0,46,5,3,0,2,0.8519,0.0926,0,0,0,199.7,0.0,2400.0,0.0,1267.374,-568.511,0.0,0.0,0.0,-100.0,1.044,-85.157,0.0,-340.5,0.0,-188.0,0.0,0.0,0.0,0.0,0.0,-328.0,0.0,-345.0,1.65176,10.91451,-0.09219,1.59182,-0.26465,0.73212,0.0,0.0,-0.33701,1.26317,0.0,-332.27,2400.0,0.0,1512.291,-1042.709,-0.16638,1.69739,1.2018,10.8966,0.23514,1.78528,0.0691,2.40775,0.01202,100.0,0.98798,1.29498,0.0,-4.716,34.0909,0.0,72.1642,-70.6863,-7.259,21,9,7,49,12,28,19,108,15,60,33,0,49,31,28,0,34,0,5,0.1388888888888889,0.4537037037037037,108,37,15,-2.343,3826.874,1.04,0.0,0.0,0.0,-528.311,-185.153,-528.5,0.0,-673.0,3826.874,1.04,0.0,0.0,0.0,-528.311,-185.153,-528.5,0.0,-673.0,0,15,25,24,1,0,0,0,39,5,0,0,0,0,,0,0,1,0,0,3200,20,20,104,104,188,60,11,11,0,0,366,26,0,0,217,0,0,0,0,0,0,0,18,0,0,23,0,305,0,0,0,0,3952,33.29959514170041,1.7575987841945289,8.679149797570851,0.8628279954824956,5.313765182186235,1.1892712550607287,2.723809523809524,0.000912160618361213,0.00903720106347464,0.0028504359186626973,-0.020160810912493617,0.5980304704979063,0.12239165658131242,0.00014387777919182553,-0.08350298483856022,0.395682991910335,0.1668974331664714,0.04476079671602105,18778.0,,,,,,,,,,,,,,,,,,,,
24,25_5_2_5_2_1,25_5_2_5_2_1_StartGoalLocations_Seed1015.csv,40,3305.39773696661,40,1.0,2,5,2,2,2,5,1,152,5,150,0.03289473684210526,0.22897800776196636,5.5006189417638565,0,0,0,0.10996119016817593,0.5899094437257438,0.0,0,0,0,,,0,,,,,,,,,8.75,0.2,4.3,0,12,0,9,0,0,2,5,102,0,81,7,14,0,12,0.7941,0.0686,8,0,0,231.9,0.0,4000.0,0.0,1811.698,-801.505,10.5,0.0,0.0,-200.0,2.483,-266.178,0.0,-952.0,0.0,-420.0,0.0,0.0,0.0,0.0,0.0,-111.5,0.0,0.0,2.26503,13.01718,-0.19996,2.08547,-0.59163,0.93245,0.0,0.0,-0.04808,0.14741,0.0,-804.618,4000.0,0.0,2203.871,-680.652,-0.34697,2.21986,1.72488,13.01971,0.65684,1.22469,0.20224,1.7156,0.01725,100.0,0.98275,1.2657,0.0,-13.5062,56.8182,0.0,104.1256,-52.1717,-31.763,51,21,26,152,72,118,123,468,69,251,148,0,152,198,118,0,106,9,37,0.14743589743589744,0.3247863247863248,468,216,31,-2.577,5994.293,2.259,0.0,0.0,0.0,-741.7,-465.954,-1372.0,0.0,-111.5,5994.293,2.259,0.0,0.0,0.0,-741.7,-465.954,-1372.0,0.0,-111.5,0,77,40,40,0,0,0,0,171,5,5,0,5,0,1.0,0,10,7,2,3,904,293,293,297,297,819,307,76,76,8,0,647,36,0,0,448,1,0,3,6,6,0,0,26,34,3,57,0,305,0,2,0,10,4598,79.0126141800783,2.3974676575832645,38.560243584167026,1.759130031919423,29.46933449325794,5.6111352762070466,2.5845018450184503,0.0008743484313044088,0.0096611268200244,0.0031390311124330733,-0.020961402354976243,0.6696740639420737,0.12977815076576926,0.00018663379053746976,-0.10095093554231972,0.3938939781810331,0.16437045541523154,0.04532369222257192,5226.0,,,,,,,,,,,,,,,,,,,,
25,25_5_2_5_2_1,25_5_2_5_2_1_StartGoalLocations_Seed1019.csv,40,1483.3512146174908,39,0.975,2,5,2,2,20,5,0,280,5,278,0.017857142857142856,0.3448275862068966,5.500656125617438,4,3,4,0.19031931069437405,0.496705524581855,4.0,1,4,0,3.0,,5,3.0,,8.67,,0.0,,1.0,,6.83,1.3,17.8,0,20,0,9,0,0,4,5,138,0,98,11,29,0,21,0.7101,0.0797,0,0,0,394.6,0.0,3900.0,0.0,2418.917,-1577.813,7.0,0.0,0.0,-200.0,8.424,-673.277,0.0,-1523.5,0.0,-732.0,75.0,0.0,0.0,0.0,0.0,-269.0,0.0,-345.0,1.30327,9.94141,-0.21917,1.60698,-0.57159,0.97414,0.01901,0.68906,-0.1556,0.89476,0.0,-1573.637,3975.0,0.0,2816.131,-1836.339,-0.39879,1.80702,1.00735,9.91437,0.2483,1.52403,0.28865,1.3816,0.01064,94.64286,0.99012,1.1908,0.0,-23.3072,56.4631,0.0,137.481,-124.1036,-50.436,192,25,86,510,69,292,230,1103,238,502,363,0,505,303,295,0,289,25,107,0.2157751586582049,0.457842248413418,1103,488,158,-32.216,6599.994,7.464,0.0,75.0,0.0,-1457.29,-872.317,-2255.5,0.0,-614.0,6599.994,7.464,0.0,75.0,0.0,-1457.29,-872.317,-2255.5,0.0,-614.0,0,228,40,39,1,3,3,1,317,5,5,1,4,0,0.8,2,20,7,4,4,3200,349,349,699,699,1553,907,164,164,4,0,896,72,0,0,415,0,0,1,5,4,1,0,90,130,4,203,0,305,0,10,0,50,13929,58.532557972575205,1.4571323439224826,32.57951037403977,1.5638882955770206,24.488477277622227,10.144303252207624,1.7698622104954558,0.0008834921148900321,0.009176874010590837,0.0030206057991017587,-0.021051296319346876,0.6767938825115561,0.13079423665069043,0.00019561483635243348,-0.10601706933230162,0.39485386174965703,0.16532791052364007,0.048683571010332355,19670.0,,,,,,1.0,1.0,2.0,4.0,3.0,2.74,0.0,5.0,2.0,4.0,,,,,
26,25_5_2_5_2_1,25_5_2_5_2_1_StartGoalLocations_Seed1010.csv,60,4057.6717315912247,58,0.9666666666666667,2,7,2,2,11,7,0,323,7,321,0.021671826625386997,0.2214188000781708,5.457277475517168,7,6,5,0.13249951143247995,0.5364471369943327,2.5,2,6,0,6.0,,8,5.86,,10.83,,0.0,,2.0,,8.79,0.0,3.6,0,12,0,7,0,0,6,3,208,0,148,16,44,0,4,0.7115,0.0769,0,0,0,511.7,0.0,5800.0,0.0,3806.262,-2133.716,3.5,0.0,0.0,-200.0,7.129,-418.202,0.0,-2220.0,0.0,-668.0,150.0,0.0,0.0,0.0,0.0,-236.0,0.0,-345.0,1.56102,10.62524,-0.11942,1.41204,-0.56439,0.86357,0.02931,0.85557,-0.11354,0.78674,0.0,-1247.608,5950.0,0.0,4596.642,-2079.989,-0.24382,1.51447,1.16279,10.61736,0.49182,1.51145,0.20481,1.19047,0.01251,92.96875,0.98847,1.32001,0.0,-22.338,84.517,0.0,216.4245,-153.8505,-54.694,59,9,7,339,61,319,302,1021,201,427,393,0,339,363,319,0,133,17,117,0.19686581782566112,0.33202742409402547,1021,545,78,-6.965,9964.44,7.065,0.0,150.0,0.0,-1976.695,-618.138,-2888.0,0.0,-581.0,9964.44,7.065,0.0,150.0,0.0,-1976.695,-618.138,-2888.0,0.0,-581.0,0,99,60,58,2,6,6,1,441,5,7,0,7,0,1.0,0,14,9,6,6,3200,1027,1027,349,349,1664,390,280,280,40,0,1958,122,0,0,833,10,2,6,8,8,0,0,45,116,2,64,1,305,0,6,0,30,19989,49.41217669718345,2.8586615369039183,29.63629996498074,1.5791695009219628,23.52293761568863,6.973835609585272,2.3570820927264995,0.0008085194650448102,0.008535455298260785,0.0033560524031054227,-0.021416776719270274,0.7006541683524847,0.14355865691322833,0.00021882146613734222,-0.1271630473714322,0.3819495598091991,0.157523471200203,0.04942575209355827,19705.0,,,,,,1.0,1.0,12.0,2.5,16.0,2.0,15.0,15.0,123.0,7.0,,,,,
27,25_5_2_5_2_1,25_5_2_5_2_1_StartGoalLocations_Seed1008.csv,25,3028.82390601933,25,1.0,2,0,2,2,3,0,0,5,0,3,0.0,0.014007782101167316,7.699937741765716,5,5,4,0.0178988326848249,0.6101167315175098,0.0,1,3,0,5.0,,5,5.9,,10.4,,0.0,,0.0,,8.3,0.0,0.1,0,4,0,2,0,0,0,2,129,0,94,17,18,0,0,0.7287,0.1318,0,0,0,128.5,0.0,2500.0,0.0,1168.608,-522.0,0.0,0.0,0.0,-100.0,1.056,-3.84,0.0,-15.0,0.0,-196.0,125.0,0.0,0.0,0.0,0.0,-57.5,0.0,0.0,2.54872,13.80319,-0.07999,1.96669,-0.1642,1.04261,0.09728,1.55642,-0.04475,0.14273,0.0,-153.064,2625.0,0.0,1343.466,-465.775,-0.11912,2.0658,2.0428,13.88565,0.68303,1.33624,0.01634,7.28876,0.02335,87.5,0.97743,1.44048,0.0,-3.1325,37.2869,0.0,66.7776,-33.1143,-2.444,0,0,0,1,0,0,5,6,2,2,2,0,1,5,0,0,0,0,3,0.3333333333333333,0.16666666666666666,6,6,2,1.28,3762.308,0.8,0.0,125.0,0.0,-487.2,-103.584,-211.0,0.0,-57.5,3762.308,0.8,0.0,125.0,0.0,-487.2,-103.584,-211.0,0.0,-57.5,0,1,25,25,0,5,5,0,2,5,0,0,0,0,,0,0,2,0,0,1024,0,0,5,5,44,4,4,4,0,0,145,0,0,0,283,1,0,0,0,0,0,0,1,0,0,0,0,305,0,0,0,0,4443,41.79608372721135,1.308562197092084,9.633130767499438,1.5186916114849465,6.2795408507765025,1.2153950033760972,2.827956989247312,0.0006763701036405223,0.008777849969192175,0.003700640651914,-0.02209725526336115,0.7549795813392848,0.1498334058560431,0.00037055670003383057,-0.14619296599994414,0.366224731778722,0.16334923507155782,0.048824313057181226,6079.0,,,,,,,,,,,,,,,,,,,,
28,25_5_2_5_2_1,25_5_2_5_2_1_StartGoalLocations_Seed1005.csv,40,2625.86255261302,38,0.95,3,3,3,3,4,3,2,171,5,168,0.029239766081871343,0.23619732113688338,5.259559055899228,6,5,4,0.10189418680600915,0.5316786414108425,0.0,1,4,0,5.0,,6,5.69,,11.0,,0.0,,9.6,,8.26,0.1,4.0,0,9,0,7,0,0,1,4,108,0,89,6,13,0,2,0.8241,0.0556,8,2,0,306.2,0.0,3800.0,0.0,2256.716,-1202.149,0.0,0.0,0.0,-300.0,2.108,-355.012,0.0,-1305.0,0.0,-552.0,125.0,0.0,0.0,0.0,0.0,-150.0,0.0,0.0,1.68542,11.10012,-0.21323,2.22298,-0.60647,1.00396,0.04082,1.00941,-0.04899,0.14864,0.0,-1048.722,3925.0,0.0,2672.54,-1054.575,-0.3425,2.34416,1.28184,11.11213,0.5284,1.2477,0.18713,1.83023,0.01404,91.27907,0.98694,1.23333,0.0,-18.0886,55.7528,0.0,128.9552,-77.2657,-38.439,75,8,19,195,59,162,142,558,74,265,219,0,192,203,163,0,132,8,30,0.13261648745519714,0.34408602150537637,556,241,67,-10.182,6273.661,1.98,0.0,125.0,0.0,-1112.893,-654.884,-1857.0,0.0,-150.0,6273.661,1.98,0.0,125.0,0.0,-1112.893,-654.884,-1857.0,0.0,-150.0,0,91,40,38,2,5,4,0,213,5,3,0,3,0,1.0,0,7,6,2,2,1368,183,183,334,334,1289,360,165,165,20,0,1146,179,0,0,591,1,0,1,4,4,0,0,47,28,3,70,0,305,0,2,0,10,8625,66.33043478260869,2.678552700576822,30.678260869565218,1.9588199447504668,22.620289855072464,3.1768115942028987,2.958482829318298,0.0008605796925962085,0.008593833814674651,0.0036832342102677065,-0.023163098477001428,0.7714164453988884,0.15805268265873368,0.0003069915938896075,-0.1567686811438081,0.36871726565994095,0.16621654799901792,0.04887326306042676,8146.0,1.0,5.27,9.0,5.0,47.0,,,,,,,,,,,,,,,
29,25_5_2_5_2_1,25_5_2_5_2_1_StartGoalLocations_Seed1003.csv,25,2750.214587509632,24,0.96,0,1,0,0,1,1,1,33,1,33,0.030303030303030304,0.13316892725030827,7.119633844836573,1,0,0,0.016029593094944512,0.7016029593094945,0.0,0,0,0,,,1,,,,,,,,,8.0,0.0,0.5,0,2,0,0,0,0,0,0,58,0,49,2,7,0,2,0.8448,0.0345,0,0,0,81.1,0.0,2400.0,0.0,785.76,-225.21,0.0,0.0,0.0,0.0,0.0,-46.935,0.0,-204.0,0.0,-16.0,0.0,0.0,0.0,0.0,0.0,-24.5,0.0,0.0,3.75049,16.86489,-0.05787,0.19618,-0.27127,0.36207,0.0,0.0,-0.03021,0.11913,0.0,-89.909,2400.0,0.0,899.537,-207.545,-0.11086,0.38953,2.95931,16.94619,0.85326,1.18649,0.08878,1.24874,0.02959,100.0,0.97041,1.40671,0.0,-1.0917,34.0909,0.0,44.9006,-14.2691,-3.444,8,4,1,18,12,21,19,70,5,37,28,0,17,32,21,0,12,0,0,0.07142857142857142,0.24285714285714285,70,14,6,-3.026,3250.56,0.0,0.0,0.0,0.0,-208.91,-46.935,-220.0,0.0,-24.5,3250.56,0.0,0.0,0.0,0.0,-208.91,-46.935,-220.0,0.0,-24.5,0,11,25,24,1,0,0,0,23,5,1,0,1,0,1.0,0,2,1,0,0,340,18,18,42,42,104,44,8,8,0,0,172,26,0,0,166,0,0,1,1,1,0,0,5,0,0,7,0,305,0,0,0,0,1595,63.13479623824451,1.4538232373386295,16.238244514106583,1.1352316717397868,9.0282131661442,1.1912225705329154,3.2083333333333335,0.0009057125073013595,0.008310085940448677,0.0036873298697173594,-0.023185156724032235,0.779202596580281,0.15431390387170454,0.0003128545785062563,-0.15593464006395902,0.35835982892081963,0.17185929648241205,0.04927794399287342,1990.0,1.0,1.65,11.0,0.0,12.0,,,,,,,,,,,,,,,
30,25_5_2_5_2_1,25_5_2_5_2_1_StartGoalLocations_Seed1018.csv,25,2946.2714668512344,24,0.96,0,0,0,0,0,0,0,59,0,59,0.0,0.0784313725490196,7.033854808547616,4,2,2,0.07716635041113219,0.5945604048070842,0.0,1,2,0,2.0,,4,8.0,,10.0,,0.0,,0.0,,10.52,0.0,1.6,0,0,0,0,0,0,0,0,73,0,48,4,21,0,0,0.6575,0.0548,0,0,0,158.1,0.0,2400.0,0.0,1385.1,-575.1,0.0,0.0,0.0,0.0,1.6,-39.428,0.0,-343.5,0.0,0.0,50.0,0.0,0.0,0.0,0.0,-90.5,0.0,0.0,2.13036,12.22771,-0.02393,0.12108,-0.21727,0.24785,0.03163,0.88862,-0.05724,0.1592,0.0,-101.142,2450.0,0.0,1624.763,-512.083,-0.06397,0.22817,1.54965,12.25528,0.70378,1.28525,0.08476,0.75479,0.01645,94.23077,0.98482,1.37241,0.0,-2.1303,34.8011,0.0,79.1486,-38.0343,-6.07,3,2,0,49,6,46,35,136,28,58,50,0,49,41,46,0,30,0,9,0.20588235294117646,0.3602941176470588,136,54,18,-3.686,3903.322,1.6,0.0,50.0,0.0,-535.222,-39.428,-343.5,0.0,-90.5,3903.322,1.6,0.0,50.0,0.0,-535.222,-39.428,-343.5,0.0,-90.5,0,21,25,24,1,2,1,0,46,5,0,0,0,0,,0,0,0,0,0,672,88,88,68,68,232,84,30,30,0,0,140,0,0,0,282,1,0,2,3,3,0,0,7,31,1,7,0,305,0,0,0,0,3924,58.613659531090725,1.3986956521739131,31.01427115188583,1.6713383560483677,23.190621814475026,4.9439347604485215,2.4604395604395606,0.0009289129848617623,0.008653821077175616,0.003596016697840588,-0.022763679336224283,0.7795633148579371,0.15986171391393458,0.00030069373349847625,-0.15393678551273687,0.3726828206536323,0.14687661331956633,0.04731956228644593,3874.0,2.0,4.5,7.0,0.0,0.0,,,,,,,,,,,,,,,
31,25_5_2_5_2_1,25_5_2_5_2_1_StartGoalLocations_Seed1006.csv,25,3183.9191395267844,25,1.0,0,0,0,0,9,0,0,35,0,35,0.0,0.0718294051627385,7.761015153626936,4,3,2,0.03984287317620651,0.6105499438832772,0.0,1,2,0,3.0,,4,13.83,,18.5,,0.0,,0.0,,9.95,0.0,0.8,0,0,0,0,0,0,0,0,221,0,183,6,32,0,5,0.8281,0.0271,0,0,0,178.2,0.0,2500.0,0.0,1580.415,-732.315,17.5,0.0,0.0,0.0,0.8,-65.681,0.0,-261.0,0.0,-40.0,75.0,0.0,0.0,0.0,0.0,-69.0,0.0,0.0,1.98866,11.77671,-0.03641,0.1574,-0.16891,0.36673,0.04209,1.0249,-0.03872,0.13365,0.0,-161.208,2575.0,0.0,1808.615,-673.137,-0.09046,0.3809,1.44501,11.80068,0.63719,1.345,0.07744,1.16817,0.01571,91.96429,0.98316,1.41652,0.0,-2.0304,36.5767,0.0,91.3094,-45.7894,-5.644,2,1,0,37,46,24,18,126,20,78,28,0,37,65,24,0,17,0,0,0.15873015873015872,0.29365079365079366,126,34,14,-3.673,4225.894,0.8,0.0,75.0,0.0,-682.094,-65.681,-301.0,0.0,-69.0,4225.894,0.8,0.0,75.0,0.0,-682.094,-65.681,-301.0,0.0,-69.0,0,41,25,25,0,3,3,0,23,5,0,0,0,0,,0,0,0,0,0,2576,4,4,8,8,276,164,78,78,0,0,174,0,0,0,211,0,0,0,1,1,0,0,2,24,1,2,0,305,0,0,0,0,7600,47.171052631578945,1.3216178521617852,26.907894736842106,1.4658190908707442,22.894736842105264,2.9473684210526314,3.268390804597701,0.0008839463797931271,0.008273053748000945,0.003998349138003375,-0.023489636792772398,0.8108773124143944,0.16662646950401874,0.00037965042908315875,-0.17516976976709336,0.3633587576000197,0.17349773050606326,0.04709839341525772,14761.0,1.0,5.0,11.0,0.0,0.0,,,,,,,,,,,,,,,
32,25_5_2_5_2_1,25_5_2_5_2_1_StartGoalLocations_Seed1011.csv,25,3001.3345628753304,25,1.0,0,0,0,0,5,0,0,79,0,79,0.0,0.13560090702947847,7.123897965749105,9,6,7,0.0707482993197279,0.5795918367346938,0.0,1,4,0,6.0,,9,6.0,,11.17,,0.0,,9.7,,10.53,0.0,5.9,0,0,0,0,0,0,0,0,181,0,134,9,38,0,4,0.7403,0.0497,0,0,0,220.5,0.0,2500.0,0.0,1878.082,-823.018,10.5,0.0,0.0,0.0,0.4,-107.629,0.0,-629.0,0.0,-72.0,150.0,0.0,0.0,0.0,0.0,-126.5,0.0,0.0,1.71704,10.61113,-0.04863,0.18165,-0.31791,0.41494,0.06803,1.30233,-0.05737,0.15935,0.0,-213.316,2650.0,0.0,2140.88,-794.658,-0.09674,0.32095,1.20181,10.65997,0.61053,1.3045,0.0907,1.06658,0.01406,85.48387,0.98594,1.35029,0.0,-2.9337,37.642,0.0,107.919,-54.2582,-9.624,52,26,34,88,9,56,30,183,42,83,58,0,88,39,56,0,53,0,3,0.22950819672131148,0.4808743169398907,183,115,29,-4.914,4551.382,0.4,0.0,150.0,0.0,-765.318,-107.629,-701.0,0.0,-126.5,4551.382,0.4,0.0,150.0,0.0,-765.318,-107.629,-701.0,0.0,-126.5,0,46,25,25,0,4,4,0,65,5,0,0,0,0,,0,0,0,0,0,1372,12,12,54,54,440,184,182,182,36,0,434,12,0,0,443,1,1,0,1,1,0,0,3,38,1,52,0,305,0,0,0,0,7843,51.34514854009945,1.5636950583560965,24.671681754430704,1.5542635841848622,19.0360831314548,4.18207318628076,3.070997990622907,0.001065239475819139,0.008145828306425157,0.0041198006311143716,-0.024338647793793817,0.837135767797687,0.1697617811381643,0.0003549145484487757,-0.18537791625056252,0.36869077167696696,0.1673666793941708,0.04854021416517019,7857.0,3.0,2.67,10.33,0.0,0.3,,,,,,,,,,,,,,,
33,25_5_2_5_2_1,25_5_2_5_2_1_StartGoalLocations_Seed1000.csv,60,5105.599370330572,60,1.0,2,1,2,2,1,1,1,97,1,95,0.010309278350515464,0.21262798634812285,5.602772248020147,1,1,1,0.07198908222449676,0.576936199249403,0.0,0,0,0,1.0,,1,6.5,,13.0,,0.0,,4.0,,6.74,0.1,2.0,0,5,0,2,0,0,1,2,210,0,145,6,59,0,51,0.6905,0.0286,0,0,0,293.1,0.0,6000.0,0.0,2361.575,-1229.537,0.0,0.0,0.0,-200.0,4.286,-240.825,0.0,-1358.5,0.0,-472.0,25.0,0.0,0.0,0.0,0.0,-77.5,0.0,0.0,2.53331,14.16157,-0.14894,1.85674,-0.62453,1.02644,0.00853,0.4617,-0.02644,0.1119,0.0,-667.862,6025.0,0.0,2675.414,-1093.842,-0.22786,1.94262,2.05561,14.16672,0.5396,1.27744,0.13681,1.66549,0.02081,98.77049,0.97953,1.31287,0.0,-12.5062,85.5824,0.0,134.9472,-74.6878,-28.964,24,2,0,81,80,155,87,403,33,184,186,0,79,168,156,0,50,2,6,0.08188585607940446,0.19602977667493796,403,152,60,-12.676,8563.455,4.222,0.0,25.0,0.0,-1138.317,-440.761,-1830.5,0.0,-77.5,8563.455,4.222,0.0,25.0,0.0,-1138.317,-440.761,-1830.5,0.0,-77.5,0,103,60,60,0,1,1,0,94,5,1,0,1,0,1.0,0,2,3,1,2,620,96,96,87,87,838,413,144,144,0,0,1548,62,0,0,663,4,0,3,5,5,0,0,14,74,2,20,0,305,0,1,0,5,5873,81.21913843010387,2.859538784067086,26.49412565979908,1.2948264944496395,18.372211816788695,3.933253873659118,2.5959221501390175,0.0008641419832729884,0.00790970859027678,0.003890930156734201,-0.02378345338567611,0.8369248186388324,0.17004181209110444,0.00034402859431969363,-0.18532715276364356,0.34637030188423473,0.1852062588904694,0.048066676212340745,3515.0,,,,,,,,,,,,,,,,,,,,
34,25_5_2_5_2_1,25_5_2_5_2_1_StartGoalLocations_Seed1003.csv,60,5275.906031578779,59,0.9833333333333333,1,2,1,1,0,2,1,168,2,167,0.011904761904761904,0.2166189111747851,5.478167604921882,5,4,3,0.10888252148997135,0.5461318051575931,0.0,1,4,0,4.0,,5,2.51,,8.0,,0.0,,1.8,,8.25,0.0,3.5,0,8,0,4,0,0,0,2,163,0,133,8,22,0,8,0.816,0.0491,1,0,0,349.0,0.0,5900.0,0.0,2657.494,-1153.386,0.0,0.0,0.0,-100.0,4.072,-400.274,0.0,-1597.0,0.0,-256.0,100.0,0.0,0.0,0.0,0.0,-228.0,0.0,0.0,2.22152,12.88918,-0.14218,1.22663,-0.53095,0.60718,0.02865,0.84588,-0.06533,0.16851,0.0,-852.615,6000.0,0.0,3313.915,-944.208,-0.2443,1.32442,1.7192,12.91569,0.679,1.20181,0.18481,1.32188,0.01805,95.2381,0.98252,1.2418,0.0,-13.2846,85.2273,0.0,151.8568,-78.9363,-35.663,98,9,13,291,56,153,148,650,197,244,209,0,291,206,153,0,131,0,49,0.3030769230769231,0.44769230769230767,649,300,55,-7.587,8820.162,4.066,0.0,100.0,0.0,-1067.054,-500.268,-1853.0,0.0,-228.0,8820.162,4.066,0.0,100.0,0.0,-1067.054,-500.268,-1853.0,0.0,-228.0,0,131,60,59,1,4,4,0,264,5,2,0,2,0,1.0,0,6,3,0,0,920,272,272,433,433,1232,523,319,319,19,0,1832,48,0,0,688,7,1,1,3,3,0,0,19,167,2,91,0,305,0,0,0,0,8496,68.18502824858757,3.7360607629898155,34.96939736346516,1.8227911731482145,24.07015065913371,6.297080979284369,2.6792176039119804,0.0006906587256589378,0.008548293029889464,0.004399217075020399,-0.024118120652501997,0.8618184973364291,0.16995447838436004,0.000591954218006045,-0.2094278902463291,0.3454998785404406,0.18040407652422671,0.049102875425926194,5593.0,1.0,4.5,25.0,0.0,91.0,,,,,,,,,,,,,,,
35,25_5_2_5_2_1,25_5_2_5_2_1_StartGoalLocations_Seed1001.csv,60,5463.0311288535595,60,1.0,1,4,1,1,1,4,0,145,4,144,0.027586206896551724,0.19027777777777777,5.927736444051067,8,8,6,0.11163565676201055,0.6012218828103305,0.0,2,7,0,8.0,,8,5.53,,11.12,,0.6,,5.9,,8.27,0.5,3.1,0,10,0,5,0,0,3,5,192,0,152,1,39,0,28,0.7917,0.0052,0,0,0,360.1,0.0,6000.0,0.0,2923.742,-1384.864,17.5,0.0,0.0,-100.0,9.648,-324.095,0.0,-1598.5,0.0,-512.0,200.0,0.0,0.0,0.0,0.0,-128.5,0.0,0.0,2.19841,12.8056,-0.11509,1.19811,-0.58609,0.71991,0.05554,1.17704,-0.03568,0.12872,0.0,-748.197,6200.0,0.0,3517.094,-1141.655,-0.20777,1.30105,1.72174,12.84696,0.65966,1.26606,0.15912,1.30575,0.01888,91.17647,0.9825,1.31677,0.0,-12.0231,88.0682,0.0,168.071,-86.478,-33.891,66,8,8,205,66,136,158,567,46,344,177,0,200,228,139,0,149,26,35,0.08112874779541446,0.3527336860670194,567,242,83,-8.75,9201.094,9.392,0.0,200.0,0.0,-1284.616,-423.839,-2110.5,0.0,-128.5,9201.094,9.392,0.0,200.0,0.0,-1284.616,-423.839,-2110.5,0.0,-128.5,0,98,60,60,0,8,8,0,206,5,4,0,4,0,1.0,0,11,5,3,3,800,204,204,401,401,1121,390,190,190,12,0,742,46,0,0,807,8,1,4,10,10,0,0,68,52,6,71,1,305,0,6,0,30,9668,71.01779064956558,2.4145062627439557,33.17128671907323,1.4940326062397289,21.741828713280928,3.9718659495242035,2.9843006660323503,0.0008003011560504091,0.00858611626084894,0.004444687953218817,-0.025182592878118158,0.8892222905158996,0.17194646146148443,0.0006231980756274424,-0.23048979870975017,0.35630756233258626,0.1675073560319462,0.048360911917228154,4758.0,,,,,,,,,,,,,,,,,,,,
36,25_5_2_5_2_1,25_5_2_5_2_1_StartGoalLocations_Seed1003.csv,60,1903.4286586344242,56,0.9333333333333333,7,6,7,7,7,6,0,241,6,234,0.024896265560165973,0.2459087933667903,6.030647602321642,6,5,2,0.328973185088293,0.696969696969697,8.680000066757202,1,4,0,5.0,1.0,8,8.31,8.36,15.0,8.36,5.0,20.0,22.4,112.0,6.88,0.5,3.4,1,28,0,16,0,0,5,8,192,0,153,9,30,0,28,0.7969,0.0469,0,0,0,458.7,0.0,5600.0,0.0,2747.391,-1423.577,133.0,0.0,0.0,-700.0,3.121,-565.207,0.0,-1532.5,0.0,-1684.0,125.0,0.0,0.0,0.0,0.0,-568.5,0.0,-690.0,1.63844,11.00865,-0.27514,2.76234,-0.70122,1.53321,0.02725,0.82494,-0.27436,1.1612,0.0,-2031.59,5725.0,0.0,3373.24,-2106.293,-0.4429,2.89164,1.24809,11.00944,0.2762,1.70164,0.23741,1.86556,0.0133,93.85246,0.98757,1.20961,0.0,-37.6741,81.321,0.0,162.7652,-151.433,-51.222,182,22,86,466,116,247,238,1071,109,690,272,0,465,357,249,0,264,73,142,0.10177404295051354,0.4341736694677871,1071,442,53,0.504,8832.605,2.275,0.0,125.0,0.0,-1317.091,-1264.361,-3216.5,0.0,-1258.5,8832.605,2.275,0.0,125.0,0.0,-1317.091,-1264.361,-3216.5,0.0,-1258.5,0,138,60,56,4,5,4,1,487,5,6,0,6,0,1.0,0,22,13,8,4,3200,598,598,951,951,1343,547,203,203,16,0,902,229,0,0,584,1,0,5,10,8,2,0,122,138,4,122,8,305,0,18,0,90,17492,66.36748227761262,1.6399345335515547,20.140635719185912,1.4037823011031205,15.081179967985365,6.894580379602104,1.9431387414708112,0.0008105986187570125,0.008037319335853681,0.004014578281785361,-0.025135755974333734,0.9038358848541975,0.1699665419384837,0.0006564524539680861,-0.23936284421011805,0.34688662123782954,0.1636124378594405,0.051477041890614694,20518.0,,,,,,1.0,1.0,1.5,9.0,12.0,4.0,0.0,20.0,0.0,52.0,30.64,30.64,0.0,0.0,0.0
37,25_5_2_5_2_1,25_5_2_5_2_1_StartGoalLocations_Seed1002.csv,25,2649.850368529558,25,1.0,0,1,0,0,3,1,1,72,2,72,0.027777777777777776,0.10829335161069226,6.979361314165666,4,4,3,0.013708019191226868,0.6716929403701165,0.0,1,3,0,4.0,,4,5.0,,10.62,,0.0,,0.0,,9.4,0.0,1.0,0,2,0,0,0,0,0,0,171,0,141,8,22,0,2,0.8246,0.0468,4,1,0,145.9,0.0,2500.0,0.0,1338.096,-537.546,0.0,0.0,0.0,0.0,0.0,-109.1,0.0,-540.0,0.0,-208.0,100.0,0.0,0.0,0.0,0.0,-39.5,0.0,0.0,2.3622,12.9659,-0.07478,0.22849,-0.51268,0.74717,0.06854,1.30721,-0.02707,0.11315,0.0,-217.209,2600.0,0.0,1540.982,-489.144,-0.14888,0.49866,1.78204,13.03411,0.72093,1.27921,0.10555,1.41045,0.01988,89.65517,0.98012,1.41967,0.0,-2.1964,36.9318,0.0,76.4626,-32.9741,-2.336,7,1,0,22,104,3,19,148,5,137,6,0,15,130,3,0,10,0,0,0.033783783783783786,0.10135135135135136,148,30,2,-0.89,3948.096,0.0,0.0,100.0,0.0,-501.646,-109.1,-748.0,0.0,-39.5,3948.096,0.0,0.0,100.0,0.0,-501.646,-109.1,-748.0,0.0,-39.5,0,62,25,25,0,3,3,0,11,5,1,0,1,0,1.0,0,2,1,0,0,1072,0,0,39,39,400,248,7,7,4,0,22,0,0,0,248,0,0,0,0,0,0,0,3,0,0,7,2,305,0,0,0,0,4421,50.712508482243834,1.6543264942016056,25.33363492422529,1.4334598401844103,18.163311467993665,3.1667043655281613,3.1295143212951433,0.0006760017390321869,0.007212335235133434,0.004209627148889895,-0.024967747768248196,0.9223473874935463,0.16869652279610955,0.0009165055960340342,-0.27632884709025496,0.3387989190194651,0.15631626779763708,0.05022499050595613,6602.0,,,,,,,,,,,,,,,,,,,,
38,25_5_2_5_2_1,25_5_2_5_2_1_StartGoalLocations_Seed1005.csv,40,4296.014678373933,40,1.0,1,0,1,1,3,0,0,34,0,33,0.0,0.1337126600284495,7.009355368519237,4,4,2,0.07254623044096728,0.6073968705547653,0.0,1,3,0,4.0,,4,5.62,,11.0,,0.0,,7.8,,5.88,0.0,1.5,0,2,0,1,0,0,0,1,123,0,97,7,19,0,3,0.7886,0.0569,0,0,0,140.6,0.0,4000.0,0.0,1181.68,-397.63,10.5,0.0,0.0,-100.0,0.16,-102.295,0.0,-264.5,0.0,-172.0,100.0,0.0,0.0,0.0,0.0,-100.5,0.0,0.0,3.51006,16.56955,-0.14377,1.89302,-0.31046,0.95888,0.07112,1.33155,-0.07148,0.17502,0.0,-292.859,4100.0,0.0,1343.375,-412.624,-0.20829,1.98817,2.91607,16.66642,0.66198,1.21618,0.09459,2.20195,0.03129,93.18182,0.96657,1.29213,0.0,-5.0919,58.2386,0.0,68.1246,-28.4646,-9.652,33,20,18,69,22,15,21,128,30,72,26,0,67,46,15,0,43,0,0,0.234375,0.5234375,128,32,12,-2.276,5304.581,0.0,0.0,100.0,0.0,-369.43,-202.135,-436.5,0.0,-100.5,5304.581,0.0,0.0,100.0,0.0,-369.43,-202.135,-436.5,0.0,-100.5,0,16,40,40,0,4,4,0,47,5,0,0,0,0,,0,0,1,0,0,948,20,20,49,49,160,64,4,4,0,0,408,118,0,0,248,3,0,2,2,2,0,0,2,38,0,19,0,305,0,0,0,0,4217,48.4230495612995,1.5666013712047013,14.322978420678208,1.509768230655533,10.457671330329617,4.221010196822386,2.018140589569161,0.001032155051693025,0.007434498282927501,0.003920504791890015,-0.02493480492367523,0.9234962317511,0.169733471791201,0.0009403684201556011,-0.27200256036555215,0.33272354405961807,0.1482429205049471,0.051338770575753076,5862.0,,,,,,,,,,,,,,,,,,,,
39,25_5_2_5_2_1,25_5_2_5_2_1_StartGoalLocations_Seed1019.csv,25,2953.067936360836,25,1.0,0,0,0,0,2,0,0,6,0,6,0.0,0.020905923344947737,7.818946866415934,0,0,0,0.040940766550522645,0.5069686411149826,0.0,0,0,0,,,0,,,,,,,,,8.32,0.0,0.3,0,0,0,0,0,0,0,0,58,0,49,3,6,0,2,0.8448,0.0517,0,0,0,114.8,0.0,2500.0,0.0,899.163,-312.663,0.0,0.0,0.0,0.0,0.0,-7.232,0.0,-65.5,0.0,-24.0,0.0,0.0,0.0,0.0,0.0,-151.5,0.0,0.0,2.78859,14.56434,-0.0063,0.06453,-0.07796,0.32569,0.0,0.0,-0.13197,0.22038,0.0,-18.52,2500.0,0.0,1026.274,-339.265,-0.01613,0.1388,2.1777,14.59547,0.59844,1.21233,0.01394,1.1575,0.02178,100.0,0.97822,1.21597,0.0,-0.191,35.5114,0.0,51.3807,-26.5236,-1.553,2,1,0,4,0,3,5,12,1,7,4,0,4,5,3,0,3,0,0,0.08333333333333333,0.3333333333333333,12,6,2,-1.712,3492.863,0.0,0.0,0.0,0.0,-291.563,-7.232,-89.5,0.0,-151.5,3492.863,0.0,0.0,0.0,0.0,-291.563,-7.232,-89.5,0.0,-151.5,0,2,25,25,0,0,0,0,3,5,0,0,0,0,,0,0,0,0,0,484,0,0,14,14,120,8,0,0,0,0,40,0,0,0,215,0,0,0,0,0,0,0,1,0,0,4,0,305,0,0,0,0,2239,54.48861098704779,1.4778688524590164,16.70388566324252,0.9872994755300131,8.575256811076374,0.0,4.067708333333333,0.0007832483224774478,0.007104734387941474,0.004024516025265632,-0.0250250050444002,0.9266958251472347,0.16751127542296718,0.0007399681052154562,-0.27158944222552717,0.335050050407984,0.15974235104669887,0.05243916574602125,3105.0,,,,,,,,,,,,,,,,,,,,
40,25_5_2_5_2_1,25_5_2_5_2_1_StartGoalLocations_Seed1008.csv,25,3156.6131630539894,25,1.0,0,0,0,0,2,0,0,23,0,23,0.0,0.04994388327721661,7.479944554777392,1,1,1,0.06172839506172839,0.5953984287317621,0.0,0,0,0,1.0,,1,10.5,,15.0,,0.0,,0.0,,13.83,0.0,0.5,0,0,0,0,0,0,0,0,88,0,63,6,19,0,3,0.7159,0.0682,0,0,0,178.2,0.0,2500.0,0.0,1589.73,-588.18,7.0,0.0,0.0,0.0,0.207,-20.344,0.0,-236.5,0.0,-164.0,25.0,0.0,0.0,0.0,0.0,-134.5,0.0,0.0,2.06888,11.75814,-0.0113,0.08518,-0.22475,0.61965,0.01403,0.59206,-0.07548,0.179,0.0,-55.384,2525.0,0.0,1931.863,-472.031,-0.03108,0.15806,1.41695,11.77433,0.81921,1.25808,0.05499,0.56514,0.01459,97.11538,0.98485,1.36974,0.0,-1.0549,35.8665,0.0,91.2417,-41.296,-5.684,1,1,0,10,5,32,18,65,6,23,36,0,10,23,32,0,4,0,0,0.09230769230769231,0.15384615384615385,65,27,12,-3.253,4234.53,0.207,0.0,25.0,0.0,-547.78,-20.344,-400.5,0.0,-134.5,4234.53,0.207,0.0,25.0,0.0,-547.78,-20.344,-400.5,0.0,-134.5,0,5,25,25,0,1,1,0,26,5,0,0,0,0,,0,0,0,0,0,644,8,8,36,36,232,20,52,52,8,0,290,12,0,0,403,14,1,2,2,2,0,0,2,32,0,0,0,305,0,0,0,0,3693,62.7944760357433,1.7632600258732212,18.629840238288654,1.1813136087561318,12.997562956945572,1.083130246412131,3.375,0.0007988172604635348,0.007120128732567989,0.003999207222325184,-0.02524635906082503,0.9238848552940795,0.16796738737673492,0.0007884547185595292,-0.2720438857441363,0.34006117855086887,0.1573930963420917,0.04944025531635323,3882.0,,,,,,,,,,,,,,,,,,,,
41,25_5_2_5_2_1,25_5_2_5_2_1_StartGoalLocations_Seed1005.csv,60,4534.226200670004,59,0.9833333333333333,3,1,3,3,11,1,1,93,1,90,0.010752688172043012,0.20960980328926151,6.628740059079105,2,2,2,0.26475330538535957,0.7026765559496937,19.5,1,2,0,2.0,1.0,3,6.0,19.5,11.0,20.0,0.0,0.0,0.0,20.0,6.84,0.0,4.2,0,8,0,6,0,0,0,4,172,0,136,8,28,0,11,0.7907,0.0465,0,0,0,310.1,0.0,5900.0,0.0,2154.551,-998.553,3.5,0.0,0.0,-300.0,3.989,-326.861,0.0,-1074.0,0.0,-556.0,50.0,0.0,0.0,0.0,0.0,-287.5,0.0,-345.0,2.37652,13.65843,-0.20086,2.20679,-0.52564,1.09176,0.01612,0.63469,-0.20397,1.01641,0.0,-952.508,5950.0,0.0,2593.107,-1122.494,-0.30716,2.3154,1.91874,13.67416,0.47424,1.53788,0.15608,1.96799,0.01967,97.54098,0.97904,1.22385,0.0,-16.5064,84.517,0.0,122.3553,-92.2411,-29.669,99,19,26,200,54,130,88,473,33,250,190,0,198,143,132,0,166,0,14,0.06976744186046512,0.4186046511627907,473,217,48,-6.864,8292.924,3.625,0.0,50.0,0.0,-923.326,-626.496,-1630.0,0.0,-632.5,8292.924,3.625,0.0,50.0,0.0,-923.326,-626.496,-1630.0,0.0,-632.5,0,69,60,59,1,2,2,0,196,5,1,0,1,0,1.0,0,2,4,0,0,3200,293,293,384,384,775,275,68,68,4,0,887,52,0,0,553,1,0,4,5,5,0,0,67,52,1,103,2,305,0,0,0,0,9166,39.8647174339952,2.3544061302681993,16.19026838315514,1.288030677106648,10.626227361989963,2.029238490072005,2.7145790554414786,0.0008284562021617603,0.006928822345798835,0.003995562094205525,-0.02578015285776928,0.9617779999226331,0.17896112717688084,0.0010888267459449707,-0.2979223271645606,0.3388557498792813,0.1624466289345646,0.051979848477422104,20142.0,,,,,,,,,,,,,,,,,,,,
42,25_5_2_5_2_1,25_5_2_5_2_1_StartGoalLocations_Seed1005.csv,60,4050.331201851368,58,0.9666666666666667,2,4,2,2,15,4,2,287,5,285,0.017421602787456445,0.26787487586891756,5.760974649284424,4,3,0,0.19657483246463142,0.6316703896748573,1.5,1,2,0,3.0,,5,3.25,,10.33,,1.7,,9.7,,7.16,0.4,2.7,0,12,0,6,0,0,3,4,316,0,198,8,110,0,71,0.6266,0.0253,6,1,0,402.9,0.0,5800.0,0.0,2790.024,-1501.46,35.0,0.0,0.0,-200.0,2.242,-652.374,0.0,-1706.5,0.0,-420.0,75.0,0.0,0.0,0.0,0.0,-229.5,0.0,-345.0,1.86807,11.93273,-0.211,1.60104,-0.5278,0.64859,0.01862,0.68193,-0.14259,0.86051,0.0,-1456.478,5875.0,0.0,3372.673,-1677.625,-0.3615,1.74091,1.45818,11.92876,0.42071,1.52802,0.22934,1.57627,0.01514,96.31148,0.98536,1.27212,0.0,-20.3871,83.4517,0.0,159.43,-116.6263,-45.777,99,17,26,287,145,271,197,900,110,485,305,0,285,344,271,0,226,23,77,0.12222222222222222,0.31666666666666665,900,374,51,-11.155,8909.976,2.053,0.0,75.0,0.0,-1383.512,-852.185,-2126.5,0.0,-574.5,8909.976,2.053,0.0,75.0,0.0,-1383.512,-852.185,-2126.5,0.0,-574.5,0,251,60,58,2,3,2,1,217,5,4,0,4,0,1.0,0,12,6,4,4,3200,200,200,398,398,1498,996,112,112,4,0,980,166,0,0,699,5,0,4,7,6,0,0,71,37,2,121,1,305,0,8,0,40,13206,64.31924882629107,2.0519190016482223,21.202483719521428,1.3039196582650765,13.758897470846584,5.300620929880357,2.3659878921298843,0.0008755253923527561,0.006618241636606399,0.0043798905788571575,-0.026049858627375216,1.0004659076035023,0.17696127747185528,0.0013081963489821645,-0.32501139299944043,0.32944152001363797,0.15979761261482536,0.05272627405301211,20357.0,,,,,,1.0,1.0,3.79,1.5,5.0,1.28,5.0,10.0,88.0,67.0,,,,,
43,25_5_2_5_2_1,25_5_2_5_2_1_StartGoalLocations_Seed1008.csv,60,2220.1043860912323,58,0.9666666666666667,5,6,5,5,24,6,1,347,6,342,0.01729106628242075,0.2597495527728086,5.954047417499405,7,6,6,0.2774897192919721,0.66440193098516,10.75,2,6,0,6.0,2.0,9,6.07,10.75,14.0,21.0,0.8,10.0,8.0,78.5,8.99,1.0,6.5,1,24,0,15,0,0,5,12,227,0,202,5,20,0,16,0.8899,0.022,19,0,0,559.3,0.0,5800.0,0.0,3392.004,-1628.041,98.0,0.0,0.0,-500.0,6.435,-812.093,0.0,-2171.0,0.0,-1320.0,150.0,0.0,0.0,0.0,0.0,-664.5,0.0,-690.0,1.46992,10.15822,-0.23345,2.12606,-0.62417,1.01151,0.02682,0.81839,-0.24218,1.06208,0.0,-2255.069,5950.0,0.0,4236.058,-2230.406,-0.40319,2.26731,1.06383,10.1607,0.3586,1.59278,0.23529,1.71358,0.01144,92.96875,0.98909,1.16892,0.0,-34.8395,84.517,0.0,197.9812,-168.9833,-65.994,158,13,43,469,235,269,274,1247,232,705,310,0,459,517,271,0,239,47,127,0.18604651162790697,0.36808340016038493,1247,575,128,-23.589,9726.919,6.006,0.0,150.0,0.0,-1505.657,-1311.665,-3491.0,0.0,-1354.5,9726.919,6.006,0.0,150.0,0.0,-1505.657,-1311.665,-3491.0,0.0,-1354.5,0,289,60,58,2,6,6,0,375,5,6,0,6,0,1.0,0,23,11,7,4,3200,547,547,659,659,2465,1148,257,257,52,0,973,60,0,0,696,1,0,0,5,4,1,0,99,80,5,110,0,305,0,15,0,75,20928,45.503631498470945,2.392523364485981,21.841551987767584,1.752956162537712,15.123279816513762,4.099770642201835,2.6186413902053713,0.00092825757359833,0.006281363119778689,0.004414586269995198,-0.027633582695852966,1.0276259561628103,0.18016500936821103,0.0017181259448989295,-0.36256416406482456,0.3254793451964367,0.15137819716910852,0.05272727472285884,20135.0,1.0,0.5,2.0,0.0,0.0,,,,,,,,,,,35.5,35.5,0.0,0.0,0.0
44,25_5_2_5_2_1,25_5_2_5_2_1_StartGoalLocations_Seed1005.csv,60,4133.48479321599,59,0.9833333333333333,3,3,3,3,5,3,0,115,3,112,0.02608695652173913,0.3462539021852237,4.767733846323004,4,3,2,0.20104031209362808,0.6033810143042913,0.0,1,3,0,3.0,,4,1.83,,5.33,,0.0,,0.0,,8.42,0.8,8.4,0,16,0,14,0,0,3,10,229,0,134,8,87,0,30,0.5852,0.0349,1,0,0,384.5,0.0,5900.0,0.0,2619.661,-1149.958,14.0,0.0,0.0,-300.0,6.204,-664.422,0.0,-1640.5,0.0,-848.0,75.0,0.0,0.0,0.0,0.0,-263.0,0.0,0.0,2.02034,12.29438,-0.24921,1.99075,-0.6472,1.08826,0.01951,0.69804,-0.0684,0.17182,0.0,-1680.777,5975.0,0.0,3245.238,-1020.87,-0.43713,2.12859,1.55397,12.3093,0.57851,1.14153,0.29389,1.48741,0.01612,96.37097,0.98414,1.12741,0.0,-26.8098,84.8722,0.0,150.4949,-80.7405,-57.076,236,33,116,484,168,236,236,1128,120,606,402,0,481,410,237,0,345,55,52,0.10638297872340426,0.42641843971631205,1124,421,78,-11.94,8829.372,6.114,0.0,75.0,0.0,-1061.169,-964.332,-2488.5,0.0,-263.0,8829.372,6.114,0.0,75.0,0.0,-1061.169,-964.332,-2488.5,0.0,-263.0,0,217,60,59,1,3,3,0,494,5,3,0,3,0,1.0,0,25,6,3,4,1060,855,855,833,833,1974,866,215,215,40,0,1685,86,0,0,567,4,0,3,9,9,0,0,114,113,6,188,2,305,0,12,0,60,9120,72.39035087719299,3.4657679491063313,37.5109649122807,2.372796730527116,29.100877192982455,6.962719298245614,2.4506405425772417,0.0008108407317881499,0.006475998042151332,0.004720352976670805,-0.03014852058072135,1.0354707589689292,0.18517997901675837,0.001763187429894043,-0.39163154239924447,0.3277163259772895,0.14222030486051193,0.054805139699738895,6954.0,1.0,11.0,20.0,15.0,55.0,,,,,,,,,,,,,,,
45,25_5_2_5_2_1,25_5_2_5_2_1_StartGoalLocations_Seed1013.csv,60,5767.035429537296,60,1.0,0,3,0,0,5,3,0,74,4,74,0.05405405405405406,0.1565847511027095,6.151664426431727,6,5,5,0.04694391934467549,0.576244486452426,0.0,1,4,0,5.0,,6,8.1,,15.0,,0.0,,2.6,,7.64,0.1,1.3,0,13,0,8,0,0,1,6,222,0,146,18,58,0,6,0.6577,0.0811,8,1,0,317.4,0.0,6000.0,0.0,2564.892,-1171.506,3.5,0.0,0.0,0.0,2.489,-215.739,0.0,-1132.0,0.0,-552.0,125.0,0.0,0.0,0.0,0.0,-175.0,0.0,0.0,2.43046,13.61305,-0.06719,0.20714,-0.53056,0.79866,0.03938,0.99147,-0.05514,0.15661,0.0,-479.262,6125.0,0.0,2972.626,-1052.19,-0.151,0.51468,1.92974,13.64905,0.60505,1.25689,0.11405,1.32393,0.02048,94.23077,0.98015,1.29374,0.0,-5.5472,87.0028,0.0,146.7653,-76.9432,-22.769,17,1,0,49,107,112,75,346,14,201,131,0,48,185,113,0,34,2,4,0.04046242774566474,0.13872832369942195,346,120,46,-9.489,8801.209,2.489,0.0,125.0,0.0,-1086.922,-215.739,-1684.0,0.0,-175.0,8801.209,2.489,0.0,125.0,0.0,-1086.922,-215.739,-1684.0,0.0,-175.0,0,111,60,60,0,5,5,0,61,5,3,0,3,0,1.0,0,14,3,1,2,952,32,32,110,110,947,439,64,64,8,0,1295,56,0,0,788,1,0,0,1,1,0,0,17,20,1,27,0,305,0,1,0,5,7963,66.3317845033279,2.6152972358954942,19.41479341956549,1.5278541570545003,12.00552555569509,1.984176817782243,2.7364016736401675,0.0009194222192712638,0.006293176422913035,0.004542837388023045,-0.030695632068800324,1.0393496456266451,0.1822096805769105,0.0015319255014349306,-0.3973663056097111,0.3245220316732526,0.14165042235217673,0.05441097819145686,6156.0,1.0,0.5,6.0,0.0,4.0,,,,,,,,,,,,,,,
46,25_5_2_5_2_1,25_5_2_5_2_1_StartGoalLocations_Seed1008.csv,40,4068.222252070904,39,0.975,0,0,0,0,2,0,0,61,0,61,0.0,0.14326647564469913,6.437033100594493,1,0,0,0.026743075453677174,0.5678127984718243,0.0,0,0,0,,,1,,,,,,,,,8.82,0.0,1.7,0,0,0,0,0,0,0,0,100,0,78,3,19,0,8,0.78,0.03,0,0,0,209.4,0.0,3900.0,0.0,1675.193,-663.824,0.0,0.0,0.0,0.0,0.8,-94.347,0.0,-646.5,0.0,-148.0,0.0,0.0,0.0,0.0,0.0,-164.5,0.0,0.0,2.44545,13.50455,-0.04467,0.18193,-0.37942,0.54141,0.0,0.0,-0.07856,0.18195,0.0,-166.792,3900.0,0.0,1966.141,-599.329,-0.07965,0.29796,1.86246,13.51953,0.65273,1.20894,0.08262,0.96412,0.01862,100.0,0.98138,1.2484,0.0,-2.3626,55.3977,0.0,95.7253,-47.3328,-12.036,18,9,6,31,22,43,46,142,25,70,47,0,28,69,45,0,9,0,7,0.176056338028169,0.19718309859154928,142,63,21,-3.755,5736.718,0.8,0.0,0.0,0.0,-615.949,-94.347,-794.5,0.0,-164.5,5736.718,0.8,0.0,0.0,0.0,-615.949,-94.347,-794.5,0.0,-164.5,0,38,40,39,1,0,0,0,31,5,0,0,0,0,,0,0,0,0,0,680,20,20,74,74,392,152,0,0,0,0,542,34,0,0,432,3,2,0,0,0,0,0,6,0,0,11,0,305,0,0,0,0,4119,71.959213401311,2.1643049932523617,20.878854090798736,0.8068314067521241,12.672978878368536,0.9711094925952901,3.6091954022988504,0.0010735739173362484,0.006291900977821035,0.004354503001634251,-0.03127237352378228,1.035527954382055,0.18778820419136216,0.0015963872079737484,-0.39378500230172103,0.3268302275590178,0.13975734951003266,0.05222624301567952,4286.0,1.0,5.0,18.0,0.0,0.0,,,,,,,,,,,,,,,
47,25_5_2_5_2_1,25_5_2_5_2_1_StartGoalLocations_Seed1002.csv,40,4177.522102504969,40,1.0,0,1,0,0,5,1,1,38,1,38,0.02631578947368421,0.13144517066085692,7.006738635925772,2,2,2,0.029048656499636893,0.6209150326797386,0.0,0,0,0,2.0,,2,3.5,,9.0,,0.0,,0.0,,7.08,0.0,0.8,0,4,0,2,0,0,0,2,96,0,80,3,13,0,6,0.8333,0.0312,2,0,0,137.7,0.0,4000.0,0.0,1208.962,-354.112,24.5,0.0,0.0,0.0,0.4,-82.428,0.0,-407.0,0.0,-304.0,50.0,0.0,0.0,0.0,0.0,-96.5,0.0,0.0,3.64346,16.72381,-0.05957,0.19576,-0.51634,0.87422,0.03631,0.95208,-0.07008,0.17358,0.0,-183.395,4050.0,0.0,1400.0,-340.94,-0.13318,0.46032,2.94118,16.81499,0.76911,1.1953,0.12854,1.03613,0.0305,96.42857,0.97095,1.30212,0.0,-2.0497,57.5284,0.0,70.4835,-25.7493,-7.306,5,2,0,21,20,52,37,130,22,50,58,0,21,57,52,0,11,0,7,0.16923076923076924,0.16153846153846155,130,63,25,-5.633,5344.902,0.4,0.0,50.0,0.0,-327.852,-82.428,-711.0,0.0,-96.5,5344.902,0.4,0.0,50.0,0.0,-327.852,-82.428,-711.0,0.0,-96.5,0,37,40,40,0,2,2,0,26,5,1,0,1,0,1.0,0,4,1,0,0,644,27,27,31,31,276,148,29,29,4,0,344,20,0,0,248,0,0,0,1,1,0,0,6,1,1,6,0,305,0,0,0,0,3141,53.900031836994586,1.9551092734790314,10.569882203120025,1.0586973014315701,7.672715695638332,1.5281757402101241,2.672199170124481,0.0009950745629991973,0.006119338805665789,0.004524534345483003,-0.029601983378947892,1.0629861643595726,0.18676906685281244,0.002713981659371429,-0.4263468821596655,0.3212736054903232,0.16496894409937887,0.05098523811120422,4025.0,,,,,,,,,,,,,,,,,,,,
48,25_5_2_5_2_1,25_5_2_5_2_1_StartGoalLocations_Seed1008.csv,60,5154.556943126023,60,1.0,0,6,0,0,3,6,3,62,7,62,0.11290322580645161,0.17044649184975194,6.087230935415569,1,1,1,0.0407512402551382,0.6137491141034727,0.0,0,0,0,1.0,,1,1.0,,10.0,,0.0,,18.0,,7.14,0.1,1.2,0,15,0,9,0,0,1,5,142,0,115,1,26,0,15,0.8099,0.007,13,1,0,282.2,0.0,6000.0,0.0,2390.723,-1145.925,0.0,0.0,0.0,0.0,1.26,-225.201,0.0,-1080.5,0.0,-1028.0,25.0,0.0,0.0,0.0,0.0,-65.0,0.0,0.0,2.66726,14.41649,-0.07936,0.22735,-0.74717,1.06034,0.00886,0.47053,-0.02303,0.10481,0.0,-504.527,6025.0,0.0,2761.465,-971.323,-0.17878,0.59258,2.13501,14.43185,0.63435,1.27399,0.13359,1.33827,0.02162,98.77049,0.97838,1.35197,0.0,-5.3729,85.5824,0.0,136.6128,-69.1957,-17.792,26,7,4,59,106,125,58,350,30,176,144,0,59,165,126,0,32,1,6,0.08571428571428572,0.16857142857142857,350,108,43,-13.914,8588.754,1.26,0.0,25.0,0.0,-1061.755,-225.201,-2108.5,0.0,-65.0,8588.754,1.26,0.0,25.0,0.0,-1061.755,-225.201,-2108.5,0.0,-65.0,0,102,60,60,0,1,1,0,77,5,6,0,6,0,1.0,0,16,6,1,2,448,31,31,110,110,746,404,70,70,4,0,1063,119,0,0,921,4,0,2,2,2,0,0,9,8,0,27,0,305,0,1,0,5,5869,79.16169705230874,2.883555746879036,20.42937468052479,1.3800563171957996,12.625660248764696,0.988243312318964,3.1794871794871793,0.00094670034270296,0.006044080952831011,0.00430154638057242,-0.02951797709933349,1.0606196666402476,0.1903729592449963,0.002550504711377601,-0.419945980821337,0.31700635700636665,0.15938483047885355,0.051760088904202306,2861.0,,,,,,,,,,,,,,,,,,,,
49,25_5_2_5_2_1,25_5_2_5_2_1_StartGoalLocations_Seed1011.csv,40,1973.8480895757675,38,0.95,3,13,3,3,17,13,0,470,13,467,0.027659574468085105,0.09789569990850869,5.328405330878418,3,3,3,0.26394391953672663,0.7409326424870466,6.75,1,2,0,3.0,2.0,5,4.83,6.75,10.67,12.5,0.0,5.0,2.3,46.5,8.01,0.0,0.4,1,32,0,4,0,0,0,3,120,0,83,2,35,0,0,0.6917,0.0167,2,0,0,328.1,0.0,3800.0,0.0,2442.923,-1453.994,0.0,0.0,0.0,-300.0,1.229,-198.41,0.0,-1138.5,0.0,-676.0,75.0,0.0,0.0,0.0,0.0,-216.5,0.0,-690.0,1.55959,10.74422,-0.15153,2.14222,-0.55303,0.99216,0.02286,0.75561,-0.27629,1.34328,0.0,-1223.598,3875.0,0.0,2854.005,-1796.295,-0.37293,2.27991,1.18104,10.72357,0.32237,1.83876,0.306,1.21872,0.0125,94.5122,0.98842,1.43395,0.0,-23.3655,55.0426,0.0,135.767,-131.0568,-9.438,41,11,16,331,42,546,59,978,123,730,125,0,330,102,546,0,21,4,650,0.12576687116564417,0.3374233128834356,978,74,16,-1.583,6469.123,0.8,0.0,75.0,0.0,-1352.094,-497.981,-1814.5,0.0,-906.5,6469.123,0.8,0.0,75.0,0.0,-1352.094,-497.981,-1814.5,0.0,-906.5,0,45,40,38,2,2,2,0,441,5,13,0,13,0,1.0,0,28,16,2,3,3200,56,56,151,151,418,181,1482,1482,4,0,336,70,0,0,567,0,0,1,2,2,0,0,7,0,0,20,0,305,0,2,0,10,10834,51.36606978032121,1.3523809523809525,34.797858593317336,1.0205570373229622,28.918220417205095,15.211371607901052,1.6929460580912863,0.0008684145556890144,0.005669116845820099,0.004456425036478322,-0.02967146014329046,1.0621115750074386,0.19158780463971198,0.0023734721893561074,-0.43056462168693543,0.32017974887430056,0.15650239396430818,0.05218927755930714,20677.0,,,,,,,,,,,,,,,,6.5,6.5,0.0,0.0,0.0
50,25_5_2_5_2_1,25_5_2_5_2_1_StartGoalLocations_Seed1019.csv,60,2562.1622444689274,59,0.9833333333333333,4,8,4,4,71,8,5,142,10,138,0.07042253521126761,0.1897001303780965,5.93664160715833,2,1,2,0.2319721980886186,0.6596437880104257,6.5,0,0,0,1.0,1.0,3,3.5,6.5,24.0,4.0,5.0,0.0,47.0,1.0,8.18,0.4,3.9,0,31,0,14,0,0,2,8,248,0,177,6,65,0,13,0.7137,0.0242,4,2,0,460.4,0.0,5900.0,0.0,3114.234,-1621.441,0.0,0.0,0.0,-400.0,5.211,-419.742,0.0,-1590.5,0.0,-2112.0,25.0,0.0,0.0,0.0,0.0,-454.0,0.0,-345.0,1.70573,11.27205,-0.17692,2.08992,-0.80419,1.53229,0.00543,0.3684,-0.17354,0.84198,0.0,-1647.207,5925.0,0.0,3702.366,-1990.122,-0.35778,2.24743,1.28692,11.25296,0.3719,1.51393,0.18506,1.93334,0.01303,98.75,0.98719,1.25247,0.0,-23.5949,84.1619,0.0,177.6991,-138.0538,-39.305,79,14,24,244,104,187,207,746,126,394,226,0,241,316,189,0,119,21,44,0.16890080428954424,0.3230563002680965,741,279,57,-9.324,9357.757,4.618,0.0,25.0,0.0,-1504.564,-819.148,-3702.5,0.0,-799.0,9357.757,4.618,0.0,25.0,0.0,-1504.564,-819.148,-3702.5,0.0,-799.0,0,154,60,59,1,1,1,0,251,5,8,0,8,0,1.0,0,27,12,3,3,3200,103,103,725,725,1618,611,191,191,15,0,618,12,0,0,1031,2,0,3,4,4,0,0,40,71,1,57,0,305,0,5,0,25,11873,67.89353996462562,2.732167224910061,29.71447822791207,1.6637188443357585,19.78438473848227,3.411100816979702,2.8586632609621114,0.0009801472733715856,0.004825242368096952,0.004792303747672122,-0.030592911941930652,1.0876403611153365,0.1949926120741293,0.0031485346503177425,-0.5221670230850577,0.33026167963946945,0.13748728382502542,0.05111038972356585,19660.0,1.0,0.0,0.0,0.0,4.0,,,,,,,,,,,,,,,
51,25_5_2_5_2_1,25_5_2_5_2_1_StartGoalLocations_Seed1013.csv,40,3443.6499069929123,39,0.975,1,7,1,1,15,7,4,109,8,108,0.07339449541284404,0.1559100797679478,6.070095460864623,3,2,1,0.17041334300217548,0.6443074691805656,0.0,1,2,0,2.0,,3,13.25,,19.0,,0.0,,1.0,,10.35,0.3,3.8,0,18,0,7,0,0,2,5,96,0,76,1,19,0,1,0.7917,0.0104,4,1,0,275.8,0.0,3900.0,0.0,2173.164,-987.054,3.5,0.0,0.0,-100.0,2.88,-255.64,0.0,-894.5,0.0,-556.0,50.0,0.0,0.0,0.0,0.0,-168.5,0.0,0.0,1.9454,11.81878,-0.1279,1.36138,-0.52592,0.93136,0.01813,0.67298,-0.06109,0.16375,0.0,-711.755,3950.0,0.0,2706.746,-815.014,-0.25807,1.50863,1.4322,11.82408,0.68591,1.25105,0.15881,1.62501,0.01487,96.34146,0.9855,1.29572,0.0,-9.0524,56.108,0.0,124.3808,-66.0316,-15.497,43,12,10,146,48,96,102,392,34,229,129,0,145,152,95,0,110,4,16,0.08673469387755102,0.36989795918367346,392,130,26,-0.005,6281.458,2.4,0.0,50.0,0.0,-916.048,-355.16,-1450.5,0.0,-168.5,6281.458,2.4,0.0,50.0,0.0,-916.048,-355.16,-1450.5,0.0,-168.5,0,54,40,39,1,2,2,0,139,5,7,0,7,0,1.0,0,18,8,2,2,1432,180,180,100,100,531,214,88,88,8,0,624,193,0,0,499,0,0,2,3,3,0,0,51,74,1,53,0,305,0,2,0,10,6817,72.72993985624174,2.22811617587737,27.53410591169136,1.4131260209473233,18.908610825876487,2.3470734927387413,3.0287044220325834,0.0008474484937770849,0.004519537037925264,0.0047695749119319565,-0.029924843652829446,1.102691259797059,0.19646977300250995,0.004267454415939582,-0.5749794565266071,0.31255796437199657,0.13954566527584608,0.051092948090024945,8628.0,1.0,8.36,11.0,0.0,4.0,,,,,,,,,,,,,,,
52,25_5_2_5_2_1,25_5_2_5_2_1_StartGoalLocations_Seed1006.csv,60,4208.8584006130695,59,0.9833333333333333,2,13,2,2,17,13,1,177,13,175,0.07344632768361582,0.3087893864013267,5.1451971803138505,1,0,0,0.19787868743785217,0.6609214451441829,0.0,0,0,0,,,1,,,,,,,,,7.34,0.8,4.4,0,42,0,20,0,0,11,11,161,0,107,9,45,0,19,0.6646,0.0559,10,0,0,301.7,0.0,5900.0,0.0,2096.334,-812.749,10.5,0.0,0.0,-200.0,6.072,-461.998,0.0,-1249.0,0.0,-1144.0,0.0,0.0,0.0,0.0,0.0,-238.0,0.0,0.0,2.48452,13.82942,-0.21741,1.83666,-0.79317,1.19307,0.0,0.0,-0.07889,0.18226,0.0,-1367.321,5900.0,0.0,2478.4,-812.911,-0.45321,2.03651,1.95559,13.84681,0.55203,1.13717,0.26815,1.69014,0.01956,100.0,0.98044,1.11268,0.0,-18.1449,83.8068,0.0,120.3905,-60.0428,-35.372,97,18,36,320,132,164,163,782,116,464,202,0,319,298,165,0,155,55,55,0.1483375959079284,0.4079283887468031,781,305,95,-11.605,8245.134,5.879,0.0,0.0,0.0,-749.349,-661.805,-2393.0,0.0,-238.0,8245.134,5.879,0.0,0.0,0.0,-749.349,-661.805,-2393.0,0.0,-238.0,0,169,60,59,1,0,0,0,241,5,13,1,12,0,0.9230769230769231,1,49,15,11,8,1700,225,225,500,500,1604,670,186,186,9,0,703,80,0,0,568,3,0,3,7,6,1,0,56,101,4,53,0,305,0,16,0,80,6053,79.08475136296052,2.606225193231669,43.69734016190319,1.3426843268177093,26.961837105567486,5.534445729390385,2.6893382352941178,0.0009971557375170318,0.004444677556919701,0.00494681309470359,-0.030351379737257957,1.1109605218382443,0.19548602411852165,0.003670756512266748,-0.6026606584997738,0.3131257015122008,0.1675853399090997,0.05204319824436762,10341.0,1.0,6.81,16.0,30.0,82.0,,,,,,,,,,,,,,,
53,25_5_2_5_2_1,25_5_2_5_2_1_StartGoalLocations_Seed1007.csv,25,2881.4399553388357,25,1.0,0,0,0,0,27,0,0,7,0,7,0.0,0.008,8.545154283796037,5,4,4,0.045142857142857144,0.6057142857142858,0.0,1,3,0,4.0,,5,10.25,,18.75,,0.0,,0.0,,10.5,0.0,0.0,0,0,0,0,0,0,0,0,159,0,92,2,65,0,0,0.5786,0.0126,0,0,0,175.0,0.0,2500.0,0.0,1673.4,-722.4,0.0,0.0,0.0,0.0,0.0,-10.56,0.0,-78.5,0.0,-700.0,100.0,0.0,0.0,0.0,0.0,-55.5,0.0,0.0,2.072,11.87511,-0.00603,0.06794,-0.44486,1.19354,0.05714,1.19386,-0.03171,0.12187,0.0,-122.96,2600.0,0.0,1931.377,-624.671,-0.07026,0.32449,1.48571,11.91966,0.74669,1.34537,0.10686,0.65754,0.01657,89.65517,0.98171,1.4878,0.0,-0.202,36.9318,0.0,95.6229,-44.4514,-0.93,0,0,0,0,4,7,3,14,0,7,7,0,0,7,7,0,0,0,0,0.0,0.0,14,4,2,-1.6,4299.9,0.0,0.0,100.0,0.0,-673.9,-10.56,-778.5,0.0,-55.5,4299.9,0.0,0.0,100.0,0.0,-673.9,-10.56,-778.5,0.0,-55.5,0,6,25,25,0,4,4,0,0,5,0,0,0,0,,0,0,0,0,0,1244,0,0,2,2,52,24,0,0,0,0,42,0,0,0,484,0,0,0,0,0,0,0,0,0,0,0,0,305,0,0,0,0,5947,40.776862283504286,1.2024742268041237,11.232554229023037,1.290044926224042,6.625189171010594,2.185976122414663,2.5558375634517767,0.0006967293930227248,0.004449857825599012,0.005011736103138883,-0.029471154950583098,1.1108047402556687,0.1989464843795422,0.003776942614474936,-0.6029969202743849,0.3126312552404309,0.16613756613756614,0.05170404588928733,7560.0,1.0,1.0,7.0,0.0,0.0,,,,,,,,,,,,,,,
54,25_5_2_5_2_1,25_5_2_5_2_1_StartGoalLocations_Seed1018.csv,60,4198.116535641253,60,1.0,1,11,1,1,14,11,1,126,13,125,0.10317460317460317,0.15643623361144218,5.711085541926422,2,1,2,0.10429082240762813,0.6039928486293206,0.0,0,0,0,1.0,,2,10.0,,16.0,,12.0,,35.0,,7.57,0.8,3.0,0,34,0,16,0,0,4,6,179,0,122,4,53,0,29,0.6816,0.0223,4,2,0,335.6,0.0,6000.0,0.0,2690.517,-1315.933,3.5,0.0,0.0,-200.0,1.385,-219.952,0.0,-1416.0,0.0,-1540.0,25.0,0.0,0.0,0.0,0.0,-166.0,0.0,0.0,2.29848,13.25564,-0.12472,1.73433,-0.88081,1.76074,0.00745,0.43148,-0.04946,0.14928,0.0,-870.419,6025.0,0.0,3125.211,-1205.957,-0.25936,1.88926,1.79529,13.25698,0.57189,1.28646,0.13439,1.92998,0.01818,98.77049,0.98182,1.31447,0.0,-12.8203,85.5824,0.0,153.9438,-84.6819,-25.235,76,13,34,202,38,91,96,430,44,261,125,0,198,141,91,0,136,42,13,0.10232558139534884,0.4604651162790698,428,118,23,-2.648,8937.357,1.2,0.0,25.0,0.0,-1223.673,-419.767,-2956.0,0.0,-166.0,8937.357,1.2,0.0,25.0,0.0,-1223.673,-419.767,-2956.0,0.0,-166.0,0,66,60,60,0,1,1,0,159,5,11,0,11,0,1.0,0,34,12,4,3,1072,117,117,316,316,732,260,193,193,24,0,1151,18,0,0,859,0,0,3,7,6,0,0,46,60,4,39,0,305,0,16,0,80,7093,82.51797546877202,2.842644797539723,35.04863950373608,1.685347973056623,22.642041449316228,3.9616523332863385,2.7459526774595266,0.0009299870553896558,0.004115858073989207,0.005187659361052202,-0.03154138397119606,1.1308168148371711,0.20261382548930817,0.005456869093850672,-0.642877352549069,0.3212710394650762,0.136686207960506,0.052324519940274074,6482.0,1.0,1.0,5.6,0.0,1.0,,,,,,,,,,,,,,,
55,25_5_2_5_2_1,25_5_2_5_2_1_StartGoalLocations_Seed1018.csv,40,3057.296798825264,40,1.0,1,4,1,1,11,4,1,112,5,111,0.044642857142857144,0.1671217913708356,6.113438651942282,8,8,4,0.07700709994538503,0.5625341343528126,0.0,2,6,0,8.0,,8,8.12,,13.44,,0.0,,4.6,,10.55,0.5,5.6,0,17,0,5,0,0,1,5,282,0,208,9,65,0,8,0.7376,0.0319,14,1,0,366.2,0.0,4000.0,0.0,2822.228,-1495.195,14.0,0.0,0.0,-100.0,6.234,-300.67,0.0,-1374.5,0.0,-892.0,200.0,0.0,0.0,0.0,0.0,-189.0,0.0,0.0,1.5585,10.43304,-0.10771,1.19024,-0.61892,1.02833,0.05461,1.16722,-0.05161,0.15212,0.0,-908.106,4200.0,0.0,3389.791,-1286.091,-0.24798,1.33286,1.14691,10.4537,0.57447,1.29081,0.19798,1.25256,0.01311,87.5,0.98635,1.29454,0.0,-13.4289,59.6591,0.0,162.0702,-96.2397,-22.613,65,18,27,254,117,168,135,675,125,338,212,0,248,259,168,0,133,13,24,0.18518518518518517,0.3674074074074074,675,195,46,-4.331,7096.968,6.229,0.0,200.0,0.0,-1389.735,-400.665,-2266.5,0.0,-189.0,7096.968,6.229,0.0,200.0,0.0,-1389.735,-400.665,-2266.5,0.0,-189.0,0,123,40,40,0,7,7,0,225,5,4,0,4,0,1.0,0,16,5,1,2,1136,212,212,269,269,1093,489,407,407,44,0,483,14,0,0,1006,4,0,2,6,6,0,0,46,88,4,44,2,305,0,3,0,15,10256,70.16380655226209,2.286409116175653,37.02223088923557,1.5690183251549696,26.150546021840874,7.264040561622465,2.6357196122296793,0.0009465233382170353,0.004048244780483721,0.005351969899288313,-0.03204550069402641,1.128958221472485,0.21015210515281685,0.004566426653723219,-0.6515105667878205,0.3151392034291359,0.15947901591895802,0.051666340256873784,6910.0,,,,,,,,,,,,,,,,,,,,
56,25_5_2_5_2_1,25_5_2_5_2_1_StartGoalLocations_Seed1014.csv,25,2393.9898114800453,25,1.0,0,2,0,0,13,2,2,36,2,36,0.05555555555555555,0.056155507559395246,7.7304810227798075,0,0,0,0.04427645788336933,0.6177105831533477,0.0,0,0,0,,,0,,,,,,,,,11.76,0.0,0.9,0,4,0,1,0,0,0,1,138,0,74,5,59,0,6,0.5362,0.0362,0,0,0,185.2,0.0,2500.0,0.0,1684.149,-833.649,0.0,0.0,0.0,0.0,0.8,-44.01,0.0,-212.5,0.0,-840.0,0.0,0.0,0.0,0.0,0.0,-46.0,0.0,0.0,1.90913,11.56449,-0.02333,0.12515,-0.5683,1.24445,0.0,0.0,-0.02484,0.10864,0.0,-152.834,2500.0,0.0,1961.797,-702.933,-0.08252,0.33306,1.34989,11.5398,0.67973,1.35571,0.15065,0.54779,0.0135,100.0,0.9865,1.45853,0.0,-1.4312,35.5114,0.0,96.2371,-50.2657,-4.091,2,1,0,22,3,29,36,92,15,46,31,0,22,41,29,0,18,0,8,0.16304347826086957,0.2391304347826087,92,36,8,-3.376,4312.293,0.8,0.0,0.0,0.0,-776.593,-44.01,-1052.5,0.0,-46.0,4312.293,0.8,0.0,0.0,0.0,-776.593,-44.01,-1052.5,0.0,-46.0,0,16,25,25,0,0,0,0,29,5,2,0,2,0,1.0,0,4,2,0,0,660,52,52,39,39,215,63,28,28,12,0,92,0,0,0,701,0,0,2,3,3,0,0,3,23,1,1,0,305,0,0,0,0,3666,61.292962356792145,1.5683133066310637,16.857610474631752,0.9048543813424396,10.88379705400982,1.254773595199127,3.107769423558897,0.0008966387093096273,0.004189034918266716,0.005306442749376098,-0.031554759937253866,1.1299981333992697,0.20465848102714077,0.003874825610722782,-0.6566339664386981,0.3098740725297838,0.14874551971326164,0.05076300528103436,3906.0,,,,,,,,,,,,,,,,,,,,
57,25_5_2_5_2_1,25_5_2_5_2_1_StartGoalLocations_Seed1005.csv,60,4206.098268032074,59,0.9833333333333333,1,3,1,1,69,3,0,80,3,79,0.0375,0.1164048416173062,6.751610792039321,0,0,0,0.18666323377960864,0.6727600411946447,3.5,0,0,0,,1.0,1,,3.5,,3.0,,0.0,,16.0,8.07,0.2,2.1,0,18,0,5,0,0,2,3,211,0,115,12,84,0,15,0.545,0.0569,6,0,0,388.4,0.0,5900.0,0.0,2957.97,-1635.265,7.0,0.0,0.0,-100.0,2.723,-177.73,0.0,-1332.5,0.0,-1216.0,0.0,0.0,0.0,0.0,0.0,-243.5,0.0,-345.0,1.96141,12.25529,-0.0708,1.13066,-0.65615,1.13211,0.0,0.0,-0.15152,0.88152,0.0,-832.325,5900.0,0.0,3359.963,-1850.285,-0.2143,1.354,1.51905,12.23102,0.38869,1.59141,0.11689,1.83332,0.01519,100.0,0.98481,1.36216,0.0,-8.4251,83.8068,0.0,167.7983,-125.4437,-15.981,30,5,2,99,55,119,77,353,41,162,150,0,99,135,119,0,50,9,16,0.11614730878186968,0.2804532577903683,353,119,26,-3.681,9138.17,1.123,0.0,0.0,0.0,-1520.064,-276.13,-2548.5,0.0,-588.5,9138.17,1.123,0.0,0.0,0.0,-1520.064,-276.13,-2548.5,0.0,-588.5,0,28,60,59,1,0,0,0,144,5,3,0,3,0,1.0,0,18,4,2,2,3200,157,157,129,129,695,110,134,134,4,0,1430,172,0,0,1160,4,0,3,4,4,0,0,22,86,1,32,2,305,0,2,0,10,7689,71.42671348679933,2.7021121631463947,21.94043438678632,1.419931851288775,14.475224346468982,1.9248276759006373,2.890386343216532,0.0009128291460115179,0.0038645725199603475,0.005763186449767091,-0.03225439555477351,1.1443812970817089,0.20761353125330062,0.004976193052279996,-0.7231491604819894,0.32491910877194796,0.1596893643283275,0.05181918361301077,19444.0,,,,,,,,,,,,,,,,,,,,
58,25_5_2_5_2_1,25_5_2_5_2_1_StartGoalLocations_Seed1019.csv,60,4147.280596405268,60,1.0,0,13,0,0,5,13,1,136,16,136,0.11764705882352941,0.28997644595655586,5.109583239040116,5,5,5,0.1319026432870976,0.6401465584925412,0.0,2,5,0,5.0,,5,4.3,,11.6,,3.0,,6.0,,8.65,2.9,6.0,0,64,0,34,0,0,8,19,208,0,131,1,76,0,22,0.6298,0.0048,41,3,0,382.1,0.0,6000.0,0.0,2992.786,-1288.213,17.5,0.0,0.0,0.0,5.308,-579.2,0.0,-1654.5,0.0,-1732.0,125.0,0.0,0.0,0.0,0.0,-121.5,0.0,0.0,2.12096,12.43212,-0.15019,0.30123,-0.88629,1.12522,0.03271,0.90376,-0.0318,0.12202,0.0,-1539.051,6125.0,0.0,3601.257,-1098.516,-0.40279,0.9364,1.60298,12.46095,0.655,1.20254,0.25909,1.5546,0.01701,94.23077,0.98377,1.25027,0.0,-15.2929,87.0028,0.0,172.0163,-80.555,-47.548,128,14,34,356,226,221,163,969,96,573,300,0,349,399,221,0,158,142,35,0.09907120743034056,0.36016511867905054,969,287,73,-11.841,9293.878,5.308,0.0,125.0,0.0,-1189.705,-579.2,-3386.5,0.0,-121.5,9293.878,5.308,0.0,125.0,0.0,-1189.705,-579.2,-3386.5,0.0,-121.5,0,205,60,60,0,5,5,0,351,5,13,0,13,0,1.0,0,79,13,8,5,816,404,404,711,711,2014,806,241,241,16,0,1213,75,0,0,1013,2,0,3,8,8,0,0,63,66,5,74,1,305,0,36,0,180,9356,75.61992304403591,2.9259363957597175,42.53954681487815,1.3882160956901146,28.495083368961094,5.504489097905088,2.873218304576144,0.0008242210292872401,0.003681600767224297,0.006142928785480121,-0.03294154130579794,1.1486177321742563,0.20727146405945807,0.004842246208093403,-0.7667731487867879,0.31947055472373775,0.17666536813400857,0.054947593187790876,5134.0,,,,,,,,,,,,,,,,,,,,
59,25_5_2_5_2_1,25_5_2_5_2_1_StartGoalLocations_Seed1010.csv,40,2472.481654673815,39,0.975,0,13,0,0,52,13,6,162,14,162,0.08641975308641975,0.1443210930828352,6.649787244992211,5,5,1,0.07856532877882152,0.5012809564474808,26.0,1,4,0,5.0,1.0,6,4.1,26.0,8.4,23.0,0.0,0.0,0.0,0.0,9.74,1.2,4.8,0,18,0,11,0,0,8,3,205,0,145,4,56,0,3,0.7073,0.0195,4,1,0,351.3,0.0,3900.0,0.0,2401.195,-1227.988,3.5,0.0,0.0,0.0,2.259,-250.784,0.0,-1130.0,0.0,-976.0,125.0,0.0,0.0,0.0,0.0,-381.0,0.0,-345.0,1.54512,10.50914,-0.07074,0.22123,-0.59949,0.96309,0.03558,0.94249,-0.20666,0.92611,0.0,-807.546,4025.0,0.0,2896.302,-1354.365,-0.22987,0.69793,1.14574,10.51632,0.43892,1.52924,0.15685,1.4656,0.01252,91.47727,0.98748,1.22533,0.0,-7.5596,57.1733,0.0,136.2111,-110.4565,-26.793,37,6,10,165,60,131,120,476,62,233,181,0,161,183,132,0,107,28,23,0.13025210084033614,0.3382352941176471,476,184,45,-1.479,6568.09,2.259,0.0,125.0,0.0,-1140.084,-250.784,-2106.0,0.0,-726.0,6568.09,2.259,0.0,125.0,0.0,-1140.084,-250.784,-2106.0,0.0,-726.0,0,85,40,39,1,5,5,0,170,5,13,0,13,0,1.0,0,26,13,8,7,3200,298,298,195,195,896,337,159,159,48,0,727,44,0,0,768,8,0,4,8,7,1,0,15,109,4,29,1,305,0,8,0,40,14586,48.011792129439186,1.9261744966442953,15.096668037844509,1.6898898981756054,10.48951048951049,2.6737967914438503,2.5405228758169933,0.000985142938034187,0.003533584999386221,0.006906452376570087,-0.03272261088481173,1.1672397312521934,0.1973076644167304,0.006293668904982041,-0.83134087421,0.316315563202426,0.16698273766107463,0.054621692589092705,20565.0,,,,,,,,,,,,,,,,,,,,
60,25_5_2_5_2_1,25_5_2_5_2_1_StartGoalLocations_Seed1013.csv,25,2499.462890267372,25,1.0,1,3,0,1,11,2,1,62,3,61,0.04838709677419355,0.08556832694763729,7.87547738256354,3,3,3,0.040229885057471264,0.6379310344827587,0.0,1,3,0,3.0,,3,2.0,,14.33,,0.0,,0.0,,11.32,0.2,1.4,0,5,0,1,0,0,1,1,87,0,56,11,20,0,7,0.6437,0.1264,0,0,0,156.6,0.0,2500.0,0.0,1462.344,-508.39,0.0,0.0,0.0,-100.0,0.014,-57.605,0.0,-346.0,0.0,-614.0,75.0,0.0,0.0,0.0,0.0,-68.5,0.0,0.0,2.30559,12.51534,-0.10063,1.79107,-0.61303,1.17783,0.04789,1.09317,-0.04374,0.14127,0.0,-300.198,2575.0,0.0,1748.561,-461.46,-0.1917,1.87118,1.64432,12.57521,0.8219,1.28055,0.16156,1.18655,0.01788,91.96429,0.98084,1.43882,0.0,-5.3054,36.5767,0.0,83.5625,-32.9651,-9.975,2,2,0,44,9,47,43,144,47,47,50,0,44,53,47,0,1,1,17,0.3263888888888889,0.3055555555555556,144,60,8,-1.393,4083.017,0.0,0.0,75.0,0.0,-472.463,-157.591,-960.0,0.0,-68.5,4083.017,0.0,0.0,75.0,0.0,-472.463,-157.591,-960.0,0.0,-68.5,0,17,25,25,0,3,3,0,53,5,2,0,2,0,1.0,0,4,3,1,2,664,32,32,153,153,240,68,32,32,0,0,76,0,0,0,532,6,0,0,0,0,0,0,5,0,0,4,0,305,0,1,0,5,3762,56.379585326953745,1.4295143800094294,18.58054226475279,1.0148247628191616,9.728867623604465,0.9569377990430622,2.9262295081967213,0.000626922484981885,0.0033019708872054623,0.007305810498690839,-0.03156452404941062,1.180006837270346,0.19397362403526722,0.00557730855779296,-0.8761021466140287,0.3061222846312786,0.18272118272118273,0.05487146916445301,4329.0,,,,,,,,,,,,,,,,,,,,
