agentId,startNodeId,goalNodeId
1,46895,36534
2,58453,81916
3,11724,104198
4,12423,58245
5,88520,93250
6,74836,104587
7,105015,70524
8,62469,12565
9,1160,47245
10,12321,48118
11,59531,75943
12,82551,70138
13,2981,92678
14,93762,13337
15,105866,979
16,904,60101
17,105439,24424
18,105345,4089
19,1489,23304
20,59330,46554
21,81685,54745
22,82755,80994
23,82351,24380
24,1273,80861
25,82760,23166
26,24076,81286
27,12566,104924
28,1064,92578
29,105806,4928
30,24710,349
31,81310,70979
32,46552,104089
33,69528,18404
34,442,24325
35,23763,58176
36,12004,82005
37,44303,1229
38,71003,81493
39,69367,105236
40,93069,46379
41,13227,81284
42,59291,1858
43,47535,1856
44,70789,100525
45,105066,47494
46,82315,217
47,46546,104339
48,47875,69546
49,86841,35802
50,11575,5139
51,36,36049
52,10913,70582
53,46409,94046
54,69060,93445
55,58167,105488
56,104504,39976
57,48053,24372
58,93170,104684
59,70981,21146
60,26943,347
