episode,map,scen,agents,reward,completed,completion_rate,collisions,recovery_invocations,recovery_forced,recovery_resolved,recovery_wasted,recovery_preemptive,recovery_preemptive_success,risk_steps,risk_steps_acted,warning_steps,intervention_rate,brake_duty_cycle,mean_peer_gap,errors_injected,handovers_completed,retired_recalled,action_override_rate,gradient_agreement,mean_hops_remaining,incomplete_moving,incomplete_yielding,incomplete_waiting,incomplete_total,hops_moving,hops_yielding,hops_waiting,start_hops_moving,start_hops_yielding,start_hops_waiting,steps_held_moving,steps_held_yielding,steps_held_waiting,steps_waiting_moving,steps_waiting_yielding,steps_waiting_waiting,sep_pairs,sep_min,sep_mean_nearest,sep_within_collision,sep_within_warning,sep_pct_within_warning,tier1_real_escapes,tier1_noop_escapes,tier1_rejected_occupied,tier1_rejected_obstacle,tier2_rejected_obstacle,recurrence_escalations,recurrence_pairs_tracked,doorstep_steps,doorstep_arrived,doorstep_closer,doorstep_idle,doorstep_away,doorstep_overridden,doorstep_peer_within_warning,doorstep_step_in_rate,doorstep_idle_rate,convoy_fleets_exempted,convoy_invocations_skipped,held_pair_invocations_skipped,rwd_term_pos_goal_baseline,rwd_term_neg_goal_baseline,rwd_term_pos_goal_delivery,rwd_term_neg_goal_delivery,rwd_term_pos_goal_progress,rwd_term_neg_goal_progress,rwd_term_pos_goal_final_approach,rwd_term_neg_goal_final_approach,rwd_term_pos_safety_collision,rwd_term_neg_safety_collision,rwd_term_pos_safety_warning,rwd_term_neg_safety_warning,rwd_term_pos_integrity_coherence,rwd_term_neg_integrity_coherence,rwd_term_pos_integrity_recovery_events,rwd_term_neg_integrity_recovery_events,rwd_term_pos_rescue_pickup,rwd_term_neg_rescue_pickup,rwd_term_pos_rescue_rescue_delivery,rwd_term_neg_rescue_rescue_delivery,rwd_term_pos_time_idle,rwd_term_neg_time_idle,rwd_term_pos_time_overtime,rwd_term_neg_time_overtime,rwd_spread_mean_goal,rwd_spread_std_goal,rwd_spread_mean_safety,rwd_spread_std_safety,rwd_spread_mean_integrity,rwd_spread_std_integrity,rwd_spread_mean_rescue,rwd_spread_std_rescue,rwd_spread_mean_time,rwd_spread_std_time,rwd_shadow_pos_safety,rwd_shadow_neg_safety,rwd_shadow_pos_delivery,rwd_shadow_neg_delivery,rwd_shadow_pos_efficiency,rwd_shadow_neg_efficiency,rwd_shadow_mean_safety,rwd_shadow_std_safety,rwd_shadow_mean_delivery,rwd_shadow_std_delivery,rwd_shadow_mean_efficiency,rwd_shadow_std_efficiency,rwd_shadow_freq_safety,rwd_shadow_typical_safety,rwd_shadow_freq_delivery,rwd_shadow_typical_delivery,rwd_shadow_freq_efficiency,rwd_shadow_typical_efficiency,rwd_live_pos_safety,rwd_live_neg_safety,rwd_live_pos_delivery,rwd_live_neg_delivery,rwd_live_pos_efficiency,rwd_live_neg_efficiency,rwd_approach_total,rwd_standoff_pairsteps,rwd_standoff_longest,rwd_standoff_past_cap,rwd_choice_wait,rwd_choice_follow,rwd_choice_reroute,rwd_choice_proceed,rwd_warnundo_fleetsteps,rwd_warnundo_mismatched,rwd_warnundo_escaped_kept,rwd_warnundo_error,rwd_all_pos_goal,rwd_all_pos_safety,rwd_all_pos_integrity,rwd_all_pos_rescue,rwd_all_pos_time,rwd_all_neg_goal,rwd_all_neg_safety,rwd_all_neg_integrity,rwd_all_neg_rescue,rwd_all_neg_time,rwd_learned_pos_goal,rwd_learned_pos_safety,rwd_learned_pos_integrity,rwd_learned_pos_rescue,rwd_learned_pos_time,rwd_learned_neg_goal,rwd_learned_neg_safety,rwd_learned_neg_integrity,rwd_learned_neg_rescue,rwd_learned_neg_time,held_pair_fleets_exempted,convoy_splats_skipped,orders_total,orders_delivered,orders_undelivered,orders_inherited,orders_inherited_delivered,orders_stranded_in_open_pickups,sep_warning_splats,path_views,path_seeing_pct,path_routes_seen_mean,path_shared_pct,path_overlap_mean,path_contested_pct,path_contested_next_pct,path_contested_soonest,stream_deliveries,stream_orders_issued,stream_exits,stream_reentries,stream_on_floor_mean,stream_life_steps_mean,stream_exit_leg_steps_mean,stream_reentry_wait_mean,stream_offfloor_at_end,stream_docks,stream_order_window,stream_order_floor_gap_mean,stream_reentry_into_crowd,stream_reentry_other_dock,stream_reentry_deferrals,stream_deliv_q1,stream_deliv_q2,stream_deliv_q3,stream_deliv_q4,loss_safety,loss_delivery,loss_efficiency,qval_safety,qval_delivery,qval_efficiency,loss_recovery,qval_recovery,incomplete_livelocked,hops_livelocked,start_hops_livelocked,steps_held_livelocked,steps_waiting_livelocked
1,50_5_5_10_5_2,50_5_5_10_5_2_StartGoalLocations_Seed23.csv,60,-80339.60105669498,46,0.46938775510204084,55,98,54,55,3,97,11,102,102,101,1.0,0.1244293427278981,7.105967363402944,0,0,0,0.2828333333333333,0.3428100965045751,24.260714081923165,54,5.0,1.0,60,24.71,20.9,17.01,36.63,48.4,37.0,34.3,218.6,228.0,29.0,127.4,119.0,1770,0.96,8.73,0,3,0.17,461,0,185,0,0,84,53,299,0,119,68,112,0,21,0.398,0.2274,71,4,0,4799.997,0.0,4600.0,0.0,29182.148,-23049.653,108.5,0.0,0.0,-5800.0,8.551,-3085.15,0.0,-18330.0,4260.0,-47280.0,0.0,0.0,0.0,0.0,0.0,-5054.0,0.0,-20700.0,0.32585,3.35284,-0.18493,2.45835,-1.27812,2.66361,0.0,0.0,-0.53654,1.8831,255.694,-17841.217,4600.0,0.0,46360.996,-30259.609,-0.36637,2.73704,0.09583,3.09421,0.33545,2.33551,0.13371,2.81971,0.00096,100.0,0.99775,1.59986,0.0,-267.7438,65.3409,0.0,1567.1178,-2682.1466,-275.612,1533,117,1280,3588,540,919,945,5980,2253,168,80.924,37123.314,0.0,4110.0,0.0,0.0,-21482.321,-8876.599,-65460.0,0.0,-25754.0,37123.314,0.0,4110.0,0.0,0.0,-21482.321,-8876.599,-65460.0,0.0,-25754.0,0,429,52,0,52,0,0,0,2943,97231,44.711048945295225,1.9653578082948038,27.991072805998087,1.8902958073087595,21.644331540352358,4.663121843856383,2.5674031836540747,46,98,38,38,60.0,278.1842105263158,61.1578947368421,0.0,0,120,1,0.631578947368421,0,4,0,22,12,7,5,0.004217840804594595,0.0033962117674541906,0.0014362874836692514,0.018082526669257196,0.04279183076389432,-0.0033419407285104914,0.00022125629105298073,-0.02688906994791072,,,,,
2,50_5_5_10_5_2,50_5_5_10_5_2_StartGoalLocations_Seed22.csv,60,-45293.21872437,112,0.7044025157232704,79,41,77,79,0,39,1,41,41,39,1.0,0.16001584521724627,6.336029988055633,0,0,0,0.23691666666666666,0.5127996664582031,18.644132208824157,40,18.0,,60,18.48,20.19,,36.47,36.05,,41.8,96.0,,32.0,67.6,,1770,1.0,6.86,0,8,0.45,447,0,207,0,0,44,87,1207,0,380,280,547,0,299,0.3148,0.232,54,0,0,4799.997,0.0,11200.0,0.0,33157.156,-18468.809,563.5,0.0,0.0,-8800.0,14.708,-4036.442,0.0,-20460.0,1020.0,-18720.0,0.0,0.0,0.0,0.0,0.0,-4880.0,0.0,-20683.333,0.65108,4.98341,-0.26712,3.02175,-0.795,1.68259,0.0,0.0,-0.53257,1.90292,31.52,-20114.534,11200.0,0.0,47772.554,-31261.072,-0.4184,3.19219,0.23333,4.82482,0.34399,2.37383,0.16481,2.54659,0.00233,100.0,0.99725,1.65107,0.0,-386.6759,159.0909,0.0,1837.4956,-2426.7234,-470.985,1756,70,1383,4161,852,1233,1403,7621,3149,284,135.28,48472.516,0.0,990.0,0.0,0.0,-17220.67,-12821.733,-39150.0,0.0,-25563.333,48472.516,0.0,990.0,0.0,0.0,-17220.67,-12821.733,-39150.0,0.0,-25563.333,0,623,47,0,47,0,0,0,3647,96866,52.591208473561416,1.9480988555836916,34.698449404331754,1.8937707740588303,26.914500443912207,4.816963640493053,2.7043458248628744,112,159,99,99,60.0,247.58585858585857,68.36363636363636,0.0,0,120,1,0.5656565656565656,0,19,0,23,42,21,26,0.0030934706598600313,0.0021699219242873368,0.002386101417505415,-0.01757494006495108,0.06423880349939282,-0.016839964427500718,0.00019534331499244218,-0.012406879737318377,2.0,8.0,23.5,78.0,71.0
3,50_5_5_10_5_2,50_5_5_10_5_2_StartGoalLocations_Seed17.csv,60,-43695.19325900078,131,0.7359550561797753,92,68,78,92,2,54,5,68,68,54,1.0,0.18593205847392238,5.757225422130569,0,0,0,0.227375,0.5825093939584777,18.333968202273052,55,,5.0,60,18.41,,17.54,39.98,,35.0,68.3,,39.8,57.7,,32.8,1770,1.2,6.69,0,3,0.17,531,0,264,0,0,70,115,928,0,565,114,249,0,93,0.6088,0.1228,90,0,0,4799.997,0.0,13100.0,0.0,33377.663,-16304.414,714.0,0.0,0.0,-9800.0,17.176,-4442.12,0.0,-19140.0,5820.0,-26160.0,0.0,0.0,0.0,0.0,0.0,-5019.5,0.0,-20658.0,0.74348,5.37763,-0.29635,3.18697,-0.8225,2.13462,0.0,0.0,-0.53495,1.87658,233.924,-23714.015,13100.0,0.0,51724.136,-29428.265,-0.48917,3.40669,0.27292,5.21701,0.4645,2.43328,0.19517,2.55636,0.00273,100.0,0.99717,1.69548,0.0,-433.8802,186.0795,0.0,1837.7747,-2288.6461,-439.09,2378,83,1859,5172,859,1216,1679,8886,3340,362,110.147,50939.295,0.0,5760.0,0.0,0.0,-15252.047,-14224.944,-45240.0,0.0,-25677.5,50939.295,0.0,5760.0,0.0,0.0,-15252.047,-14224.944,-45240.0,0.0,-25677.5,0,717,47,0,47,0,0,0,4424,97107,63.954194857219356,2.030851474945253,37.05088201674442,2.00966917430656,29.807325939427642,5.222074618719557,2.6929348764898946,131,178,118,118,60.0,178.0677966101695,54.70338983050848,0.0,0,120,1,0.5508474576271186,0,20,0,67,23,18,23,0.002888560868013883,0.0021588733423413943,0.0028631973327719606,-0.032049162939656525,0.06706220425199717,-0.009645385896338681,0.00020312885537350666,-0.012900453832626226,,,,,
4,50_5_5_10_5_2,50_5_5_10_5_2_StartGoalLocations_Seed24.csv,60,-55796.1895185709,141,0.75,74,79,67,74,2,72,2,79,79,72,1.0,0.2566823735457237,5.5814947445748855,0,0,0,0.2295,0.5613744522945974,22.24566733390093,53,2.0,3.0,60,19.96,55.5,27.28,39.39,69.5,38.67,109.2,178.5,26.0,90.1,135.5,63.0,1770,0.6,5.95,0,11,0.62,781,0,373,0,0,78,84,700,0,470,90,140,0,45,0.6714,0.1286,77,0,0,4799.997,0.0,14100.0,0.0,32413.662,-13552.938,546.0,0.0,0.0,-8200.0,12.563,-6696.311,0.0,-19500.0,2760.0,-35040.0,0.0,0.0,0.0,0.0,0.0,-6778.5,0.0,-20660.667,0.79806,5.52976,-0.31008,2.92076,-1.07875,2.27391,0.0,0.0,-0.57165,1.876,114.135,-30058.322,14100.0,0.0,51307.852,-27105.567,-0.62384,3.26624,0.29375,5.4119,0.50421,2.34415,0.26658,2.35796,0.00294,100.0,0.99708,1.63839,0.0,-434.558,200.2841,0.0,1775.3704,-2234.3671,-366.339,4870,381,4466,9399,714,896,1354,12335,2491,237,145.439,50976.597,0.0,2730.0,0.0,0.0,-12669.874,-14883.748,-54510.0,0.0,-27439.167,50976.597,0.0,2730.0,0.0,0.0,-12669.874,-14883.748,-54510.0,0.0,-27439.167,0,531,47,0,47,0,0,0,6494,97845,63.3072717052481,1.6274316710524193,38.44345648730135,1.8308523604545555,30.359241657723953,6.418314681383821,2.616024238343713,141,188,128,128,60.0,196.765625,45.09375,0.0,0,120,1,0.4921875,0,13,0,51,31,25,34,0.0029290121365193045,0.002190214841248235,0.0034364072800963184,-0.034886449426412586,0.06908633436076343,-0.0032381177936713357,0.00020335930132205248,-0.015723414669337216,2.0,42.0,45.5,80.0,83.0
5,50_5_5_10_5_2,50_5_5_10_5_2_StartGoalLocations_Seed8.csv,60,-58199.762293219566,116,0.7073170731707317,73,75,66,73,0,68,0,77,77,70,1.0,0.23952382937914357,5.466089568446907,0,0,0,0.22175,0.5566928641414247,15.714492060740788,37,22.0,,60,14.66,17.09,,36.19,49.23,,90.2,107.8,,84.6,92.6,,1770,1.0,4.86,0,11,0.62,831,0,447,0,0,82,112,954,0,395,102,457,0,68,0.414,0.1069,95,2,0,4799.997,0.0,11600.0,0.0,34192.469,-16500.749,829.5,0.0,0.0,-8300.0,14.861,-6948.343,0.0,-19740.0,1680.0,-33600.0,0.0,0.0,0.0,0.0,0.0,-5557.5,0.0,-20670.0,0.72753,5.0927,-0.31736,2.93821,-1.07625,2.19256,0.0,0.0,-0.54641,1.8876,50.805,-28754.869,11600.0,0.0,51100.525,-31150.387,-0.598,3.2396,0.24167,4.91002,0.41563,2.49588,0.24673,2.4323,0.00242,100.0,0.99562,1.72109,0.0,-426.6772,164.7727,0.0,1903.8983,-2344.2572,-413.029,4580,144,3969,8123,777,1079,1563,11490,3210,365,124.582,50402.952,0.0,1680.0,0.0,0.0,-15481.734,-15233.482,-53340.0,0.0,-26227.5,50402.952,0.0,1680.0,0.0,0.0,-15481.734,-15233.482,-53340.0,0.0,-26227.5,0,577,48,0,48,0,0,0,6628,98159,66.53388889454864,2.190142246857248,41.76387290009067,2.2104483755406505,34.02846402265712,7.5438828838924605,2.645350577809712,116,164,104,104,60.0,186.20192307692307,75.24038461538461,0.0,0,120,1,0.5769230769230769,0,21,0,60,33,14,9,0.002777302132672048,0.0022876924912270625,0.003824984794773627,-0.03486730849603191,0.0717316151689738,0.00880583029036643,0.00019725973318600155,-0.013600339677504963,1.0,24.48,37.0,280.0,286.0
6,50_5_5_10_5_2,50_5_5_10_5_2_StartGoalLocations_Seed24.csv,60,-53956.554435133934,129,0.7456647398843931,76,80,65,76,0,69,4,81,81,70,1.0,0.2510739458647871,5.705072281963036,0,0,0,0.227625,0.578051445864156,20.63177847067515,54,4.0,2.0,60,20.02,23.23,32.0,39.1,34.02,45.0,89.1,157.0,146.5,78.4,115.8,105.0,1770,0.8,6.47,0,10,0.56,507,0,288,0,0,87,98,658,0,435,81,142,0,107,0.6611,0.1231,79,1,0,4799.997,0.0,12900.0,0.0,32788.553,-14607.904,570.5,0.0,0.0,-8200.0,16.131,-7137.669,0.0,-19650.0,4320.0,-33120.0,0.0,0.0,0.0,0.0,0.0,-5981.5,0.0,-20654.667,0.7594,5.31154,-0.3192,2.91935,-1.00937,2.28191,0.0,0.0,-0.55492,1.87626,190.677,-30269.239,12900.0,0.0,50704.996,-29014.345,-0.62664,3.2583,0.26875,5.17714,0.45189,2.38995,0.2579,2.46061,0.00269,100.0,0.99748,1.66502,0.0,-432.0221,183.2386,0.0,1809.9929,-2260.5653,-430.357,4668,216,4094,8898,585,1154,1437,12034,3147,349,95.023,50092.12,0.0,4230.0,0.0,0.0,-13640.972,-15321.539,-52680.0,0.0,-26636.167,50092.12,0.0,4230.0,0.0,0.0,-13640.972,-15321.539,-52680.0,0.0,-26636.167,0,475,44,0,44,0,0,0,6654,97250,61.12493573264781,1.878086938967768,39.65141388174807,2.113749208667524,31.26580976863753,6.90694087403599,2.5194698414786556,129,173,113,113,60.0,204.67256637168143,57.29203539823009,0.0,0,120,1,0.6460176991150443,0,22,0,53,29,21,26,0.00288870536005561,0.0022995135301243862,0.004481482209230308,-0.04002625730354339,0.07556508497335017,0.022690915950394127,0.00038876814642208046,-0.023488513312768192,,,,,
7,50_5_5_10_5_2,50_5_5_10_5_2_StartGoalLocations_Seed18.csv,60,-74178.42140614986,112,0.7225806451612903,43,87,41,43,0,85,2,87,87,85,1.0,0.4011546718355947,4.562709017264699,0,0,0,0.32029166666666664,0.5191056825549537,15.26433153450489,17,42.0,1.0,60,22.52,12.66,1.15,38.53,36.17,57.0,50.8,381.8,0.0,43.7,366.9,493.0,1770,0.6,3.04,0,38,2.15,535,0,396,0,0,96,87,428,0,365,19,44,0,7,0.8528,0.0444,44,0,0,4799.997,0.0,11200.0,0.0,26225.782,-11221.082,248.5,0.0,0.0,-4600.0,7.791,-11568.247,0.0,-19740.0,1560.0,-40800.0,0.0,0.0,0.0,0.0,0.0,-9604.5,0.0,-20686.667,0.65111,4.93284,-0.33668,2.20447,-1.22875,2.39313,0.0,0.0,-0.63107,1.92166,48.149,-42937.257,11200.0,0.0,40525.821,-30194.034,-0.89352,2.8954,0.23333,4.82482,0.21525,2.37006,0.40554,2.20823,0.00233,100.0,0.9976,1.47687,0.0,-426.8587,159.0909,0.0,1476.7972,-2336.1096,-303.254,11493,417,10936,17093,294,842,1053,19249,2582,324,66.652,41722.365,0.0,1530.0,0.0,0.0,-10469.165,-16160.457,-60510.0,0.0,-30291.167,41722.365,0.0,1530.0,0.0,0.0,-10469.165,-16160.457,-60510.0,0.0,-30291.167,0,272,43,0,43,0,0,0,13493,97236,72.76420255872311,2.795570505844275,51.88510428236456,2.9925177298226298,42.356740301945784,14.531654942613846,2.1664157723498274,112,155,95,95,60.0,119.42105263157895,29.936842105263157,0.0,0,120,1,0.5894736842105263,0,12,0,66,29,9,8,0.002913172848529939,0.0022748038708232344,0.004620985215296969,-0.04464221683330834,0.07646030424162746,0.016323703555917744,0.00022718945394331058,-0.027050097557366825,,,,,
8,50_5_5_10_5_2,50_5_5_10_5_2_StartGoalLocations_Seed23.csv,60,-44036.11731624603,151,0.7587939698492462,60,67,55,60,0,62,1,67,67,62,1.0,0.18818526701963564,5.814963651642805,0,0,0,0.21408333333333332,0.6151699538396979,21.767926490306856,41,16.0,1.0,60,20.7,24.56,19.57,39.17,44.82,31.0,38.5,151.9,253.0,28.2,87.6,186.0,1770,1.0,5.71,0,13,0.73,638,0,329,0,0,75,128,1392,0,799,115,478,0,115,0.574,0.0826,83,0,0,4799.997,0.0,15100.0,0.0,34089.733,-13607.025,857.5,0.0,0.0,-6600.0,13.322,-4884.316,0.0,-20340.0,1740.0,-29760.0,0.0,0.0,0.0,0.0,0.0,-4799.0,0.0,-20646.333,0.85917,5.70677,-0.23898,2.6212,-1.0075,2.0849,0.0,0.0,-0.53011,1.88197,49.44,-21886.143,15100.0,0.0,50995.177,-28644.953,-0.45493,2.88335,0.31458,5.59994,0.46563,2.36277,0.1975,2.31388,0.00315,100.0,0.99708,1.66402,0.0,-343.9314,214.4886,0.0,1898.7136,-2133.2921,-505.348,2135,65,1513,4797,831,1575,1911,9087,3751,391,116.209,53846.556,0.0,1710.0,0.0,0.0,-12606.348,-11470.994,-50070.0,0.0,-25445.333,53846.556,0.0,1710.0,0.0,0.0,-12606.348,-11470.994,-50070.0,0.0,-25445.333,0,677,48,0,48,0,0,0,4740,97170,61.09292991664094,2.3543730206859377,37.31913141916229,2.268283172330145,29.001749511165997,5.114747350005145,2.6231503495262767,151,199,139,139,60.0,188.16546762589928,59.15107913669065,0.0,0,120,1,0.5611510791366906,0,34,0,69,33,29,20,0.002649244047352113,0.0023039429705022487,0.0050050075139733965,-0.048029389940202234,0.07832405724562705,0.01623099859800277,0.0002458184085128323,-0.029913896542566362,2.0,22.31,25.0,20.5,30.0
9,50_5_5_10_5_2,50_5_5_10_5_2_StartGoalLocations_Seed10.csv,60,-54281.84597682953,140,0.7291666666666666,57,84,54,57,2,81,5,85,85,82,1.0,0.23875244965183673,5.671932046838369,0,0,0,0.24358333333333335,0.5986060972810551,23.592676635583242,38,21.0,1.0,60,23.55,24.04,16.0,40.66,52.43,75.0,74.1,191.7,200.0,58.4,149.9,100.0,1770,1.0,5.79,0,11,0.62,959,0,503,0,0,92,124,690,0,487,62,141,0,38,0.7058,0.0899,47,1,0,4799.997,0.0,14000.0,0.0,32726.825,-11592.657,374.5,0.0,0.0,-6200.0,12.081,-5705.93,0.0,-19140.0,2940.0,-39360.0,0.0,0.0,0.0,0.0,0.0,-6470.0,0.0,-20666.667,0.83976,5.4928,-0.24779,2.54222,-1.1575,2.41523,0.0,0.0,-0.56535,1.88848,179.025,-27524.31,14000.0,0.0,53242.284,-26075.025,-0.56969,2.93984,0.29167,5.39274,0.56598,2.36187,0.25123,2.29732,0.00292,100.0,0.997,1.65742,0.0,-364.1683,198.8636,0.0,1802.5031,-2124.1029,-378.472,4862,188,4206,8755,445,855,1536,11556,2844,271,140.937,51085.443,0.0,2880.0,0.0,0.0,-10776.776,-11893.849,-58440.0,0.0,-27136.667,51085.443,0.0,2880.0,0.0,0.0,-10776.776,-11893.849,-58440.0,0.0,-27136.667,0,335,52,0,52,0,0,0,6847,98600,62.61257606490872,2.5092976545289623,40.1551724137931,2.7139585320461084,32.7342799188641,6.519269776876268,2.567821291362003,140,192,132,132,60.0,197.77272727272728,43.553030303030305,0.0,0,120,2,1.121212121212121,0,21,0,56,38,27,19,0.0026256271438433033,0.0023214837928935595,0.005357472738833167,-0.04754932625684887,0.08024692861363292,0.03122377452110413,0.00024166582007183025,-0.028424832819728182,,,,,
10,50_5_5_10_5_2,50_5_5_10_5_2_StartGoalLocations_Seed18.csv,60,-84323.18821167946,99,0.6875,33,83,30,33,0,80,1,83,83,80,1.0,0.5261633359034739,4.046495851044132,0,0,0,0.38814583333333336,0.5145391921511324,18.8234606663386,14,45.0,1.0,60,17.35,19.68,1.0,31.93,36.05,16.0,78.6,476.4,0.0,65.1,460.0,526.0,1770,0.53,2.64,0,38,2.15,438,0,467,0,0,85,76,1103,0,343,109,651,0,654,0.311,0.0988,59,0,0,4799.997,0.0,9900.0,0.0,21632.943,-8262.78,178.5,0.0,0.0,-4300.0,7.99,-17168.343,0.0,-20580.0,1260.0,-38400.0,0.0,0.0,0.0,0.0,0.0,-12710.5,0.0,-20681.0,0.58851,4.63253,-0.44709,2.13541,-1.2025,2.3086,0.0,0.0,-0.69566,1.91475,37.483,-55082.501,9900.0,0.0,36284.625,-28957.084,-1.14677,2.93554,0.20625,4.53679,0.15266,2.30673,0.53029,2.16547,0.00206,100.0,0.99779,1.36221,0.0,-504.555,140.625,0.0,1219.367,-2353.2434,-274.735,16501,430,15995,23206,376,720,974,25243,2205,137,87.166,35955.613,0.0,1260.0,0.0,0.0,-7706.951,-21460.352,-58980.0,0.0,-33391.5,35955.613,0.0,1260.0,0.0,0.0,-7706.951,-21460.352,-58980.0,0.0,-33391.5,0,309,45,0,45,0,0,0,17964,97384,75.89953175059559,2.3313310063046244,49.506079027355625,2.632278771870429,37.98775979627043,15.155467017169144,2.01027193598962,99,144,84,84,60.0,149.9047619047619,47.79761904761905,0.0,0,120,2,0.9761904761904762,0,12,0,57,23,11,8,0.002519544105434761,0.0023279042672220383,0.005568548953451682,-0.04838558512739837,0.08088628348894417,0.04162609799883285,0.00022278245970142052,-0.03647015770053258,,,,,
11,50_5_5_10_5_2,50_5_5_10_5_2_StartGoalLocations_Seed14.csv,60,-65691.25175714493,123,0.7068965517241379,100,94,88,100,0,82,0,94,94,82,1.0,0.27338144501918904,5.439644621742335,0,0,0,0.2842708333333333,0.5648218029350105,26.3097509543101,29,30.0,,60,28.12,25.19,,45.9,42.76,,84.4,182.5,,71.3,177.7,,1770,0.97,5.05,0,15,0.85,1179,0,610,0,0,98,126,662,0,442,63,157,0,98,0.6677,0.0952,76,0,0,4799.997,0.0,12300.0,0.0,30222.745,-12230.173,371.0,0.0,0.0,-11250.0,15.985,-7211.644,0.0,-18390.0,2880.0,-39360.0,0.0,0.0,0.0,0.0,0.0,-7142.5,0.0,-20696.667,0.73882,5.16386,-0.38428,3.415,-1.14312,2.38429,0.0,0.0,-0.57998,1.89407,88.415,-35766.724,12300.0,0.0,49752.465,-26899.84,-0.7433,3.75572,0.25625,5.05562,0.4761,2.3254,0.28121,2.65633,0.00256,100.0,0.99756,1.60083,0.0,-540.0024,174.7159,0.0,1668.5923,-2210.0549,-500.082,5641,120,4720,9640,536,1164,1800,13074,3777,256,176.65,46845.284,0.0,2880.0,0.0,0.0,-11381.713,-18445.658,-57750.0,0.0,-27839.167,46845.284,0.0,2880.0,0.0,0.0,-11381.713,-18445.658,-57750.0,0.0,-27839.167,0,442,51,0,51,0,0,0,8142,99064,64.40381975288702,2.2754659017883734,40.00040377937495,2.443550221537862,31.571509327303563,7.634458531858193,2.456068550965597,123,174,114,114,60.0,194.51754385964912,55.5,0.0,0,120,2,1.0614035087719298,0,18,0,56,28,25,14,0.0024889267906110036,0.002116303060647624,0.006640754716354422,-0.05337321739178151,0.0833927555847913,0.05844920574752905,0.00025303083103153765,-0.04491770344495308,1.0,7.16,28.0,0.0,1.0
12,50_5_5_10_5_2,50_5_5_10_5_2_StartGoalLocations_Seed24.csv,60,-83971.27070009708,92,0.6666666666666666,50,83,46,50,2,79,2,83,83,79,1.0,0.5250682732598136,4.100474181154406,0,0,0,0.37572916666666667,0.4705623164078892,18.976030027866365,19,40.0,1.0,60,20.25,18.77,3.0,39.37,38.16,25.0,233.4,410.7,406.0,223.9,397.8,393.0,1770,0.45,3.56,1,18,1.02,876,0,758,0,0,97,100,478,0,316,52,110,0,34,0.6611,0.1088,31,0,0,4799.997,0.0,9200.0,0.0,20403.615,-7746.872,742.0,0.0,0.0,-5900.0,9.615,-15879.129,0.0,-19800.0,2040.0,-38400.0,0.0,0.0,0.0,0.0,0.0,-12770.5,0.0,-20670.0,0.57081,4.47031,-0.45353,2.49001,-1.17,2.3385,0.0,0.0,-0.69668,1.88071,82.594,-54951.131,9200.0,0.0,36190.66,-27944.532,-1.14309,3.20539,0.19167,4.37378,0.17179,2.27451,0.53244,2.15337,0.00192,100.0,0.99817,1.3386,0.0,-553.3587,130.6818,0.0,1169.9818,-2315.2252,-358.202,15671,323,14918,23202,209,696,1121,25183,2584,212,103.022,34604.666,0.0,2010.0,0.0,0.0,-7205.923,-21769.515,-58170.0,0.0,-33440.5,34604.666,0.0,2010.0,0.0,0.0,-7205.923,-21769.515,-58170.0,0.0,-33440.5,0,163,46,0,46,0,0,0,17448,98937,74.11180852461668,2.827328023566636,56.57539646441675,2.8486743837988784,42.9970587343461,15.905070903706399,2.033544898918665,92,138,78,78,60.0,162.83333333333334,48.8974358974359,0.0,0,120,2,1.0897435897435896,0,10,0,55,15,14,8,0.0027971976546177757,0.002070874778946745,0.006881926476780791,-0.060219809445552525,0.08677329170517624,0.0681517612306925,0.00027495370210772307,-0.0498551985854283,,,,,
13,50_5_5_10_5_2,50_5_5_10_5_2_StartGoalLocations_Seed18.csv,60,-66660.33717036247,116,0.6946107784431138,62,98,51,62,2,87,4,98,98,87,1.0,0.3056893280797215,5.12336559977926,0,0,0,0.3126875,0.562296246760846,29.153200936317443,33,26.0,1.0,60,19.77,41.27,23.8,40.15,53.81,27.0,81.4,325.0,0.0,53.6,293.0,2.0,1770,0.32,4.78,1,23,1.3,1274,0,595,0,0,99,103,814,0,541,83,190,0,88,0.6646,0.102,72,0,0,4799.997,0.0,11600.0,0.0,27723.716,-11045.95,553.0,0.0,0.0,-6750.0,10.678,-7304.284,0.0,-19140.0,4800.0,-42240.0,0.0,0.0,0.0,0.0,0.0,-8971.5,0.0,-20696.0,0.70064,5.01553,-0.29258,2.65438,-1.17875,2.53005,0.0,0.0,-0.61807,1.90769,167.246,-34121.297,11600.0,0.0,48415.73,-26775.264,-0.70738,3.12624,0.24167,4.91002,0.45084,2.31323,0.31702,2.25331,0.00242,100.0,0.99727,1.57077,0.0,-426.1918,164.7727,0.0,1556.7983,-2267.4688,-357.378,6705,300,6189,12063,366,1079,1234,14716,2706,261,83.445,43883.155,0.0,4710.0,0.0,0.0,-10252.389,-14043.606,-61290.0,0.0,-29667.5,43883.155,0.0,4710.0,0.0,0.0,-10252.389,-14043.606,-61290.0,0.0,-29667.5,0,354,51,0,51,0,0,0,8509,99328,68.0774806701031,2.3231884057971013,44.46077641752577,2.136054295539384,35.88816849226804,6.031531894329897,2.782365977501613,116,167,107,107,60.0,195.6355140186916,56.08411214953271,0.0,0,120,2,1.1121495327102804,0,18,0,62,27,18,9,0.0028775254872016377,0.0021238709598401326,0.006877040049585048,-0.06504566382151097,0.09179964162409306,0.07288441146230071,0.00030050451300212444,-0.054483973627211524,,,,,
14,50_5_5_10_5_2,50_5_5_10_5_2_StartGoalLocations_Seed24.csv,60,-71047.44642186165,103,0.6602564102564102,45,87,39,45,2,81,2,87,87,81,1.0,0.3671661699422688,4.964792962153449,0,0,0,0.31735416666666666,0.5300823173908513,21.272577918569247,19,41.0,,60,17.09,23.21,,40.97,44.8,,86.6,304.7,,81.2,299.1,,1770,0.52,4.0,0,28,1.58,519,0,358,0,0,87,77,660,0,382,145,133,0,14,0.5788,0.2197,51,0,0,4799.997,0.0,10300.0,0.0,27368.734,-11990.233,175.0,0.0,0.0,-5100.0,7.779,-9810.228,0.0,-20010.0,2520.0,-39360.0,0.0,0.0,0.0,0.0,0.0,-9248.5,0.0,-20700.0,0.63861,4.75119,-0.31047,2.31775,-1.18437,2.37422,0.0,0.0,-0.62393,1.91936,77.36,-37478.764,10300.0,0.0,44374.44,-28681.219,-0.7792,2.86795,0.21458,4.62734,0.32694,2.35691,0.37448,2.08935,0.00215,100.0,0.99658,1.52721,0.0,-419.9782,146.3068,0.0,1529.0716,-2351.6429,-376.754,8472,334,7885,15035,353,917,1315,17604,2761,435,-1.544,41864.128,0.0,2490.0,0.0,0.0,-11210.628,-14902.449,-59340.0,0.0,-29948.5,41864.128,0.0,2490.0,0.0,0.0,-11210.628,-14902.449,-59340.0,0.0,-29948.5,0,308,53,0,53,0,0,0,10249,97171,67.7702195099361,2.288825110473327,43.95653024050385,2.2125900196829984,35.947968015148554,9.570756707248048,2.5350548223640894,103,156,96,96,60.0,159.35416666666666,47.791666666666664,0.0,0,120,2,0.9270833333333334,0,10,0,54,30,14,5,0.0028577570419656695,0.0021798852115898627,0.006778884804516565,-0.06580865223426371,0.09744894335046411,0.07927834186884866,0.0003266271588722702,-0.06214978921663714,,,,,
15,50_5_5_10_5_2,50_5_5_10_5_2_StartGoalLocations_Seed24.csv,60,-91330.38119494915,84,0.6412213740458015,27,91,26,27,0,90,2,92,92,91,1.0,0.5357075874716068,4.025205438930185,0,0,0,0.4099791666666667,0.4911799212268499,20.37969587445259,14,45.0,1.0,60,18.33,21.42,2.5,44.75,41.3,7.0,127.5,453.7,342.0,105.5,451.6,669.0,1770,0.57,3.02,0,36,2.03,852,0,723,0,0,91,77,396,0,297,49,50,0,19,0.75,0.1237,42,1,0,4799.997,0.0,8400.0,0.0,19395.581,-7930.691,185.5,0.0,0.0,-2900.0,4.37,-16802.643,0.0,-20370.0,1320.0,-43680.0,0.0,0.0,0.0,0.0,0.0,-13053.5,0.0,-20699.0,0.51772,4.2713,-0.41038,1.77093,-1.30688,2.44832,0.0,0.0,-0.70318,1.91627,41.651,-56208.542,8400.0,0.0,34172.129,-28831.469,-1.17014,2.75795,0.175,4.17964,0.11126,2.27582,0.54008,2.16981,0.00175,100.0,0.99827,1.31485,0.0,-468.9092,119.3182,0.0,1094.9744,-2357.9521,-233.086,17127,558,16557,24202,181,584,791,25739,1773,149,74.119,32198.892,0.0,1260.0,0.0,0.0,-7348.502,-19698.273,-63990.0,0.0,-33752.5,32198.892,0.0,1260.0,0.0,0.0,-7348.502,-19698.273,-63990.0,0.0,-33752.5,0,155,47,0,47,0,0,0,18408,98511,75.61693617971596,2.410761031534011,52.66213925348438,2.1227247728452836,43.97173919663794,21.873699383825155,1.8520211464321168,84,131,71,71,60.0,139.67605633802816,43.732394366197184,0.0,0,120,2,0.8873239436619719,0,14,0,54,21,7,2,0.0026208384798519545,0.002002480377414031,0.006913910899020266,-0.065193176320754,0.09780957113020122,0.0919444675323939,0.00036534034310307104,-0.06992560791375581,,,,,
16,50_5_5_10_5_2,50_5_5_10_5_2_StartGoalLocations_Seed10.csv,60,-73183.20721447468,108,0.6878980891719745,48,93,40,48,1,85,2,93,93,85,1.0,0.39691505992704534,4.793174605699428,0,0,0,0.369375,0.570748015043878,20.657694051663082,42,17.0,,60,16.79,30.94,,39.55,46.94,,220.9,306.1,,185.4,283.5,,1770,0.53,5.32,0,15,0.85,561,0,341,0,0,95,81,602,0,390,68,144,0,77,0.6478,0.113,50,0,0,4799.997,0.0,10800.0,0.0,25902.019,-9295.817,339.5,0.0,0.0,-5850.0,9.894,-10712.804,0.0,-19980.0,3000.0,-41040.0,0.0,0.0,0.0,0.0,0.0,-10456.0,0.0,-20700.0,0.67804,4.83789,-0.34485,2.47577,-1.20875,2.43276,0.0,0.0,-0.64908,1.87965,131.165,-42159.463,10800.0,0.0,43355.958,-26822.138,-0.87559,3.07363,0.225,4.73808,0.34445,2.30857,0.40519,2.17444,0.00225,100.0,0.99769,1.46543,0.0,-462.4352,153.4091,0.0,1417.2256,-2229.2427,-340.029,11236,330,10652,16648,381,909,1183,19091,2621,250,95.886,41209.387,0.0,2970.0,0.0,0.0,-8663.685,-16552.911,-60990.0,0.0,-31156.0,41209.387,0.0,2970.0,0.0,0.0,-8663.685,-16552.911,-60990.0,0.0,-31156.0,0,321,49,0,49,0,0,0,12959,97463,69.34118588592594,2.0929093545618658,50.796712598627174,1.9939353381194942,39.366734042662344,14.576813765223726,2.127840909090909,108,157,97,97,60.0,184.48453608247422,63.94845360824742,0.0,0,120,2,1.1030927835051547,0,18,0,64,17,10,17,0.002721862505204626,0.0018942400614469078,0.007241632789664436,-0.06934765028301626,0.09721951439045369,0.10773525839986178,0.0004297547936027968,-0.0802938178833574,1.0,8.26,19.0,332.0,316.0
17,50_5_5_10_5_2,50_5_5_10_5_2_StartGoalLocations_Seed17.csv,60,-66657.15288209915,131,0.7359550561797753,52,91,46,52,0,85,0,91,91,85,1.0,0.3411776967170401,5.359908282593118,0,0,0,0.32697916666666665,0.5782169890664424,22.03950194021066,20,38.0,1.0,60,24.31,20.77,1.14,45.9,39.1,14.88,60.1,298.2,84.0,46.3,290.1,198.0,1770,0.61,3.46,0,29,1.64,829,0,471,0,0,93,100,742,0,458,103,181,0,97,0.6173,0.1388,54,0,0,4799.997,0.0,13100.0,0.0,28967.408,-10375.003,350.0,0.0,0.0,-5500.0,10.665,-9254.727,0.0,-19890.0,1440.0,-40800.0,0.0,0.0,0.0,0.0,0.0,-8805.5,0.0,-20700.0,0.76755,5.308,-0.30717,2.40226,-1.23438,2.36717,0.0,0.0,-0.6147,1.92169,42.83,-37997.75,13100.0,0.0,48504.861,-27222.928,-0.79073,2.992,0.27292,5.21701,0.44337,2.36564,0.34667,2.28609,0.00273,100.0,0.99719,1.58211,0.0,-412.4325,186.0795,0.0,1635.4618,-2239.0671,-327.935,8354,347,7727,14063,480,789,1077,16377,2217,193,116.359,46506.481,0.0,1440.0,0.0,0.0,-9664.076,-14744.062,-60690.0,0.0,-29505.5,46506.481,0.0,1440.0,0.0,0.0,-9664.076,-14744.062,-60690.0,0.0,-29505.5,0,337,47,0,47,0,0,0,9826,98018,64.55242914566712,2.355617720038563,46.56389642718684,2.332792826123185,37.38292966597972,7.314982962313045,2.581927842366683,131,178,118,118,60.0,158.8728813559322,40.101694915254235,0.0,0,120,2,1.0169491525423728,0,23,0,66,28,27,10,0.002606829831875075,0.0018304811186681037,0.007231828932417556,-0.07049756542779505,0.09746275095269084,0.1236027395347628,0.00042087584190539926,-0.09149172333418391,1.0,45.88,55.0,99.0,144.0
18,50_5_5_10_5_2,50_5_5_10_5_2_StartGoalLocations_Seed1.csv,60,-75256.90611565113,133,0.7471910112359551,25,95,24,25,3,94,5,98,98,97,1.0,0.4345398095476235,4.798188261227441,0,0,0,0.3501875,0.5722536121593729,21.33457399904728,11,49.0,,60,23.9,20.76,,34.65,43.31,,18.7,372.6,,12.5,358.6,,1770,0.64,2.57,0,39,2.2,1050,0,808,0,0,92,94,612,0,451,56,105,0,46,0.7369,0.0915,50,3,0,4799.997,0.0,13300.0,0.0,27020.145,-8365.917,315.0,0.0,0.0,-2700.0,4.484,-13956.452,0.0,-19830.0,2460.0,-46800.0,0.0,0.0,0.0,0.0,0.0,-10820.5,0.0,-20683.667,0.77228,5.33607,-0.34692,1.7114,-1.33688,2.57208,0.0,0.0,-0.65634,1.93044,178.429,-48517.673,13300.0,0.0,46143.179,-27725.403,-1.00707,2.67586,0.27708,5.25657,0.3837,2.37107,0.44408,2.28449,0.00277,100.0,0.99723,1.5432,0.0,-393.5275,188.9204,0.0,1536.2509,-2252.5331,-267.993,12954,399,12435,19033,373,665,856,20902,1710,187,52.276,44857.544,0.0,2460.0,0.0,0.0,-7788.316,-16651.968,-66630.0,0.0,-31504.167,44857.544,0.0,2460.0,0.0,0.0,-7788.316,-16651.968,-66630.0,0.0,-31504.167,0,243,45,0,45,0,0,0,14364,99334,68.29182354480842,2.776184088329378,50.70469325709223,2.3669830650839545,38.521553546620495,14.648559405641572,2.0375277668888017,133,178,118,118,60.0,142.4915254237288,39.13559322033898,0.0,0,120,2,1.0508474576271187,0,11,0,72,40,14,7,0.002578153903596103,0.0019732721699620014,0.00738689393067034,-0.07373402215074748,0.09988063882105053,0.13558779424168052,0.000428496565630212,-0.10321062445640564,,,,,
19,50_5_5_10_5_2,50_5_5_10_5_2_StartGoalLocations_Seed10.csv,60,-58062.32152426243,141,0.7704918032786885,60,88,52,60,2,80,5,89,89,81,1.0,0.28930306252215066,5.461187520989407,0,0,0,0.2512916666666667,0.5746206262280005,18.04956760207812,19,39.0,1.0,60,14.15,20.26,2.0,33.29,44.29,22.0,23.5,247.1,192.0,19.4,238.2,320.0,1770,0.55,3.33,0,33,1.86,875,0,579,0,0,88,111,720,0,521,93,106,0,93,0.7236,0.1292,75,1,0,4799.997,0.0,14100.0,0.0,31090.178,-11070.01,448.0,0.0,0.0,-6600.0,12.995,-8668.486,0.0,-19380.0,4620.0,-39360.0,0.0,0.0,0.0,0.0,0.0,-7366.0,0.0,-20689.0,0.82017,5.5066,-0.31782,2.62587,-1.1275,2.4707,0.0,0.0,-0.58448,1.92992,180.026,-34275.835,14100.0,0.0,49818.059,-29210.019,-0.71033,3.08921,0.29375,5.4119,0.42933,2.4217,0.29958,2.3961,0.00294,100.0,0.99717,1.6511,0.0,-410.4909,200.2841,0.0,1766.915,-2200.4482,-370.838,7694,220,7020,11254,413,962,1333,13911,2678,315,98.318,49635.175,0.0,4560.0,0.0,0.0,-10267.007,-15255.491,-58680.0,0.0,-28055.0,49635.175,0.0,4560.0,0.0,0.0,-10267.007,-15255.491,-58680.0,0.0,-28055.0,0,389,42,0,42,0,0,0,9484,98452,60.999268679153296,2.8002830738489717,41.40901149798887,2.399256764206341,33.013041888432944,11.461422825336204,2.2213709925543044,141,183,123,123,60.0,163.52032520325204,49.38211382113821,0.0,0,120,2,1.032520325203252,0,24,0,65,39,24,13,0.0025146066015804534,0.002151086664525792,0.00726087972172536,-0.07848184013739229,0.10327061255462468,0.13231092076770437,0.0004355792008186654,-0.11526386960875243,1.0,22.15,44.0,0.0,0.0
20,50_5_5_10_5_2,50_5_5_10_5_2_StartGoalLocations_Seed10.csv,60,-52376.94924736023,131,0.7277777777777777,74,80,58,74,3,64,1,81,81,65,1.0,0.2901611658987136,5.2946237354547625,0,0,0,0.2672291666666667,0.5910042278873121,22.74328366915385,36,20.0,3.0,60,18.72,28.65,30.18,42.94,47.76,39.09,93.2,210.4,214.3,75.3,181.8,222.3,1770,0.54,5.88,0,10,0.56,940,0,470,0,0,80,117,634,0,459,72,103,0,58,0.724,0.1136,54,1,0,4799.997,0.0,13100.0,0.0,31300.147,-11102.471,563.5,0.0,0.0,-8600.0,14.473,-7778.933,0.0,-19590.0,4380.0,-31920.0,0.0,0.0,0.0,0.0,0.0,-6867.0,0.0,-20676.667,0.80544,5.32474,-0.34093,2.99039,-0.98188,2.2181,0.0,0.0,-0.57383,1.88117,99.389,-32148.291,13100.0,0.0,51714.603,-25656.034,-0.66769,3.31096,0.27292,5.21701,0.54289,2.32558,0.30098,2.23214,0.00273,100.0,0.99713,1.61654,0.0,-473.2174,186.0795,0.0,1708.5028,-2096.0737,-491.358,5361,169,4420,10308,673,1146,1871,13912,3716,307,150.442,49000.909,0.0,4350.0,0.0,0.0,-10339.735,-16364.46,-51480.0,0.0,-27543.667,49000.909,0.0,4350.0,0.0,0.0,-10339.735,-16364.46,-51480.0,0.0,-27543.667,0,461,49,0,49,0,0,0,8105,98501,65.432838245297,2.4761217650344443,43.5102181703739,2.3885059976547667,34.4889899594928,7.415153145653344,2.530525138349229,131,180,120,120,60.0,194.95,58.49166666666667,0.0,0,120,2,1.1916666666666667,0,18,0,66,20,22,23,0.002626570924276166,0.002137183056183858,0.00749681793327909,-0.08028461632784456,0.10392319166101516,0.13405161466709273,0.0005190523992291674,-0.11901711153332144,1.0,27.0,37.0,480.0,509.0
21,50_5_5_10_5_2,50_5_5_10_5_2_StartGoalLocations_Seed14.csv,60,-50150.54646730423,150,0.7614213197969543,47,86,41,47,0,80,2,86,86,80,1.0,0.2156180313861159,5.5704661430029585,0,0,0,0.2224375,0.6106594210471313,20.359257722894352,24,36.0,,60,17.66,22.16,,44.33,43.89,,26.3,160.1,,30.2,134.6,,1770,0.66,4.45,0,23,1.3,769,0,367,0,0,80,110,1319,0,637,245,437,0,153,0.4829,0.1857,76,0,0,4799.997,0.0,15000.0,0.0,36549.887,-14837.561,665.0,0.0,0.0,-4900.0,10.398,-5311.105,0.0,-20100.0,2520.0,-38400.0,0.0,0.0,0.0,0.0,0.0,-5450.5,0.0,-20696.667,0.87869,5.7345,-0.21251,2.26413,-1.16625,2.35807,0.0,0.0,-0.54473,1.92412,73.924,-24449.914,15000.0,0.0,56732.92,-30620.838,-0.50783,2.66138,0.3125,5.58143,0.544,2.55667,0.22408,2.28001,0.00313,100.0,0.99675,1.8258,0.0,-310.6994,213.0682,0.0,2066.1243,-2281.5437,-422.989,3646,182,2974,7277,689,1051,1431,10429,2735,324,125.282,56091.022,0.0,2490.0,0.0,0.0,-13913.696,-10200.707,-58470.0,0.0,-26147.167,56091.022,0.0,2490.0,0.0,0.0,-13913.696,-10200.707,-58470.0,0.0,-26147.167,0,531,47,0,47,0,0,0,5375,98046,64.01485017236807,1.87994710343509,39.52940456520409,1.7609603634570863,29.828855843175653,5.0211125390123,2.6065444847158585,150,197,137,137,60.0,162.77372262773721,47.75182481751825,0.0,0,120,2,1.0,0,23,0,72,35,26,17,0.0025953300434412084,0.002350994961161632,0.007518622158968356,-0.08279321896843612,0.10710637775249779,0.14903812224503327,0.0004714081522251945,-0.1222971478884574,,,,,
22,50_5_5_10_5_2,50_5_5_10_5_2_StartGoalLocations_Seed22.csv,60,-57867.850041627884,139,0.7354497354497355,74,85,66,74,0,77,0,85,85,77,1.0,0.25500375281461096,5.461673045614642,0,0,0,0.26835416666666667,0.617274569402229,24.03124473889669,43,13.0,4.0,60,20.42,35.01,27.2,42.36,53.23,53.25,96.7,231.3,246.8,79.3,188.8,186.0,1770,1.0,5.83,0,12,0.68,865,0,443,0,0,86,108,1625,0,784,409,432,0,125,0.4825,0.2517,71,0,0,4799.997,0.0,13900.0,0.0,31311.17,-10518.736,329.0,0.0,0.0,-8300.0,10.583,-7389.202,0.0,-19470.0,1920.0,-36960.0,0.0,0.0,0.0,0.0,0.0,-6830.0,0.0,-20670.667,0.82961,5.46687,-0.32664,2.94008,-1.13563,2.28761,0.0,0.0,-0.57293,1.88622,53.93,-30993.753,13900.0,0.0,54622.01,-25249.669,-0.64458,3.27641,0.28958,5.3735,0.61192,2.34512,0.26477,2.44297,0.0029,100.0,0.99723,1.66862,0.0,-438.3764,197.4432,0.0,1726.6599,-2091.1874,-407.311,5136,150,4258,9315,570,972,1492,12305,2888,246,148.204,49589.693,0.0,1920.0,0.0,0.0,-9768.259,-15678.62,-56430.0,0.0,-27500.667,49589.693,0.0,1920.0,0.0,0.0,-9768.259,-15678.62,-56430.0,0.0,-27500.667,0,440,50,0,50,0,0,0,7068,97090,66.47234524667834,1.8061917010133566,43.37006900813678,1.9681773888041267,33.23617262333917,5.911010402719127,2.661098887477145,139,189,129,129,60.0,172.93023255813952,47.16279069767442,0.0,0,120,2,1.054263565891473,0,23,0,62,27,25,25,0.002482176550729491,0.002348277095297817,0.0076753651141189035,-0.0852035252097994,0.10964311392977834,0.1726545103157696,0.0006616690116061363,-0.12874899226240813,,,,,
23,50_5_5_10_5_2,50_5_5_10_5_2_StartGoalLocations_Seed4.csv,60,-49314.57403695583,157,0.7696078431372549,98,74,92,98,0,68,3,75,75,69,1.0,0.25216919739696314,5.450706477182963,0,0,0,0.263875,0.6363086800633703,20.441372112433115,38,22.0,,60,20.62,20.14,,46.04,39.55,,79.5,175.2,,61.6,155.1,,1770,0.97,5.6,0,8,0.45,908,0,403,0,0,90,118,656,0,511,47,98,0,36,0.779,0.0716,78,1,0,4799.997,0.0,15700.0,0.0,33891.825,-11073.649,434.0,0.0,0.0,-11250.0,17.875,-6067.127,0.0,-18780.0,3060.0,-33120.0,0.0,0.0,0.0,0.0,0.0,-6247.5,0.0,-20680.0,0.9115,5.80268,-0.3604,3.41371,-1.0175,2.25894,0.0,0.0,-0.56099,1.89551,105.16,-31754.428,15700.0,0.0,54650.759,-26036.541,-0.65936,3.69357,0.32708,5.70976,0.59613,2.38106,0.26183,2.53498,0.00327,100.0,0.99679,1.6864,0.0,-525.7665,223.0114,0.0,1869.7603,-2079.7787,-499.791,4097,148,3141,8547,627,1190,1798,12110,3672,402,138.016,54068.914,0.0,3030.0,0.0,0.0,-10316.738,-17299.252,-51870.0,0.0,-26927.5,54068.914,0.0,3030.0,0.0,0.0,-10316.738,-17299.252,-51870.0,0.0,-26927.5,0,468,48,1,47,0,0,0,6419,98318,65.39494294025509,1.8632242009487519,43.775300555340834,1.9110468704540997,33.970381822250246,6.00602127789418,2.6315458546663075,157,204,144,144,60.0,163.13194444444446,38.09722222222222,0.0,0,120,2,0.9930555555555556,0,20,0,70,35,34,18,0.0024714930788650234,0.002468251022946788,0.007488859833101742,-0.08653067641891539,0.11440665485337377,0.20020926703436998,0.0006344061385516398,-0.14104472916806116,,,,,
24,50_5_5_10_5_2,50_5_5_10_5_2_StartGoalLocations_Seed14.csv,60,-75666.87457883358,107,0.6903225806451613,83,66,79,83,0,62,1,66,66,62,1.0,0.5020438808709435,4.068558118227085,0,0,0,0.37964583333333335,0.5386657191823768,18.814615845680237,47,7.0,6.0,60,17.69,24.46,21.04,40.3,36.86,35.0,300.1,397.1,317.2,299.1,424.0,340.2,1770,0.72,4.18,0,11,0.62,1461,0,1064,0,0,80,108,925,0,476,273,176,0,31,0.5146,0.2951,39,0,0,4799.997,0.0,10700.0,0.0,22538.526,-7593.359,196.0,0.0,0.0,-9850.0,13.21,-16488.085,0.0,-19650.0,1500.0,-29760.0,0.0,0.0,0.0,0.0,0.0,-11390.5,0.0,-20682.667,0.63836,4.79929,-0.54843,3.19942,-0.99813,2.08289,0.0,0.0,-0.66819,1.87797,90.679,-53561.137,10700.0,0.0,38303.132,-26649.471,-1.11397,3.66809,0.22292,4.71614,0.24278,2.26177,0.50575,2.21008,0.00223,100.0,0.99765,1.35637,0.0,-654.8846,151.9886,0.0,1237.1703,-2204.7131,-415.041,15937,393,14969,21076,485,1016,1480,23980,3365,236,118.082,37690.168,0.0,1470.0,0.0,0.0,-7049.002,-26324.876,-49380.0,0.0,-32073.167,37690.168,0.0,1470.0,0.0,0.0,-7049.002,-26324.876,-49380.0,0.0,-32073.167,0,380,48,0,48,0,0,0,18293,100962,75.7433489827856,2.8945234857202635,48.52419722271746,2.381335627059914,36.774231889225646,16.100116875656187,1.9715847877612585,107,155,95,95,60.0,148.37894736842105,45.02105263157895,0.0,0,120,3,1.2736842105263158,0,16,0,65,20,8,14,0.0026283796415555115,0.002711026920733275,0.007318496000953019,-0.08934050768613816,0.12081693229265511,0.20245756855612854,0.0006623328782711723,-0.14905058342963456,,,,,
25,50_5_5_10_5_2,50_5_5_10_5_2_StartGoalLocations_Seed11.csv,60,-42410.3465205431,146,0.73,67,60,63,67,1,56,1,60,60,56,1.0,0.24394770315073921,5.5783040956534915,0,0,0,0.2649375,0.6345644512106108,26.058767687777678,49,4.0,7.0,60,26.06,26.0,26.05,47.98,42.5,53.29,87.2,107.0,148.6,74.7,117.8,171.7,1770,0.63,5.66,0,11,0.62,872,0,394,0,0,76,121,1206,0,921,134,151,0,110,0.7637,0.1111,76,0,0,4799.997,0.0,14600.0,0.0,34253.5,-11520.341,612.5,0.0,0.0,-7300.0,8.835,-5824.009,0.0,-19560.0,1500.0,-27120.0,0.0,0.0,0.0,0.0,0.0,-6205.5,0.0,-20655.333,0.89053,5.61201,-0.27323,2.7583,-0.94125,1.99976,0.0,0.0,-0.5596,1.87968,43.304,-26629.02,14600.0,0.0,58433.079,-25153.844,-0.55387,3.05835,0.30417,5.50674,0.69332,2.37593,0.25281,2.19797,0.00304,100.0,0.99696,1.74671,0.0,-402.0849,207.3864,0.0,1890.3837,-2091.2507,-466.011,4151,201,3335,8345,723,1107,1589,11737,3043,398,99.042,53466.96,0.0,1500.0,0.0,0.0,-10721.301,-13115.174,-46680.0,0.0,-26860.833,53466.96,0.0,1500.0,0.0,0.0,-10721.301,-13115.174,-46680.0,0.0,-26860.833,0,548,54,0,54,0,0,0,6126,98072,64.9767517742067,1.9727732094658215,39.447548739701446,1.890145703114291,31.796027408434618,5.942572803654458,2.76926530481352,146,200,140,140,60.0,190.37142857142857,44.47142857142857,0.0,0,120,3,1.4857142857142858,0,20,0,69,31,20,26,0.002529832887739758,0.0027499433535558638,0.008005426893359981,-0.0951857579126954,0.12657680806703867,0.19065469757704703,0.0006576985071956187,-0.15683564872248099,,,,,
26,50_5_5_10_5_2,50_5_5_10_5_2_StartGoalLocations_Seed18.csv,60,-48592.28712630272,131,0.7197802197802198,94,71,83,94,0,60,3,71,71,60,1.0,0.27672706799841523,5.280655077505973,0,0,0,0.28908333333333336,0.6181886903387019,22.403925037384035,49,5.0,4.0,60,21.53,30.38,28.7,47.54,40.02,50.5,113.7,130.4,287.5,95.5,104.0,268.0,1770,0.62,5.21,0,8,0.45,1018,0,482,0,0,69,148,1036,0,570,325,141,0,60,0.5502,0.3137,62,0,0,4799.997,0.0,13100.0,0.0,31430.411,-10674.202,577.5,0.0,0.0,-10400.0,14.672,-6399.17,0.0,-19110.0,4260.0,-28800.0,0.0,0.0,0.0,0.0,0.0,-6702.5,0.0,-20689.0,0.81737,5.32103,-0.34968,3.28456,-0.90938,2.16179,0.0,0.0,-0.57066,1.8818,162.692,-31735.244,13100.0,0.0,53069.778,-25845.412,-0.65776,3.57714,0.27292,5.21701,0.56717,2.3776,0.28656,2.31901,0.00273,100.0,0.99735,1.64843,0.0,-519.2932,186.0795,0.0,1748.3326,-2094.492,-544.256,4852,106,3782,9481,594,1244,2068,13310,4086,390,170.555,49168.256,0.0,4200.0,0.0,0.0,-9934.548,-16784.498,-47850.0,0.0,-27391.5,49168.256,0.0,4200.0,0.0,0.0,-9934.548,-16784.498,-47850.0,0.0,-27391.5,0,455,51,0,51,0,0,0,7783,98290,66.7463628039475,2.9930035820440515,46.00671482348154,2.462302839642511,38.17173669752773,6.5510224844846885,2.670700178576188,131,182,122,122,60.0,173.62295081967213,43.01639344262295,0.0,0,120,3,1.4918032786885247,0,22,0,72,23,18,18,0.0030508534986074666,0.0028397721952933353,0.007835419709444978,-0.09943044234998524,0.13116861302405597,0.22675333268539816,0.0006709314912950504,-0.16238636418944224,2.0,11.16,74.0,30.5,20.5
27,50_5_5_10_5_2,50_5_5_10_5_2_StartGoalLocations_Seed12.csv,60,-48245.724910497665,146,0.7487179487179487,67,61,61,67,0,55,0,63,63,57,1.0,0.3203118485783374,5.111656164573247,0,0,0,0.3077083333333333,0.6359884096641721,24.200960679352285,31,27.0,1.0,60,23.43,26.28,1.26,42.65,45.01,5.0,89.8,216.2,0.0,75.8,197.4,42.0,1770,0.51,4.29,0,20,1.13,837,0,457,0,0,68,127,985,0,678,175,132,0,94,0.6883,0.1777,73,2,0,4799.997,0.0,14600.0,0.0,34415.417,-13053.557,553.0,0.0,0.0,-7400.0,9.095,-7991.181,0.0,-20340.0,1440.0,-27360.0,0.0,0.0,0.0,0.0,0.0,-7233.5,0.0,-20685.0,0.86073,5.70441,-0.32046,2.7787,-0.96375,1.99576,0.0,0.0,-0.58164,1.90753,32.06,-32145.477,14600.0,0.0,55237.69,-29411.641,-0.66903,3.12351,0.30417,5.50674,0.53804,2.62356,0.32723,2.04861,0.00304,100.0,0.99294,1.77607,0.0,-456.382,207.3864,0.0,1929.9991,-2273.0642,-405.403,6903,206,5908,11943,683,1109,1685,15366,3392,324,106.832,53649.779,0.0,1440.0,0.0,0.0,-12334.921,-15382.085,-47700.0,0.0,-27918.5,53649.779,0.0,1440.0,0.0,0.0,-12334.921,-15382.085,-47700.0,0.0,-27918.5,0,531,49,0,49,0,0,0,9263,98024,67.71096874234881,2.4774531812634657,45.98669713539541,2.315756156587124,35.37705051824043,8.393862727495307,2.4410865678528175,146,195,135,135,60.0,179.74074074074073,55.8962962962963,0.0,0,120,3,1.4814814814814814,0,29,0,73,32,17,24,0.003227306125118048,0.0029395124278380536,0.008344990979821887,-0.10309464022517205,0.1349580854177475,0.23457816457921582,0.0006973402484049985,-0.1671196650667116,1.0,15.0,40.0,0.0,0.0
28,50_5_5_10_5_2,50_5_5_10_5_2_StartGoalLocations_Seed0.csv,60,-55489.686051130295,118,0.7195121951219512,82,65,74,82,0,57,2,66,66,58,1.0,0.3027586063095561,4.911771997007011,0,0,0,0.34272916666666664,0.6253146501090787,23.348970963557562,32,26.0,,60,26.47,19.78,,44.98,34.95,,96.1,210.6,,89.8,188.8,,1770,0.72,4.97,0,15,0.85,823,0,421,0,0,70,116,834,0,395,230,209,0,89,0.4736,0.2758,56,1,0,4799.997,0.0,11800.0,0.0,28860.481,-11890.438,672.0,0.0,0.0,-9500.0,15.261,-7751.491,0.0,-19560.0,3000.0,-27840.0,0.0,0.0,0.0,0.0,0.0,-7411.5,0.0,-20684.0,0.71338,5.07182,-0.35909,3.141,-0.925,2.08821,0.0,0.0,-0.58532,1.88811,92.27,-33134.845,11800.0,0.0,50941.597,-26626.48,-0.68839,3.44689,0.24583,4.95206,0.50656,2.3615,0.31027,2.23106,0.00246,100.0,0.9975,1.62005,0.0,-509.0542,167.6136,0.0,1621.7715,-2219.1119,-500.561,5719,164,4820,10844,656,1336,1710,14504,3763,398,142.345,45305.752,0.0,3000.0,0.0,0.0,-11063.71,-17236.23,-47400.0,0.0,-28095.5,45305.752,0.0,3000.0,0.0,0.0,-11063.71,-17236.23,-47400.0,0.0,-28095.5,0,533,46,0,46,0,0,0,8112,98215,71.75278725245634,2.1831081848109886,48.543501501807256,2.296660860220924,38.50430178689609,6.835004836328463,2.6821535288362375,118,164,104,104,60.0,180.79807692307693,52.07692307692308,0.0,0,120,3,1.6153846153846154,0,26,0,66,16,14,22,0.0032232403757734575,0.0029927347868215293,0.007942112468590494,-0.10493737754411996,0.13919287241995335,0.2537156548449639,0.0006025628286920437,-0.16962503185262903,2.0,19.73,35.0,72.5,57.5
29,50_5_5_10_5_2,50_5_5_10_5_2_StartGoalLocations_Seed2.csv,60,-42695.242785692215,154,0.7623762376237624,49,64,42,49,0,57,1,64,64,57,1.0,0.27668577384054194,5.151504644655883,0,0,0,0.260625,0.652222082862996,23.75005608399709,53,2.0,4.0,60,23.03,55.0,22.01,41.8,62.0,35.75,85.0,319.0,226.8,68.3,357.5,209.0,1770,0.76,6.53,0,9,0.51,913,0,406,0,0,67,112,1559,0,766,441,352,0,133,0.4913,0.2829,86,0,0,4799.997,0.0,15400.0,0.0,34210.555,-11892.686,535.5,0.0,0.0,-5700.0,6.855,-6976.136,0.0,-20820.0,2220.0,-27360.0,0.0,0.0,0.0,0.0,0.0,-6457.0,0.0,-20662.333,0.89695,5.79445,-0.26394,2.44362,-0.9575,2.02239,0.0,0.0,-0.56499,1.88476,79.132,-27695.921,15400.0,0.0,55578.776,-27466.599,-0.57535,2.79518,0.32083,5.65512,0.58567,2.46497,0.28435,2.03495,0.00321,100.0,0.99687,1.73554,0.0,-376.8323,218.75,0.0,1884.1353,-2127.9046,-436.346,4786,125,3795,9453,1217,997,1683,13333,3167,291,146.508,54239.81,0.0,2190.0,0.0,0.0,-11186.441,-12669.281,-48150.0,0.0,-27119.333,54239.81,0.0,2190.0,0.0,0.0,-11186.441,-12669.281,-48150.0,0.0,-27119.333,0,823,48,0,48,0,0,0,6836,98271,67.18156933378107,1.8610421084519841,42.022570239439915,1.965661502959737,31.62784544779233,5.216187888593787,2.660725201891831,154,202,142,142,60.0,180.14084507042253,56.17605633802817,0.0,0,120,3,1.3943661971830985,0,33,0,78,35,24,17,0.0033789439606334783,0.0030441659849020654,0.008079957685840782,-0.10650354270823299,0.14468331274576485,0.28084725550077566,0.0006655644618513179,-0.17029255842557178,1.0,6.55,8.85,61.0,55.0
30,50_5_5_10_5_2,50_5_5_10_5_2_StartGoalLocations_Seed1.csv,60,-41130.08155286312,152,0.7487684729064039,54,71,48,54,1,65,1,71,71,65,1.0,0.2539755319814093,5.59203740645326,0,0,0,0.28091666666666665,0.6846780936454849,20.079362241427102,30,28.0,2.0,60,19.64,20.59,19.5,49.16,51.96,39.5,65.7,171.5,427.5,57.6,145.5,161.0,1770,0.63,4.57,0,17,0.96,853,0,332,0,0,70,99,770,0,525,179,66,0,13,0.6818,0.2325,44,0,0,4799.997,0.0,15200.0,0.0,35490.821,-10073.098,686.0,0.0,0.0,-5700.0,9.521,-5352.994,0.0,-19500.0,1980.0,-31440.0,0.0,0.0,0.0,0.0,0.0,-6554.0,0.0,-20676.333,0.96049,5.71118,-0.23007,2.44043,-1.02,2.14306,0.0,0.0,-0.5673,1.91237,67.249,-26138.836,15200.0,0.0,59368.623,-26159.189,-0.54316,2.80684,0.31667,5.6184,0.69186,2.4425,0.26319,2.07441,0.00317,100.0,0.99679,1.78756,0.0,-359.6083,215.9091,0.0,1994.3319,-2058.7096,-381.066,4379,178,3791,9176,681,960,1442,12248,2744,255,148.614,55520.684,0.0,1950.0,0.0,0.0,-9416.963,-11043.473,-50910.0,0.0,-27230.333,55520.684,0.0,1950.0,0.0,0.0,-9416.963,-11043.473,-50910.0,0.0,-27230.333,0,503,51,0,51,0,0,0,6157,98264,63.22152568590735,1.920562101603245,40.1571277375234,1.806599523622797,31.924204184645443,6.7155825124155335,2.5921262352566146,152,203,143,143,60.0,164.7902097902098,36.9020979020979,0.0,0,120,3,1.4405594405594406,0,18,0,73,30,23,26,0.003691637784650084,0.0029948800022248177,0.008103340446250513,-0.11729313001967967,0.14748254362493754,0.28439993104417227,0.0005839568459578004,-0.1934510191483423,,,,,
31,50_5_5_10_5_2,50_5_5_10_5_2_StartGoalLocations_Seed7.csv,60,-51336.352779865265,151,0.766497461928934,58,66,56,58,0,64,1,68,68,66,1.0,0.2874087971648947,5.2872865423268145,0,0,0,0.304875,0.6339877506502223,25.113580671946206,44,16.0,,60,21.5,35.06,,39.43,49.56,,99.9,263.8,,90.1,215.6,,1770,0.89,6.48,0,12,0.68,840,0,404,0,0,75,120,1060,0,769,134,157,0,153,0.7255,0.1264,101,2,0,4799.997,0.0,15100.0,0.0,31706.655,-9857.594,374.5,0.0,0.0,-6800.0,8.146,-7734.895,0.0,-20220.0,1020.0,-31680.0,0.0,0.0,0.0,0.0,0.0,-7390.5,0.0,-20662.667,0.87757,5.68567,-0.30264,2.6659,-1.06,2.12533,0.0,0.0,-0.58444,1.87862,54.083,-30529.987,15100.0,0.0,51589.343,-24711.54,-0.63491,3.02173,0.31458,5.59994,0.55995,2.28842,0.29587,2.1535,0.00315,100.0,0.99673,1.59482,0.0,-417.2481,214.4886,0.0,1730.5345,-2063.6548,-439.611,5456,165,4564,10422,856,1121,1480,13844,3005,317,129.155,51290.77,0.0,990.0,0.0,0.0,-9167.21,-14526.748,-51870.0,0.0,-28053.167,51290.77,0.0,990.0,0.0,0.0,-9167.21,-14526.748,-51870.0,0.0,-28053.167,0,668,46,0,46,0,0,0,7474,98004,66.66666666666667,2.166171788906575,46.2726011183217,2.1453356779739456,36.725031631361986,6.369127790702421,2.6039953322960656,151,197,137,137,60.0,159.1021897810219,42.02919708029197,0.0,0,120,3,1.3941605839416058,0,18,0,77,28,18,28,0.0032566444276017135,0.0034721279416407924,0.008866834918735548,-0.12297867140732706,0.15141163866966964,0.29798619131172016,0.0004278480599850809,-0.20378501483937725,,,,,
32,50_5_5_10_5_2,50_5_5_10_5_2_StartGoalLocations_Seed8.csv,60,-39556.63658118248,135,0.7180851063829787,71,50,65,71,0,44,0,50,50,44,1.0,0.2460540856112258,5.2760338653235905,0,0,0,0.2725416666666667,0.6718681547929488,19.669530896345773,51,8.0,1.0,60,19.38,21.57,19.26,45.75,41.75,57.0,71.8,171.4,0.0,68.5,136.5,4.0,1770,0.86,6.01,0,4,0.23,522,0,280,0,0,63,107,672,0,457,75,140,0,39,0.6801,0.1116,54,0,0,4799.997,0.0,13500.0,0.0,34987.516,-11913.076,686.0,0.0,0.0,-8100.0,14.463,-7097.874,0.0,-20550.0,1440.0,-21120.0,0.0,0.0,0.0,0.0,0.0,-5520.0,0.0,-20683.667,0.87626,5.41005,-0.31632,2.90307,-0.83813,1.77528,0.0,0.0,-0.54591,1.87997,49.345,-26113.72,13500.0,0.0,55896.592,-26553.176,-0.54301,3.12551,0.28125,5.29584,0.61132,2.38422,0.25288,2.15547,0.00281,100.0,0.9971,1.72269,0.0,-427.2963,191.7614,0.0,1927.0567,-2066.6695,-482.765,3729,99,2848,7759,870,1358,1859,11810,3742,337,119.464,53160.495,0.0,1440.0,0.0,0.0,-11100.056,-15183.411,-41670.0,0.0,-26203.667,53160.495,0.0,1440.0,0.0,0.0,-11100.056,-15183.411,-41670.0,0.0,-26203.667,0,667,53,0,53,0,0,0,6076,97385,69.5641012476254,2.208428666322238,47.964265543974946,2.070438760172558,38.98444318940289,6.264825178415567,2.733544053733702,135,188,128,128,60.0,191.078125,58.2421875,0.0,0,120,3,1.625,0,25,0,65,29,18,23,0.0031722722457561757,0.003390454093751032,0.008592142168199644,-0.12422926031984388,0.15680546475574375,0.3189614763559075,0.00037981515999035764,-0.2053751663537696,,,,,
33,50_5_5_10_5_2,50_5_5_10_5_2_StartGoalLocations_Seed4.csv,60,-48243.61540925503,140,0.7329842931937173,65,67,61,65,0,63,0,67,67,63,1.0,0.24823848238482385,5.358286377126248,0,0,0,0.276625,0.6841576069879972,22.436402114232383,60,,,60,22.44,,,46.17,,,105.2,,,78.6,,,1770,0.72,6.01,0,9,0.51,913,0,432,0,0,66,153,970,0,515,250,205,0,76,0.5309,0.2577,74,0,0,4799.997,0.0,14000.0,0.0,33950.44,-11711.402,532.0,0.0,0.0,-7500.0,12.723,-6246.377,0.0,-20160.0,960.0,-30240.0,0.0,0.0,0.0,0.0,0.0,-5985.0,0.0,-20656.0,0.86606,5.50402,-0.28612,2.79465,-1.03,2.06618,0.0,0.0,-0.55502,1.87348,15.171,-27512.461,14000.0,0.0,56369.54,-26101.864,-0.57286,3.09208,0.29167,5.39274,0.63058,2.40986,0.2594,2.21088,0.00292,100.0,0.99721,1.72296,0.0,-413.3024,198.8636,0.0,1869.8273,-2090.9679,-501.274,4018,95,3140,8096,825,1274,1868,12022,3373,298,188.636,52473.317,0.0,960.0,0.0,0.0,-10902.28,-13733.655,-50400.0,0.0,-26641.0,52473.317,0.0,960.0,0.0,0.0,-10902.28,-13733.655,-50400.0,0.0,-26641.0,0,634,51,0,51,0,0,0,6411,98457,67.01402642778065,2.252076386783874,42.24280650436231,2.0032677426533643,32.582751861218604,5.694871873000396,2.7051122194513715,140,191,131,131,60.0,181.74809160305344,52.3206106870229,0.0,0,120,3,1.6946564885496183,0,23,0,66,28,27,19,0.003429191340364923,0.0031913015157624615,0.00889364915434271,-0.12641268534585834,0.15902158230543137,0.3336517571983859,0.0003757367545722445,-0.21135582300368697,,,,,
34,50_5_5_10_5_2,50_5_5_10_5_2_StartGoalLocations_Seed15.csv,60,-53672.86325645447,147,0.7538461538461538,54,72,52,54,2,70,3,73,73,71,1.0,0.33401430030643514,5.362838847486217,0,0,0,0.312625,0.6468882956536247,25.71636490225792,48,,11.0,60,25.07,,29.33,41.93,,42.35,180.9,,213.9,170.4,,199.5,1770,0.59,5.03,0,16,0.9,1209,0,574,0,0,80,104,897,0,501,281,115,0,62,0.5585,0.3133,69,1,0,4799.997,0.0,14700.0,0.0,31766.993,-9778.422,322.0,0.0,0.0,-5900.0,7.163,-8191.598,0.0,-19920.0,2100.0,-34560.0,0.0,0.0,0.0,0.0,0.0,-8331.0,0.0,-20688.0,0.87105,5.62481,-0.29343,2.48675,-1.09125,2.2512,0.0,0.0,-0.60456,1.91137,57.32,-33377.752,14700.0,0.0,52998.117,-26567.407,-0.69418,2.92464,0.30625,5.52551,0.55064,2.3879,0.34242,2.03426,0.00306,100.0,0.99721,1.66226,0.0,-418.4157,208.8068,0.0,1776.6576,-2159.9963,-300.157,7617,252,6927,13408,704,703,1258,16033,2372,162,121.497,50962.326,0.0,2040.0,0.0,0.0,-9151.756,-14084.435,-54420.0,0.0,-29019.0,50962.326,0.0,2040.0,0.0,0.0,-9151.756,-14084.435,-54420.0,0.0,-29019.0,0,516,48,0,48,0,0,0,9243,98843,64.31512600791153,1.9870695757499488,43.469947290147,2.201648980666638,32.346246066995135,6.45670406604413,2.51388715125735,147,195,135,135,60.0,154.48888888888888,40.48148148148148,0.0,0,120,3,1.6222222222222222,0,19,0,70,32,23,22,0.004164279868382437,0.0030844261241145432,0.009886774010374211,-0.13034452190622686,0.1605278057232499,0.33933525389104036,0.0004302864909300297,-0.21287608323036694,1.0,17.0,36.0,0.0,0.0
35,50_5_5_10_5_2,50_5_5_10_5_2_StartGoalLocations_Seed20.csv,60,-51179.11071681976,143,0.7409326424870466,64,69,60,64,0,65,1,73,73,69,1.0,0.2882430206617601,5.272523107979459,0,0,0,0.29825,0.6457313357567608,24.3319133857886,40,18.0,1.0,60,24.1,24.33,2.0,55.45,39.88,3.0,121.1,209.8,256.0,93.4,176.8,224.0,1770,1.0,4.96,0,12,0.68,846,0,444,0,0,78,131,939,0,479,274,186,0,80,0.5101,0.2918,92,4,0,4799.997,0.0,14300.0,0.0,32921.306,-10940.777,437.5,0.0,0.0,-7100.0,10.263,-7065.57,0.0,-19830.0,1500.0,-33120.0,0.0,0.0,0.0,0.0,0.0,-6434.5,0.0,-20657.333,0.86496,5.54797,-0.2949,2.72127,-1.07187,2.19064,0.0,0.0,-0.56441,1.88166,43.816,-30542.847,14300.0,0.0,54678.004,-26064.513,-0.6354,3.08439,0.29792,5.45004,0.59611,2.3584,0.29648,2.1493,0.00298,100.0,0.99631,1.68836,0.0,-426.5383,203.125,0.0,1812.4615,-2079.5359,-438.262,5596,170,4752,10292,879,1206,1540,13872,3136,294,149.724,51684.371,0.0,1500.0,0.0,0.0,-10166.344,-14155.307,-52950.0,0.0,-27091.833,51684.371,0.0,1500.0,0.0,0.0,-10166.344,-14155.307,-52950.0,0.0,-27091.833,0,740,50,0,50,0,0,0,7792,98214,67.980125033091,2.155932660336099,44.178019426965605,2.0804148721221916,35.93174089233714,9.02722626102185,2.478237461037121,143,193,133,133,60.0,162.09022556390977,45.31578947368421,0.0,0,120,3,1.3834586466165413,0,27,0,74,30,16,23,0.005615079218550818,0.0031981961471319663,0.01050094504840672,-0.13751727983355522,0.16681359957903624,0.3381015419289906,0.0004767049224847142,-0.21546854134881868,1.0,56.0,81.0,298.0,286.0
36,50_5_5_10_5_2,50_5_5_10_5_2_StartGoalLocations_Seed1.csv,60,-43548.72650372982,150,0.75,55,63,53,55,4,61,4,64,64,62,1.0,0.2609910154051406,5.281787222294745,0,0,0,0.2582291666666667,0.6448594226511258,22.706211122870446,22,36.0,2.0,60,22.0,24.32,1.36,46.82,46.19,9.5,66.3,212.1,90.5,44.1,172.3,21.0,1770,0.52,3.25,0,30,1.69,655,0,387,0,0,66,124,1071,0,542,266,263,0,65,0.5061,0.2484,80,1,0,4799.997,0.0,15000.0,0.0,35001.717,-11724.699,847.0,0.0,0.0,-5900.0,12.1,-7325.846,0.0,-19500.0,2640.0,-30720.0,0.0,0.0,0.0,0.0,0.0,-6009.0,0.0,-20670.0,0.91508,5.68726,-0.27529,2.48386,-0.99125,2.16894,0.0,0.0,-0.55581,1.92633,135.658,-28236.11,15000.0,0.0,58016.509,-28099.542,-0.58543,2.85341,0.3125,5.58143,0.62327,2.46547,0.27533,2.14677,0.00313,100.0,0.99698,1.79952,0.0,-372.1886,213.0682,0.0,1996.3755,-2142.3744,-421.071,4965,112,4341,8949,788,1178,1722,12603,3400,310,119.706,54840.987,0.0,2610.0,0.0,0.0,-10916.97,-13213.745,-50190.0,0.0,-26679.0,54840.987,0.0,2610.0,0.0,0.0,-10916.97,-13213.745,-50190.0,0.0,-26679.0,0,576,50,0,50,0,0,0,7224,97902,66.36840922555209,2.251831445456784,43.17072174215031,2.0455735299574633,33.445690588547734,7.136728565299994,2.5671878817493283,150,200,140,140,60.0,166.4,50.75714285714286,0.0,0,120,3,1.4428571428571428,0,25,0,75,37,21,17,0.0054282255437283315,0.0031598430273879785,0.011037052242900245,-0.14098313585855066,0.17471006439998746,0.3458931143026348,0.0005158410401054425,-0.2125237823300995,,,,,
37,50_5_5_10_5_2,50_5_5_10_5_2_StartGoalLocations_Seed16.csv,60,-51333.28720450401,132,0.7374301675977654,77,55,76,77,0,54,1,58,58,57,1.0,0.3031212860449115,5.046146591306504,0,0,0,0.32475,0.6547359597652975,20.66785630683104,29,31.0,,60,18.38,22.81,,40.51,42.35,,69.4,241.7,,46.3,210.9,,1770,1.0,4.19,0,23,1.3,871,0,451,0,0,68,130,1344,0,647,299,398,0,33,0.4814,0.2225,100,3,0,4799.997,0.0,13200.0,0.0,31866.278,-10947.311,455.0,0.0,0.0,-8500.0,8.855,-8158.11,0.0,-20070.0,300.0,-26880.0,0.0,0.0,0.0,0.0,0.0,-6746.0,0.0,-20662.0,0.82029,5.33963,-0.34686,2.9753,-0.97188,1.94538,0.0,0.0,-0.571,1.90966,29.152,-32188.248,13200.0,0.0,51540.851,-27209.888,-0.66998,3.28188,0.275,5.23683,0.5069,2.38219,0.30983,2.16631,0.00275,100.0,0.99719,1.64527,0.0,-478.7198,187.5,0.0,1783.8011,-2128.6029,-484.09,5607,200,4731,9969,935,1763,1891,14504,3844,295,107.841,49558.591,0.0,270.0,0.0,0.0,-10184.625,-16649.255,-46920.0,0.0,-27408.0,49558.591,0.0,270.0,0.0,0.0,-10184.625,-16649.255,-46920.0,0.0,-27408.0,0,908,47,0,47,0,0,0,8228,98369,68.1708668381299,2.6121475118925126,46.02872856286025,2.2782990788980904,35.572182293202125,7.833768768616129,2.4767946959304985,132,179,119,119,60.0,181.15126050420167,56.49579831932773,0.0,0,120,3,1.4873949579831933,0,20,0,60,30,21,21,0.005811331278309808,0.0031874032619816717,0.010785211454494856,-0.1399380097631365,0.1840086195245385,0.3528975244870526,0.0005502923117410318,-0.21230840065749362,,,,,
38,50_5_5_10_5_2,50_5_5_10_5_2_StartGoalLocations_Seed7.csv,60,-49367.97745156288,131,0.7237569060773481,77,66,67,77,0,56,2,66,66,56,1.0,0.3071678759069302,5.033827374847491,0,0,0,0.3196041666666667,0.6228592936453171,23.049867443243663,50,5.0,4.0,60,23.74,16.62,18.88,48.98,43.4,61.0,164.3,310.8,285.8,140.1,245.0,244.8,1770,0.52,5.43,0,12,0.68,852,0,435,0,0,74,127,1035,0,481,333,221,0,97,0.4647,0.3217,55,0,0,4799.997,0.0,13100.0,0.0,32183.02,-12082.864,493.5,0.0,0.0,-9100.0,17.701,-7535.835,0.0,-19860.0,3480.0,-26880.0,0.0,0.0,0.0,0.0,0.0,-7283.5,0.0,-20700.0,0.80195,5.35482,-0.34621,3.07402,-0.90125,2.0654,0.0,0.0,-0.58299,1.90014,106.983,-32837.983,13100.0,0.0,53616.579,-28111.304,-0.6819,3.3979,0.27292,5.21701,0.53136,2.43874,0.31521,2.17746,0.00273,100.0,0.99735,1.70718,0.0,-498.7918,186.0795,0.0,1793.8468,-2216.1236,-452.061,6194,98,5346,11248,667,1057,1807,14726,3635,310,172.366,49847.462,0.0,3450.0,0.0,0.0,-11353.808,-16618.134,-46710.0,0.0,-27983.5,49847.462,0.0,3450.0,0.0,0.0,-11353.808,-16618.134,-46710.0,0.0,-27983.5,0,532,50,0,50,0,0,0,8694,98162,68.05892300482876,2.671865644832954,49.08111081681302,2.2556919257726546,39.941117744137244,12.408060145473808,2.305481164077843,131,181,121,121,60.0,144.6694214876033,52.107438016528924,0.0,0,120,3,1.6611570247933884,0,30,0,70,30,19,12,0.005741022841539234,0.0030730781434976963,0.011062833626638166,-0.14019771710969509,0.1896618681959808,0.37035634346932056,0.000581418205827049,-0.21372795968782157,1.0,37.48,67.0,499.0,442.0
39,50_5_5_10_5_2,50_5_5_10_5_2_StartGoalLocations_Seed13.csv,60,-45538.68404042721,144,0.7619047619047619,51,59,48,51,0,56,1,59,59,56,1.0,0.27257758602722026,5.251744964133568,0,0,0,0.19310416666666666,0.5919288184194991,17.7775241235892,22,36.0,2.0,60,20.94,16.66,3.16,35.82,38.13,21.0,27.0,157.6,51.5,19.7,159.2,99.5,1770,0.51,4.28,0,23,1.3,672,0,363,0,0,61,125,1326,0,463,583,280,0,56,0.3492,0.4397,99,0,0,4799.997,0.0,14400.0,0.0,34672.896,-13388.418,605.5,0.0,0.0,-5500.0,11.249,-8551.412,0.0,-20790.0,1260.0,-26880.0,0.0,0.0,0.0,0.0,0.0,-5486.5,0.0,-20692.0,0.85604,5.69407,-0.2925,2.40313,-0.96688,1.97781,0.0,0.0,-0.54539,1.92896,45.307,-28454.5,14400.0,0.0,51730.237,-30775.255,-0.59186,2.75564,0.3,5.469,0.43656,2.68901,0.28048,2.1169,0.003,100.0,0.99717,1.72375,0.0,-367.8676,204.5454,0.0,1960.7606,-2205.8189,-420.36,4620,160,3938,8688,1340,1312,1820,13130,3315,404,82.53,53655.673,0.0,1230.0,0.0,0.0,-12565.697,-14040.164,-47640.0,0.0,-26178.5,53655.673,0.0,1230.0,0.0,0.0,-12565.697,-14040.164,-47640.0,0.0,-26178.5,0,966,45,0,45,0,0,0,6772,97921,65.44152939614587,2.2029150606263945,38.66892699216716,1.8784767057452358,28.44742190132862,5.743405398229185,2.5434735784032165,144,189,129,129,60.0,175.8217054263566,62.10077519379845,0.0,0,120,3,1.5813953488372092,0,25,0,72,32,24,16,0.005617778379673837,0.0028446387118310668,0.01166751875600312,-0.14309667862020434,0.19181099500507115,0.378969560284022,0.0005359432612522142,-0.21706174303079023,,,,,
40,50_5_5_10_5_2,50_5_5_10_5_2_StartGoalLocations_Seed4.csv,60,-32004.14359807968,176,0.775330396475771,43,76,35,43,0,68,3,77,77,69,1.0,0.1702336049346698,6.137186452099878,0,0,0,0.18347916666666667,0.6668335106050178,23.746943577130637,50,8.0,,60,23.65,25.82,,48.4,51.38,,58.5,129.1,,42.8,94.8,,1770,0.45,7.25,1,10,0.56,590,0,279,0,0,67,114,1228,0,593,401,234,0,69,0.4829,0.3265,99,1,0,4799.997,0.0,17600.0,0.0,42892.096,-13705.578,504.0,0.0,0.0,-4500.0,8.838,-4393.668,0.0,-20610.0,3060.0,-32640.0,0.0,0.0,0.0,0.0,0.0,-4378.5,0.0,-20641.333,1.08522,6.17808,-0.1851,2.17011,-1.04563,2.21644,0.0,0.0,-0.52125,1.88624,144.453,-18941.148,17600.0,0.0,66712.008,-27884.093,-0.3916,2.46617,0.36667,6.04419,0.80891,2.51986,0.17888,2.22287,0.00367,100.0,0.99604,1.97858,0.0,-265.2539,250.0,0.0,2358.8285,-2091.9321,-362.21,2320,132,1745,4969,838,973,1502,8259,2585,305,93.865,65019.823,0.0,3000.0,0.0,0.0,-12929.306,-8884.83,-53190.0,0.0,-25019.833,65019.823,0.0,3000.0,0.0,0.0,-12929.306,-8884.83,-53190.0,0.0,-25019.833,0,606,52,1,51,0,0,0,4129,97389,56.48071137397447,1.8679053194196997,34.312910082247484,1.962152583132611,26.099456817505057,4.61551099200115,2.691281768825242,176,227,167,167,60.0,174.5748502994012,54.98802395209581,0.0,0,120,3,1.532934131736527,0,42,0,70,44,38,24,0.005663715454720659,0.0027108307147864254,0.011547461278969422,-0.1483479942008853,0.19377353422343732,0.40852839026949367,0.0004772957418117585,-0.22249938164371996,2.0,17.82,39.0,34.0,43.0
41,50_5_5_10_5_2,50_5_5_10_5_2_StartGoalLocations_Seed22.csv,60,-38524.39826858044,146,0.7411167512690355,76,60,71,76,0,55,2,61,61,56,1.0,0.19402393761207723,5.695335759391784,0,0,0,0.21320833333333333,0.6597453108336992,23.49079378445943,50,10.0,,60,20.89,36.5,,44.99,66.9,,57.4,111.3,,47.9,96.3,,1770,1.0,5.6,0,5,0.28,601,0,291,0,0,67,114,1130,0,457,334,339,0,52,0.4044,0.2956,82,1,0,4799.997,0.0,14600.0,0.0,37136.386,-13197.618,745.5,0.0,0.0,-8300.0,15.135,-4891.635,0.0,-20040.0,2280.0,-26880.0,0.0,0.0,0.0,0.0,0.0,-4122.5,0.0,-20669.667,0.91842,5.6181,-0.27451,2.93628,-0.93,2.03103,0.0,0.0,-0.5165,1.87391,98.744,-23041.191,14600.0,0.0,60712.532,-26598.161,-0.47797,3.15807,0.30417,5.50674,0.71072,2.389,0.20202,2.3863,0.00304,100.0,0.99694,1.82456,0.0,-396.4944,207.3864,0.0,2047.118,-2053.2836,-466.759,2458,100,1860,5237,1124,1378,1619,9324,3261,364,131.946,56318.983,0.0,2250.0,0.0,0.0,-12234.716,-13176.501,-46890.0,0.0,-24792.167,56318.983,0.0,2250.0,0.0,0.0,-12234.716,-13176.501,-46890.0,0.0,-24792.167,0,817,51,0,51,0,0,0,4628,97560,63.277982779827795,2.2582531506139243,39.132841328413285,1.8649427250750676,29.72529725297253,4.976424764247643,2.7167586206896552,146,197,137,137,60.0,185.08759124087592,57.7007299270073,0.0,0,120,3,1.562043795620438,0,19,0,66,38,21,21,0.005310052099302993,0.0028775690533802845,0.011053106725448743,-0.14764652639627457,0.19989421892911197,0.4203950414684368,0.000506425874937122,-0.22566918548429385,,,,,
42,50_5_5_10_5_2,50_5_5_10_5_2_StartGoalLocations_Seed2.csv,60,-50709.78365170956,134,0.7570621468926554,88,66,79,88,0,57,2,67,67,58,1.0,0.28003837570650925,5.199467797542076,0,0,0,0.25675,0.6084862193180867,22.950462132692337,32,28.0,,60,23.95,21.8,,46.81,38.14,,64.3,184.0,,71.2,169.6,,1770,0.56,4.38,0,16,0.9,566,0,315,0,0,71,117,1565,0,465,657,443,0,124,0.2971,0.4198,149,1,0,4799.997,0.0,13400.0,0.0,32888.912,-14694.589,651.0,0.0,0.0,-9900.0,18.949,-7680.057,0.0,-19650.0,2280.0,-26880.0,0.0,0.0,0.0,0.0,0.0,-5270.0,0.0,-20674.0,0.77178,5.41868,-0.36586,3.20496,-0.92188,2.00402,0.0,0.0,-0.5405,1.90834,142.188,-32649.894,13400.0,0.0,55014.986,-28915.34,-0.67724,3.51776,0.27917,5.27624,0.54374,2.46668,0.28667,2.38315,0.00279,100.0,0.99696,1.75388,0.0,-503.9544,190.3409,0.0,1854.9557,-2260.5943,-477.635,4607,140,3815,8897,1342,1443,1738,13389,3531,332,158.598,50780.082,0.0,2250.0,0.0,0.0,-13734.759,-17561.108,-46500.0,0.0,-25944.0,50780.082,0.0,2250.0,0.0,0.0,-13734.759,-17561.108,-46500.0,0.0,-25944.0,0,999,43,0,43,0,0,0,6729,97427,68.6606382214376,1.8779113223906478,44.75556057355764,1.9515275761470618,35.39573218922886,7.512291253964507,2.5885747426417285,134,177,117,117,60.0,158.9059829059829,41.17094017094017,0.0,0,120,3,1.4444444444444444,0,24,0,66,28,20,20,0.005269897074613255,0.0029226255041430705,0.010949688019463793,-0.15319659104570746,0.1986366467177868,0.42536049229172934,0.0005557229987289247,-0.23152366849128156,,,,,
43,50_5_5_10_5_2,50_5_5_10_5_2_StartGoalLocations_Seed21.csv,60,-50624.68446183205,138,0.7379679144385026,72,56,69,72,0,53,0,56,56,53,1.0,0.352391676049877,4.793679524658482,0,0,0,0.326875,0.6193302955562059,22.4702803393205,31,28.0,,60,18.49,26.96,,41.77,48.29,,121.5,247.9,,93.8,232.1,,1770,1.0,4.95,0,17,0.96,979,0,508,0,0,73,128,1438,0,649,597,192,0,265,0.4513,0.4152,90,0,0,4799.997,0.0,13800.0,0.0,30967.531,-10180.27,605.5,0.0,0.0,-8350.0,15.93,-8862.377,0.0,-20250.0,720.0,-25440.0,0.0,0.0,0.0,0.0,0.0,-7766.0,0.0,-20685.0,0.83318,5.50786,-0.35826,2.94761,-0.93688,1.9061,0.0,0.0,-0.59273,1.89109,18.871,-35247.96,13800.0,0.0,50174.525,-27179.566,-0.73394,3.28901,0.2875,5.35419,0.47906,2.48581,0.35985,2.04173,0.00287,100.0,0.9974,1.61575,0.0,-507.5919,196.0227,0.0,1717.0221,-2120.3499,-424.902,7649,205,6844,13001,1113,1164,1692,16908,3406,357,117.142,49511.748,0.0,720.0,0.0,0.0,-9518.988,-17196.446,-45690.0,0.0,-28451.0,49511.748,0.0,720.0,0.0,0.0,-9518.988,-17196.446,-45690.0,0.0,-28451.0,0,790,49,0,49,0,0,0,9986,98684,70.60617729317822,2.50454238844956,47.098820477483684,2.2987101345637155,35.6602894086174,8.579911637144827,2.405956068312921,138,187,127,127,60.0,178.48031496062993,58.818897637795274,0.0,0,120,3,1.4645669291338583,0,20,0,66,24,25,23,0.005087358156888513,0.0029166820719547103,0.01104918752796948,-0.1556631221435964,0.1999650184251368,0.42531864902499367,0.0005158328191191686,-0.24019893046002835,1.0,20.0,29.0,0.0,0.0
44,50_5_5_10_5_2,50_5_5_10_5_2_StartGoalLocations_Seed24.csv,60,-51294.85031962395,113,0.6932515337423313,51,53,50,51,0,52,2,53,53,52,1.0,0.29111338100102147,5.183264002689764,0,0,0,0.2564166666666667,0.5838446878468659,25.660861500104268,33,24.0,,60,22.62,26.71,,48.68,52.52,,55.0,276.2,,49.3,297.0,,1770,0.52,5.04,0,16,0.9,596,0,380,0,0,60,89,1155,0,358,592,205,0,87,0.31,0.5126,114,0,0,4799.997,0.0,11300.0,0.0,34637.829,-16336.454,682.5,0.0,0.0,-5200.0,9.187,-9617.914,0.0,-20910.0,1320.0,-24960.0,0.0,0.0,0.0,0.0,0.0,-6326.0,0.0,-20694.0,0.73091,5.12317,-0.30852,2.34051,-0.92812,1.9278,0.0,0.0,-0.56292,1.89087,139.632,-29306.603,11300.0,0.0,57050.338,-31889.823,-0.60765,2.70042,0.23542,4.84626,0.52418,2.69584,0.29594,2.07295,0.00235,100.0,0.99771,1.85718,0.0,-370.0947,160.5114,0.0,1939.5376,-2398.7446,-393.249,6350,161,5585,9884,1208,1341,1571,13966,3217,373,40.244,50557.888,0.0,1260.0,0.0,0.0,-15474.013,-14808.727,-45810.0,0.0,-27020.0,50557.888,0.0,1260.0,0.0,0.0,-15474.013,-14808.727,-45810.0,0.0,-27020.0,0,947,50,0,50,0,0,0,8487,97764,66.44674931467615,2.2519511707024216,44.934740804386074,2.475280501204686,35.970295814410214,8.470398101550673,2.5680771199454018,113,163,103,103,60.0,160.4271844660194,52.62135922330097,0.0,0,120,3,1.6407766990291262,0,26,0,62,32,12,7,0.005001880679483293,0.0027916342519165483,0.010994080732925795,-0.15774917287752033,0.20112902199849486,0.43738636368114386,0.0006223043648697058,-0.24321015058550985,3.0,50.71,58.67,85.7,67.3
45,50_5_5_10_5_2,50_5_5_10_5_2_StartGoalLocations_Seed9.csv,60,-47825.70180374384,140,0.7526881720430108,52,65,45,52,0,58,0,67,67,60,1.0,0.28571130797290256,5.25758500346515,0,0,0,0.335,0.6747101222187402,21.202737217148144,40,18.0,2.0,60,22.01,18.67,27.86,46.86,46.56,66.5,86.8,291.5,82.5,67.5,247.4,47.5,1770,0.41,5.47,1,17,0.96,681,0,389,0,0,73,120,1944,0,488,830,626,0,367,0.251,0.427,113,2,0,4799.997,0.0,14000.0,0.0,32628.356,-10605.126,689.5,0.0,0.0,-5750.0,9.608,-7579.875,0.0,-20700.0,1680.0,-28800.0,0.0,0.0,0.0,0.0,0.0,-7527.5,0.0,-20670.667,0.86485,5.49613,-0.27751,2.45329,-0.99625,2.04527,0.0,0.0,-0.58746,1.87786,42.669,-28935.992,14000.0,0.0,51731.016,-27490.462,-0.60194,2.82189,0.29167,5.39274,0.50501,2.3742,0.29342,2.05756,0.00292,100.0,0.99733,1.65486,0.0,-383.1202,198.8636,0.0,1811.5496,-2125.0031,-383.022,5889,268,5154,10217,1019,1032,1527,13762,2626,275,109.056,51418.017,0.0,1680.0,0.0,0.0,-9905.288,-13320.267,-49500.0,0.0,-28198.167,51418.017,0.0,1680.0,0.0,0.0,-9905.288,-13320.267,-49500.0,0.0,-28198.167,0,737,46,0,46,0,0,0,7765,97820,64.63095481496626,2.4813356110214797,43.147618074013494,2.136965179828929,32.26436311592721,6.488448170108362,2.4970057982953646,140,186,126,126,60.0,169.35714285714286,60.23809523809524,0.0,0,120,3,1.6031746031746033,0,21,0,71,23,28,18,0.004809375003605965,0.0026094756090606097,0.010536640269565396,-0.15934780573472382,0.20011046724393963,0.45507823238513084,0.0005230073196662488,-0.24875734782777725,,,,,
46,50_5_5_10_5_2,50_5_5_10_5_2_StartGoalLocations_Seed6.csv,60,-38816.519656300545,146,0.7564766839378239,71,58,64,71,0,51,2,58,58,51,1.0,0.25755269687050436,5.42783067831578,0,0,0,0.24229166666666666,0.622281699565072,20.09876043200493,27,31.0,1.0,60,17.91,22.59,0.69,43.86,51.24,60.0,52.4,147.0,0.0,45.3,136.3,50.0,1770,0.6,4.63,0,21,1.19,654,0,316,0,0,66,148,1450,0,492,702,256,0,127,0.3393,0.4841,69,0,0,4799.997,0.0,14600.0,0.0,35800.346,-12835.917,1221.5,0.0,0.0,-7400.0,17.227,-6955.676,0.0,-20340.0,2760.0,-24480.0,0.0,0.0,0.0,0.0,0.0,-5324.0,0.0,-20680.0,0.90804,5.64772,-0.29872,2.77527,-0.87625,1.96063,0.0,0.0,-0.54175,1.92226,125.415,-27568.471,14600.0,0.0,58688.246,-29125.583,-0.57173,3.06947,0.30417,5.50674,0.61589,2.54016,0.2655,2.17309,0.00304,100.0,0.99717,1.83465,0.0,-415.9264,207.3864,0.0,2052.9895,-2156.8792,-507.276,4027,107,3188,7909,1026,1460,2005,12379,3664,403,138.607,55618.755,0.0,2700.0,0.0,0.0,-12032.827,-14338.45,-44760.0,0.0,-26004.0,55618.755,0.0,2700.0,0.0,0.0,-12032.827,-14338.45,-44760.0,0.0,-26004.0,0,822,47,0,47,0,0,0,6402,97770,65.00153421294875,2.1669498992950653,36.583819167433774,1.8076128722933629,28.282704306024343,5.8709215505778864,2.6167365832489513,146,193,133,133,60.0,175.21804511278197,59.443609022556394,0.0,0,120,3,1.5789473684210527,0,37,0,74,28,31,13,0.004840784511907259,0.0026119493364240042,0.010795638347044587,-0.1590579611994326,0.2038149463199079,0.4616533307294594,0.0005345255044630903,-0.25271061978535725,1.0,21.5,43.0,87.0,88.0
47,50_5_5_10_5_2,50_5_5_10_5_2_StartGoalLocations_Seed2.csv,60,-40633.14775788784,155,0.7635467980295566,74,59,71,74,0,56,3,62,62,59,1.0,0.22926961489543587,5.657470507220293,0,0,0,0.2050625,0.6414292060671447,19.98738809029261,57,,2.0,60,19.25,,19.83,41.95,,40.0,70.4,,86.0,67.1,,64.5,1770,0.66,4.97,0,7,0.4,675,0,335,0,0,64,125,1632,0,669,705,258,0,88,0.4099,0.432,55,3,0,4799.997,0.0,15500.0,0.0,36531.724,-12299.832,945.0,0.0,0.0,-8100.0,15.789,-6527.829,0.0,-20100.0,2340.0,-28320.0,0.0,0.0,0.0,0.0,0.0,-4746.0,0.0,-20672.0,0.94744,5.79379,-0.30442,2.9029,-0.96,2.08992,0.0,0.0,-0.52954,1.88623,72.48,-26207.844,15500.0,0.0,57726.788,-28467.183,-0.54449,3.1639,0.32292,5.67339,0.60958,2.47609,0.23592,2.32076,0.00323,100.0,0.99706,1.801,0.0,-415.7652,220.1704,0.0,2046.0526,-2059.8301,-492.745,3144,81,2359,6610,1001,1385,2048,10989,3819,442,69.325,56984.984,0.0,2250.0,0.0,0.0,-11508.094,-14612.04,-48330.0,0.0,-25418.0,56984.984,0.0,2250.0,0.0,0.0,-11508.094,-14612.04,-48330.0,0.0,-25418.0,0,758,48,0,48,0,0,0,5687,97598,61.524826328408366,2.261711659200293,38.82046763253345,2.0366697315519167,30.16045410766614,7.015512612963381,2.5435860850659058,155,203,143,143,60.0,170.0,52.75524475524475,0.0,0,120,3,1.5524475524475525,0,36,0,75,37,17,26,0.004364714350740542,0.00263663174919202,0.011311890894430689,-0.15770599342882632,0.20644322901964188,0.4662345572587219,0.0005218589452442757,-0.25388169890968126,1.0,62.5,68.0,128.0,111.0
48,50_5_5_10_5_2,50_5_5_10_5_2_StartGoalLocations_Seed4.csv,60,-50474.69060468674,142,0.7473684210526316,64,64,63,64,0,63,2,64,64,63,1.0,0.30762494526803025,5.257034405535121,0,0,0,0.27160416666666665,0.6469297787434971,25.591069112718106,35,22.0,2.0,60,26.64,24.66,6.31,45.77,40.41,15.0,109.6,211.9,12.5,105.6,207.0,92.0,1770,0.62,5.15,0,15,0.85,808,0,379,0,0,75,102,1256,0,446,435,375,0,88,0.3551,0.3463,112,0,0,4799.997,0.0,14200.0,0.0,33805.751,-12223.349,479.5,0.0,0.0,-6900.0,7.313,-8296.073,0.0,-20190.0,840.0,-29760.0,0.0,0.0,0.0,0.0,0.0,-6553.5,0.0,-20684.333,0.85546,5.54482,-0.31643,2.68623,-1.02313,2.05786,0.0,0.0,-0.56745,1.88565,58.244,-32182.027,14200.0,0.0,56862.312,-27667.495,-0.66925,3.06389,0.29583,5.43101,0.60823,2.41662,0.314,2.13908,0.00296,100.0,0.99727,1.76586,0.0,-432.0982,201.7045,0.0,1884.3649,-2180.1323,-380.467,6381,279,5649,11190,1148,1165,1290,14768,2577,258,104.523,52482.503,0.0,810.0,0.0,0.0,-11420.602,-15188.76,-49920.0,0.0,-27237.833,52482.503,0.0,810.0,0.0,0.0,-11420.602,-15188.76,-49920.0,0.0,-27237.833,0,883,48,0,48,0,0,0,8044,97905,66.15903171441704,1.8254674015407655,40.671058679332006,1.9421615175873117,31.540779326898523,7.946478729380522,2.509034974093264,142,190,130,130,60.0,172.66923076923078,56.63076923076923,0.0,0,120,3,1.5923076923076922,0,32,0,68,30,28,16,0.004397428792435676,0.002700945400283672,0.011586806903360412,-0.1615642423555255,0.20909317202866076,0.46682967110245954,0.0005441800837706979,-0.25752949438523504,1.0,48.12,97.0,327.0,327.0
49,50_5_5_10_5_2,50_5_5_10_5_2_StartGoalLocations_Seed15.csv,60,-57162.401141524315,123,0.7321428571428571,77,68,68,77,0,59,0,68,68,59,1.0,0.3436815878906657,4.880727164856629,0,0,0,0.29539583333333336,0.6167322130854487,21.322371570765974,43,2.0,14.0,60,20.81,14.5,21.34,45.55,38.0,32.91,174.8,273.5,280.9,159.6,280.5,295.0,1770,0.39,5.67,2,13,0.73,483,0,314,0,0,70,104,1566,0,900,412,254,0,91,0.5747,0.2631,72,0,0,4799.997,0.0,12300.0,0.0,29046.87,-11155.141,612.5,0.0,0.0,-8400.0,12.733,-10058.697,0.0,-19920.0,2160.0,-28320.0,0.0,0.0,0.0,0.0,0.0,-7582.0,0.0,-20658.667,0.74175,5.17816,-0.38429,2.95888,-0.96,2.04595,0.0,0.0,-0.58835,1.88206,50.726,-36178.287,12300.0,0.0,51008.582,-26740.9,-0.75266,3.30292,0.25625,5.05562,0.50558,2.37279,0.35027,2.15482,0.00256,100.0,0.99744,1.62394,0.0,-503.8021,174.7159,0.0,1615.4655,-2171.8333,-465.914,7267,267,6464,12690,678,1249,1912,16471,3992,408,123.096,45993.781,0.0,2160.0,0.0,0.0,-10389.552,-18445.965,-48240.0,0.0,-28240.667,45993.781,0.0,2160.0,0.0,0.0,-10389.552,-18445.965,-48240.0,0.0,-28240.667,0,546,45,0,45,0,0,0,9969,97262,69.0228455100656,2.3872611085457227,48.292241574304455,2.435333187474007,39.559128950669326,12.17741769653102,2.3434088782617737,123,168,108,108,60.0,146.65740740740742,42.75925925925926,0.0,0,120,3,1.7222222222222223,0,19,0,75,25,13,10,0.004789392334350851,0.002775865239527775,0.011792333095218054,-0.16784424608573317,0.21027831524610519,0.4678457688207709,0.0005868832405803914,-0.26338585258927194,1.0,56.67,66.0,0.0,0.0
50,50_5_5_10_5_2,50_5_5_10_5_2_StartGoalLocations_Seed7.csv,60,-45965.763845443726,144,0.7741935483870968,71,60,68,71,0,57,3,62,62,59,1.0,0.28839216831043185,5.321301591983815,0,0,0,0.287625,0.6540546174692516,24.17975847919782,38,21.0,1.0,60,24.65,22.14,49.0,43.5,49.19,97.0,103.9,209.9,70.0,92.3,196.4,42.0,1770,0.65,5.93,0,8,0.45,839,0,381,0,0,68,103,1159,0,474,320,365,0,70,0.409,0.2761,77,2,0,4799.997,0.0,14400.0,0.0,33014.22,-10943.444,693.0,0.0,0.0,-7900.0,16.602,-7154.81,0.0,-19920.0,2340.0,-28320.0,0.0,0.0,0.0,0.0,0.0,-6319.0,0.0,-20672.333,0.87425,5.56363,-0.3133,2.8666,-0.95625,2.09149,0.0,0.0,-0.56232,1.89018,91.044,-29777.667,14400.0,0.0,54665.694,-26300.162,-0.61847,3.16675,0.3,5.469,0.59095,2.35075,0.2959,2.10299,0.003,100.0,0.99677,1.69225,0.0,-450.111,204.5454,0.0,1834.9708,-2076.5454,-448.806,5216,132,4308,9988,1008,1197,1688,13839,3456,283,134.416,52121.564,0.0,2280.0,0.0,0.0,-10157.789,-15038.208,-48180.0,0.0,-26991.333,52121.564,0.0,2280.0,0.0,0.0,-10157.789,-15038.208,-48180.0,0.0,-26991.333,0,717,42,0,42,0,0,0,7592,98077,66.22143825769548,2.1640697173123113,42.341221693159454,1.9409930035273661,33.62867950691803,8.465797281727623,2.4522769995755263,144,186,126,126,60.0,170.11111111111111,53.65873015873016,0.0,0,120,3,1.3968253968253967,0,27,0,72,29,21,22,0.0058320107593317514,0.002722749682725407,0.012168959865812212,-0.1730743845179677,0.2079163192026317,0.4808212615235243,0.0006816013106299578,-0.2616581934131682,,,,,
51,50_5_5_10_5_2,50_5_5_10_5_2_StartGoalLocations_Seed7.csv,60,-51457.349565029144,140,0.7486631016042781,52,75,45,52,1,68,3,77,77,70,1.0,0.3010026473224522,5.46200139675394,0,0,0,0.22027083333333333,0.6002919099249374,21.601972389221192,42,18.0,,60,17.46,31.28,,47.23,51.06,,115.5,217.1,,112.0,206.6,,1770,0.6,5.15,0,15,0.85,608,0,411,0,0,72,96,2201,0,549,843,809,0,461,0.2494,0.383,117,2,0,4799.997,0.0,14000.0,0.0,33347.307,-11312.531,563.5,0.0,0.0,-6100.0,11.459,-8355.92,0.0,-20040.0,2820.0,-33360.0,0.0,0.0,0.0,0.0,0.0,-7164.5,0.0,-20666.667,0.86246,5.50294,-0.30093,2.52769,-1.05375,2.23402,0.0,0.0,-0.57982,1.87481,116.7,-31713.873,14000.0,0.0,53528.24,-26894.691,-0.65827,2.93934,0.29167,5.39274,0.55487,2.38506,0.30758,2.15596,0.00292,100.0,0.99717,1.68024,0.0,-403.6453,198.8636,0.0,1834.0859,-2133.1081,-388.033,6542,289,5984,11065,926,1123,1366,14449,2738,282,85.711,51992.278,0.0,2790.0,0.0,0.0,-10594.003,-14444.461,-53370.0,0.0,-27831.167,51992.278,0.0,2790.0,0.0,0.0,-10594.003,-14444.461,-53370.0,0.0,-27831.167,0,708,47,0,47,0,0,0,8368,97603,63.63636363636363,2.2765854679525366,39.55206294888477,2.3990881533565274,33.40573547944223,11.199450836552154,2.4042018095384146,140,187,127,127,60.0,155.30708661417322,58.37795275590551,0.0,0,120,3,1.4803149606299213,0,24,0,76,34,12,18,0.0052576529201905945,0.0024509798940562178,0.011952589609427378,-0.18067416053265334,0.20593176010996103,0.47742355231377587,0.0005170033977083222,-0.2708076040796004,,,,,
52,50_5_5_10_5_2,50_5_5_10_5_2_StartGoalLocations_Seed21.csv,60,-43280.16750955582,131,0.7359550561797753,64,60,58,64,0,54,5,60,60,54,1.0,0.23117494996664442,5.491220161785683,0,0,0,0.2486875,0.6542290638333472,24.497256485621133,55,,4.0,60,25.66,,8.63,47.44,,49.0,84.0,,190.0,71.3,,184.0,1770,0.8,5.27,0,7,0.4,528,0,298,0,0,69,107,2010,0,923,686,401,0,271,0.4592,0.3413,104,0,0,4799.997,0.0,13100.0,0.0,35040.54,-15283.371,756.0,0.0,0.0,-7000.0,16.044,-6056.882,0.0,-20430.0,4140.0,-25920.0,0.0,0.0,0.0,0.0,0.0,-5761.5,0.0,-20681.0,0.80027,5.40585,-0.27168,2.69989,-0.87938,2.08075,0.0,0.0,-0.55089,1.87928,250.281,-25017.472,13100.0,0.0,55057.426,-30142.495,-0.51598,2.9886,0.27292,5.21701,0.51906,2.53195,0.23813,2.21065,0.00273,100.0,0.99679,1.78071,0.0,-381.8359,186.0795,0.0,1947.2771,-2286.0959,-394.473,3912,107,3220,7166,1114,1250,1605,11104,2848,339,78.854,52794.736,0.0,3990.0,0.0,0.0,-14381.568,-13040.837,-46200.0,0.0,-26442.5,52794.736,0.0,3990.0,0.0,0.0,-14381.568,-13040.837,-46200.0,0.0,-26442.5,0,817,47,0,47,0,0,0,5863,97497,65.20200621557586,2.1739657070945415,43.030041950008716,1.8679047674004592,33.867708750012824,6.18070299598962,2.761205330102968,131,178,118,118,60.0,168.95762711864407,57.21186440677966,0.0,0,120,3,1.5169491525423728,0,31,0,62,32,24,13,0.0055116779473610225,0.002367506184527883,0.012363155848579482,-0.18768624993041158,0.20626721752807498,0.49060091915831433,0.0005441477274644058,-0.289481027382426,1.0,23.86,82.0,192.0,197.0
53,50_5_5_10_5_2,50_5_5_10_5_2_StartGoalLocations_Seed21.csv,60,-48021.83282184601,147,0.7461928934010152,68,72,65,68,0,69,0,74,74,71,1.0,0.26521847898599066,5.5086399447104535,0,0,0,0.2750625,0.6881942704418275,25.246945166587828,38,21.0,,60,24.97,26.63,,48.39,48.38,,67.2,204.1,,56.4,162.0,,1770,0.71,6.94,0,13,0.73,972,0,435,0,0,75,122,1358,0,446,526,386,0,61,0.3284,0.3873,149,2,0,4799.997,0.0,14700.0,0.0,35115.695,-11121.489,861.0,0.0,0.0,-7300.0,16.045,-5330.919,0.0,-19890.0,720.0,-34080.0,0.0,0.0,0.0,0.0,0.0,-5871.5,0.0,-20640.667,0.92407,5.62502,-0.26281,2.75538,-1.10938,2.17634,0.0,0.0,-0.55234,1.88383,16.509,-28276.488,14700.0,0.0,56876.242,-25784.673,-0.58875,3.10003,0.30625,5.52551,0.64774,2.35139,0.27494,2.1439,0.00306,100.0,0.99698,1.72732,0.0,-416.8909,208.8068,0.0,1948.6859,-2043.3693,-446.858,4539,159,3876,8631,1187,1309,1712,12794,3005,268,188.606,54676.875,0.0,720.0,0.0,0.0,-10321.67,-12614.873,-53970.0,0.0,-26512.167,54676.875,0.0,720.0,0.0,0.0,-10321.67,-12614.873,-53970.0,0.0,-26512.167,0,926,50,0,50,0,0,0,6528,98239,63.84226223801138,1.956487770655952,39.12499109315038,2.0283167928457186,30.14281497165077,6.057675668522685,2.6295758476293396,147,197,137,137,60.0,183.73722627737226,53.802919708029194,0.0,0,120,3,1.4306569343065694,0,20,0,61,34,25,27,0.005740750641853083,0.00222335290061892,0.012580814120010473,-0.19305242951959373,0.20644996965304016,0.49991206398699434,0.0005187995004234836,-0.2965985802584328,1.0,6.68,68.0,118.0,57.0
54,50_5_5_10_5_2,50_5_5_10_5_2_StartGoalLocations_Seed22.csv,60,-50127.12765645981,127,0.7016574585635359,73,57,68,73,0,52,0,57,57,52,1.0,0.3314429873027125,5.070642344350849,0,0,0,0.3321458333333333,0.6512793733681462,25.670547739664713,35,24.0,,60,21.44,30.58,,47.33,56.42,,86.8,261.3,,69.9,221.4,,1770,1.0,6.27,0,14,0.79,711,0,370,0,0,69,111,1174,0,469,303,402,0,142,0.3995,0.2581,86,0,0,4799.997,0.0,12700.0,0.0,31467.659,-10921.285,962.5,0.0,0.0,-7700.0,12.09,-9231.092,0.0,-20250.0,1200.0,-24960.0,0.0,0.0,0.0,0.0,0.0,-7524.0,0.0,-20683.0,0.81268,5.25212,-0.35248,2.83343,-0.91687,1.90533,0.0,0.0,-0.58765,1.89969,34.232,-33742.119,12700.0,0.0,54128.498,-26233.949,-0.70225,3.16499,0.26458,5.13696,0.58114,2.36911,0.33973,2.07128,0.00265,100.0,0.99738,1.67862,0.0,-476.1617,180.3977,0.0,1763.7188,-2146.4688,-492.847,6292,186,5405,11786,1011,1379,1807,15943,3341,252,177.385,49202.484,0.0,1200.0,0.0,0.0,-10193.612,-16919.003,-45210.0,0.0,-28207.0,49202.484,0.0,1200.0,0.0,0.0,-10193.612,-16919.003,-45210.0,0.0,-28207.0,0,823,54,0,54,0,0,0,8591,97882,67.83167487382767,2.255621658257399,47.63899389060297,2.239257695795495,37.23973764328477,7.228090966674158,2.499355298894406,127,181,121,121,60.0,192.30578512396696,61.429752066115704,0.0,0,120,3,1.6363636363636365,0,23,0,65,27,17,18,0.0056429457333797475,0.0021659483345865737,0.012365458612330259,-0.19519412076100706,0.20799121223390102,0.5091319786482927,0.0004737587143927158,-0.29864788266364484,1.0,56.0,72.0,0.0,4.0
55,50_5_5_10_5_2,50_5_5_10_5_2_StartGoalLocations_Seed1.csv,60,-46305.59579670429,125,0.7440476190476191,63,60,58,63,0,55,3,61,61,56,1.0,0.22403118550791104,5.775606429676772,0,0,0,0.21097916666666666,0.6204084199932909,19.579905621210735,52,,7.0,60,19.37,,21.37,40.38,,48.0,89.8,,134.4,83.3,,125.1,1770,0.51,5.96,0,10,0.56,533,0,237,0,0,61,92,1172,0,468,371,333,0,77,0.3993,0.3166,128,1,0,4799.997,0.0,12500.0,0.0,33843.115,-15255.841,605.5,0.0,0.0,-7000.0,13.779,-6216.649,0.0,-20040.0,2820.0,-26880.0,0.0,0.0,0.0,0.0,0.0,-4805.5,0.0,-20690.0,0.76027,5.25023,-0.27506,2.7002,-0.91875,2.05539,0.0,0.0,-0.53116,1.88097,112.377,-24740.984,12500.0,0.0,53405.105,-29871.551,-0.5131,2.97197,0.26042,5.09645,0.49028,2.46973,0.23019,2.24938,0.0026,100.0,0.99713,1.73993,0.0,-377.6124,177.5568,0.0,1875.1344,-2235.2901,-426.107,3153,122,2584,6411,1060,1469,1822,10739,3332,341,60.737,50751.592,0.0,2730.0,0.0,0.0,-14258.82,-13202.87,-46830.0,0.0,-25495.5,50751.592,0.0,2730.0,0.0,0.0,-14258.82,-13202.87,-46830.0,0.0,-25495.5,0,878,43,0,43,0,0,0,5235,97370,59.88908287973709,1.9604726137805673,36.5297319502927,2.0823764200356107,29.187634795111432,4.886515353805073,2.6676988036593947,125,168,108,108,60.0,159.37037037037038,64.51851851851852,0.0,0,120,3,1.5833333333333333,0,28,0,67,30,15,13,0.0050971241387014745,0.002249188004861935,0.011489863537717611,-0.1941588082909584,0.21189124949276447,0.52768781857274,0.00047027381742736907,-0.31755672535393387,1.0,18.23,79.0,211.0,120.0
56,50_5_5_10_5_2,50_5_5_10_5_2_StartGoalLocations_Seed8.csv,60,-61447.403728842735,139,0.7239583333333334,58,82,50,58,0,74,1,83,83,75,1.0,0.41091977985323547,4.961272020298016,0,0,0,0.3313125,0.615492193370627,25.27846308549245,53,,5.0,60,25.14,,33.97,50.35,,55.2,130.7,,270.2,123.7,,283.4,1770,0.67,6.03,0,11,0.62,947,0,608,0,0,85,86,1203,0,465,390,348,0,126,0.3865,0.3242,93,1,0,4799.997,0.0,13900.0,0.0,29712.441,-7908.446,696.5,0.0,0.0,-7200.0,14.6,-11824.0,0.0,-20010.0,2460.0,-36000.0,0.0,0.0,0.0,0.0,0.0,-9428.5,0.0,-20660.0,0.85834,5.45303,-0.39603,2.74282,-1.11563,2.28803,0.0,0.0,-0.62684,1.86657,72.904,-44459.099,13900.0,0.0,51192.527,-24345.249,-0.92471,3.286,0.28958,5.3735,0.55932,2.25746,0.41523,2.23431,0.0029,100.0,0.99733,1.57791,0.0,-510.3398,197.4432,0.0,1622.6158,-2056.216,-311.156,10253,255,9572,16721,863,972,1148,19664,2115,161,121.294,48543.361,0.0,2460.0,0.0,0.0,-7342.867,-19009.4,-56010.0,0.0,-30088.5,48543.361,0.0,2460.0,0.0,0.0,-7342.867,-19009.4,-56010.0,0.0,-30088.5,0,674,53,0,53,0,0,0,11680,98637,67.03873799892536,1.9203478260869564,43.05787888926062,2.043365419328947,31.07860133621258,6.173139896793293,2.562322622736911,139,192,132,132,60.0,210.6590909090909,76.65151515151516,0.0,0,120,3,1.4166666666666667,0,27,0,62,21,29,27,0.004808034664747538,0.0021140382383600807,0.011965068720746786,-0.19942283796146512,0.21105120614171027,0.5226627368901973,0.0005085417589907593,-0.31912092433311046,2.0,7.25,22.0,137.0,120.0
57,50_5_5_10_5_2,50_5_5_10_5_2_StartGoalLocations_Seed6.csv,60,-39564.94723522663,144,0.7461139896373057,55,59,51,55,0,55,4,62,62,58,1.0,0.23331526949852016,5.679125838698217,0,0,0,0.2476875,0.6662008259980811,25.936020839214326,39,19.0,,60,24.63,30.68,,46.5,51.71,,96.7,213.0,,81.6,198.1,,1770,0.6,5.72,0,12,0.68,623,0,287,0,0,59,98,1772,0,674,655,443,0,101,0.3804,0.3696,56,3,0,4799.997,0.0,14400.0,0.0,36108.61,-13115.713,661.5,0.0,0.0,-6100.0,14.627,-4620.473,0.0,-20610.0,3120.0,-27840.0,0.0,0.0,0.0,0.0,0.0,-5703.5,0.0,-20680.0,0.8928,5.58874,-0.22304,2.52018,-0.94437,2.1081,0.0,0.0,-0.54966,1.88099,131.121,-23353.069,14400.0,0.0,57575.172,-27725.117,-0.48379,2.82131,0.3,5.469,0.62188,2.44013,0.2399,2.03944,0.003,100.0,0.99731,1.78188,0.0,-356.1389,204.5454,0.0,2006.7411,-2162.6897,-368.064,3984,270,3418,7966,840,1020,1419,11215,2594,284,123.602,55142.958,0.0,3030.0,0.0,0.0,-12288.562,-10705.846,-48360.0,0.0,-26383.5,55142.958,0.0,3030.0,0.0,0.0,-12288.562,-10705.846,-48360.0,0.0,-26383.5,0,623,49,0,49,0,0,0,5650,97610,63.91250896424547,2.151863428708824,39.47136563876652,1.9701312676779799,30.089130212068437,5.528122118635386,2.686040177051413,144,193,133,133,60.0,172.11278195488723,53.69172932330827,0.0,0,120,3,1.518796992481203,0,27,0,66,39,25,14,0.00500095538853202,0.002188668252492789,0.01197104879305698,-0.20411445166915654,0.21237964402884246,0.5339990777289495,0.0004832684021221212,-0.34612854407168925,2.0,6.25,25.0,0.0,13.0
58,50_5_5_10_5_2,50_5_5_10_5_2_StartGoalLocations_Seed14.csv,60,-43699.25295615196,126,0.72,67,57,61,67,0,51,0,57,57,51,1.0,0.2152877660350614,5.5989832115006415,0,0,0,0.22445833333333334,0.6088890754186427,19.237429734071096,42,15.0,1.0,60,17.44,25.28,29.5,44.65,51.33,33.0,68.2,136.6,0.0,64.7,107.4,1.0,1770,0.58,4.91,0,13,0.73,483,0,268,0,0,54,108,1316,0,401,473,442,0,68,0.3047,0.3594,108,0,0,4799.997,0.0,12600.0,0.0,35119.149,-15374.433,616.0,0.0,0.0,-6900.0,11.011,-5986.314,0.0,-20460.0,1440.0,-24480.0,0.0,0.0,0.0,0.0,0.0,-4405.0,0.0,-20679.667,0.78668,5.25258,-0.26824,2.68234,-0.90625,1.89521,0.0,0.0,-0.5226,1.87945,33.303,-23544.57,12600.0,0.0,54299.92,-28892.46,-0.48982,2.92823,0.2625,5.11675,0.52932,2.41518,0.22129,2.21972,0.00263,100.0,0.99756,1.73741,0.0,-369.2787,178.9773,0.0,1948.4767,-2218.4166,-452.76,3125,107,2458,5984,1039,1502,1844,10332,3253,372,82.464,52080.929,0.0,1440.0,0.0,0.0,-14320.214,-12875.303,-44940.0,0.0,-25084.667,52080.929,0.0,1440.0,0.0,0.0,-14320.214,-12875.303,-44940.0,0.0,-25084.667,0,850,49,0,49,0,0,0,5380,97249,63.71068082962292,2.004971109461248,39.69398142911495,1.9133616324948206,32.515501444744935,5.983609085954611,2.752980614148825,126,175,115,115,60.0,169.01739130434783,67.95652173913044,0.0,0,120,3,1.6,0,30,0,68,26,21,11,0.005178606789413607,0.0022379538641689577,0.012206106488592923,-0.20701353011652826,0.21520799977704883,0.5445334708190057,0.000490443264343412,-0.3614770693704486,2.0,6.5,50.19,117.5,134.5
59,50_5_5_10_5_2,50_5_5_10_5_2_StartGoalLocations_Seed14.csv,60,-44795.543246269226,140,0.7446808510638298,60,58,54,60,0,52,2,60,60,54,1.0,0.2803451941717216,5.191202120808353,0,0,0,0.29222916666666665,0.6556570332374161,21.091262340545654,40,17.0,1.0,60,22.28,19.47,1.0,44.21,44.56,5.0,91.8,221.5,40.0,83.8,227.4,66.0,1770,0.97,6.02,0,11,0.62,669,0,369,0,0,69,114,1494,0,466,430,598,0,79,0.3119,0.2878,87,2,0,4799.997,0.0,14000.0,0.0,32519.315,-10939.84,668.5,0.0,0.0,-6500.0,6.87,-7537.39,0.0,-20640.0,2520.0,-25920.0,0.0,0.0,0.0,0.0,0.0,-7108.0,0.0,-20665.0,0.85517,5.49606,-0.2923,2.60805,-0.9175,2.0033,0.0,0.0,-0.5786,1.87852,99.336,-27719.297,14000.0,0.0,50839.541,-28053.993,-0.57542,2.90283,0.29167,5.39274,0.4747,2.38721,0.28615,2.02538,0.00292,100.0,0.99721,1.64822,0.0,-401.0007,198.8636,0.0,1811.9574,-2127.673,-392.824,5759,206,4864,10069,753,1137,1538,13447,3152,242,119.941,51228.625,0.0,2460.0,0.0,0.0,-10180.649,-14030.52,-46500.0,0.0,-27773.0,51228.625,0.0,2460.0,0.0,0.0,-10180.649,-14030.52,-46500.0,0.0,-27773.0,0,624,48,0,48,0,0,0,7901,97769,67.86200124783929,2.2264273226020377,44.52740643762338,2.406379585472522,35.481594370403705,8.49451257556076,2.3868550014413374,140,188,128,128,60.0,168.34375,56.328125,0.0,0,120,3,1.53125,0,17,0,65,34,24,17,0.005080899836902972,0.0022560462247929536,0.012629959004116245,-0.2109110062196851,0.21820123141631484,0.5365686478826683,0.000578638451779625,-0.35266452660784126,2.0,21.16,24.5,95.5,58.5
60,50_5_5_10_5_2,50_5_5_10_5_2_StartGoalLocations_Seed16.csv,60,-58442.870987415314,113,0.6848484848484848,60,71,51,60,1,62,2,73,73,64,1.0,0.3570609692548202,4.813540005175442,0,0,0,0.32058333333333333,0.589198620921628,22.10737671951453,26,33.0,1.0,60,22.01,22.34,16.81,42.15,45.39,37.0,107.9,289.7,314.0,96.4,281.7,302.0,1770,0.6,4.21,0,31,1.75,830,0,533,0,0,75,123,1279,0,502,273,504,0,63,0.3925,0.2134,80,2,0,4799.997,0.0,11300.0,0.0,30040.548,-11011.712,486.5,0.0,0.0,-6400.0,9.377,-10522.085,0.0,-20220.0,2760.0,-30480.0,0.0,0.0,0.0,0.0,0.0,-8514.5,0.0,-20691.0,0.74199,4.97144,-0.35235,2.58899,-0.99875,2.1338,0.0,0.0,-0.60845,1.91506,184.495,-36628.259,11300.0,0.0,52125.039,-28377.231,-0.75925,3.02885,0.23542,4.84626,0.49475,2.43389,0.36546,2.09855,0.00235,100.0,0.99767,1.68105,0.0,-451.8471,160.5114,0.0,1689.6292,-2243.3528,-369.855,10197,262,9452,14186,660,947,1405,17147,2657,199,124.556,45921.347,0.0,2700.0,0.0,0.0,-10306.011,-16912.708,-50640.0,0.0,-29205.5,45921.347,0.0,2700.0,0.0,0.0,-10306.011,-16912.708,-50640.0,0.0,-29205.5,0,548,52,0,52,0,0,0,12068,98351,71.83455175849762,2.4710261854210898,48.13169159439152,2.504395645307889,38.85573100426025,9.708086343809418,2.5318330498495354,113,165,105,105,60.0,177.03809523809525,55.34285714285714,0.0,0,120,3,1.5714285714285714,0,25,0,65,25,11,12,0.0045748660706885855,0.0022032979254436214,0.012591200641472823,-0.2149545125849545,0.21992268167436124,0.539466175394773,0.000486730388702199,-0.3601072614360601,,,,,
