episode,map,scen,agents,reward,completed,completion_rate,collisions,recovery_invocations,recovery_forced,recovery_resolved,recovery_wasted,recovery_preemptive,recovery_preemptive_success,risk_steps,risk_steps_acted,warning_steps,intervention_rate,brake_duty_cycle,mean_peer_gap,errors_injected,handovers_completed,retired_recalled,action_override_rate,gradient_agreement,mean_hops_remaining,wave_fired,wave_failures,wave_rescuers_hit,ladder_l3_fired,ladder_l3_fleets,ladder_rules_while_held,ladder_shadow_steps_with_groups,ladder_shadow_groups,ladder_shadow_groups_2,ladder_shadow_groups_3plus,ladder_shadow_max_group,ladder_shadow_cycles_seen,ladder_shadow_cycles_2,ladder_shadow_cycles_3plus,ladder_shadow_cycles_in_corridor,ladder_shadow_max_cycle,ladder_shadow_max_cycle_persist,ladder_shadow_cycles_cleared_in_grace,ladder_shadow_cycles_needing_retreat,incomplete_moving,incomplete_dead_rescued,incomplete_rescuer_busy,incomplete_dead_rescue_late,incomplete_total,hops_moving,hops_dead_rescued,hops_rescuer_busy,hops_dead_rescue_late,start_hops_moving,start_hops_dead_rescued,start_hops_rescuer_busy,start_hops_dead_rescue_late,steps_held_moving,steps_held_dead_rescued,steps_held_rescuer_busy,steps_held_dead_rescue_late,steps_waiting_moving,steps_waiting_dead_rescued,steps_waiting_rescuer_busy,steps_waiting_dead_rescue_late,start_hops_delivered,steps_held_delivered,steps_waiting_delivered,sep_pairs,sep_min,sep_mean_nearest,sep_within_collision,sep_within_warning,sep_pct_within_warning,tier1_real_escapes,tier1_noop_escapes,tier1_rejected_occupied,tier1_rejected_obstacle,tier2_rejected_obstacle,recurrence_escalations,recurrence_pairs_tracked,doorstep_steps,doorstep_arrived,doorstep_closer,doorstep_idle,doorstep_away,doorstep_overridden,doorstep_peer_within_warning,doorstep_step_in_rate,doorstep_idle_rate,convoy_fleets_exempted,convoy_invocations_skipped,held_pair_invocations_skipped,rwd_term_pos_goal_baseline,rwd_term_neg_goal_baseline,rwd_term_pos_goal_delivery,rwd_term_neg_goal_delivery,rwd_term_pos_goal_progress,rwd_term_neg_goal_progress,rwd_term_pos_goal_final_approach,rwd_term_neg_goal_final_approach,rwd_term_pos_safety_collision,rwd_term_neg_safety_collision,rwd_term_pos_safety_warning,rwd_term_neg_safety_warning,rwd_term_pos_integrity_coherence,rwd_term_neg_integrity_coherence,rwd_term_pos_integrity_recovery_events,rwd_term_neg_integrity_recovery_events,rwd_term_pos_rescue_pickup,rwd_term_neg_rescue_pickup,rwd_term_pos_rescue_rescue_delivery,rwd_term_neg_rescue_rescue_delivery,rwd_term_pos_time_idle,rwd_term_neg_time_idle,rwd_term_pos_time_overtime,rwd_term_neg_time_overtime,rwd_spread_mean_goal,rwd_spread_std_goal,rwd_spread_mean_safety,rwd_spread_std_safety,rwd_spread_mean_integrity,rwd_spread_std_integrity,rwd_spread_mean_rescue,rwd_spread_std_rescue,rwd_spread_mean_time,rwd_spread_std_time,rwd_shadow_pos_safety,rwd_shadow_neg_safety,rwd_shadow_pos_delivery,rwd_shadow_neg_delivery,rwd_shadow_pos_efficiency,rwd_shadow_neg_efficiency,rwd_shadow_mean_safety,rwd_shadow_std_safety,rwd_shadow_mean_delivery,rwd_shadow_std_delivery,rwd_shadow_mean_efficiency,rwd_shadow_std_efficiency,rwd_shadow_freq_safety,rwd_shadow_typical_safety,rwd_shadow_freq_delivery,rwd_shadow_typical_delivery,rwd_shadow_freq_efficiency,rwd_shadow_typical_efficiency,rwd_live_pos_safety,rwd_live_neg_safety,rwd_live_pos_delivery,rwd_live_neg_delivery,rwd_live_pos_efficiency,rwd_live_neg_efficiency,rwd_approach_total,rwd_standoff_pairsteps,rwd_standoff_longest,rwd_standoff_past_cap,rwd_choice_wait,rwd_choice_follow,rwd_choice_reroute,rwd_choice_proceed,choice_n,choice_policy_wait,choice_policy_toward,choice_policy_away,choice_policy_side,choice_exec_wait,choice_exec_toward,choice_exec_away,choice_exec_side,choice_over_rule,choice_over_hold,choice_over_other,choice_policy_wait_share,choice_exec_wait_share,rwd_warnundo_fleetsteps,rwd_warnundo_mismatched,rwd_warnundo_escaped_kept,rwd_warnundo_error,rwd_all_pos_goal,rwd_all_pos_safety,rwd_all_pos_integrity,rwd_all_pos_rescue,rwd_all_pos_time,rwd_all_neg_goal,rwd_all_neg_safety,rwd_all_neg_integrity,rwd_all_neg_rescue,rwd_all_neg_time,rwd_learned_pos_goal,rwd_learned_pos_safety,rwd_learned_pos_integrity,rwd_learned_pos_rescue,rwd_learned_pos_time,rwd_learned_neg_goal,rwd_learned_neg_safety,rwd_learned_neg_integrity,rwd_learned_neg_rescue,rwd_learned_neg_time,held_pair_fleets_exempted,convoy_splats_skipped,orders_total,orders_delivered,orders_undelivered,orders_inherited,orders_inherited_delivered,orders_stranded_in_open_pickups,sep_warning_splats,preempt_window,preempt_watched,preempt_collided_k,preempt_clear_k,preempt_pending,preempt_prevention_rate,preempt_fleets_hit_k,preempt_fleets_watched,conflict_collapses,conflict_repeat_offences,conflict_max_pair_repeat,conflict_evaluations,conflict_pairs_head_on,conflict_warned_head_on,conflict_pairs_blocked,conflict_warned_blocked,conflict_pairs_following,conflict_warned_following,conflict_pairs_contested,conflict_warned_contested,conflict_pairs_sequential,conflict_warned_sequential,conflict_pairs_none,conflict_warned_none,conflict_pairs_unknown,conflict_warned_unknown,conflict_brake_convoy_exempt,corridor_entry_waits,corridor_entry_contests,corridor_meetings,corridor_retreaters,corridor_released,corridor_timeouts,corridor_no_pullover,corridor_claim_waits,corridor_hold_steps,corridor_entry_pullovers,corridor_stopped_waits,corridor_stopped_cycles_left,corridor_count,corridor_orders_open,corridor_aging_resets,conflict_holds,conflict_holds_at_cap,conflict_hold_steps,path_views,path_seeing_pct,path_routes_seen_mean,path_shared_pct,path_overlap_mean,path_contested_pct,path_contested_next_pct,path_contested_soonest,loss_safety,loss_delivery,loss_efficiency,qval_safety,qval_delivery,qval_efficiency,loss_recovery,qval_recovery,loss_teacher,teacher_agree,teacher_share,teacher_n,incomplete_dead_no_pickup,hops_dead_no_pickup,start_hops_dead_no_pickup,steps_held_dead_no_pickup,steps_waiting_dead_no_pickup
1,25_5_2_5_2_1,25_5_2_5_2_1_StartGoalLocations_Seed1016.csv,40,-481.8970150947571,37,0.925,6,0,6,6,0,0,0,195,0,189,0.0,0.17802567237163813,6.871774263923628,4,3,3,0.29228418640183346,0.3705118411000764,9.0,1,2,0,0,0,0,194,461,378,83,3,18,17,1,16,3,29,10,8,1.0,3,1.0,1.0,6,16.0,6.83,2.0,7.24,6.0,13.33,2.5,9.0,0.0,0.0,5.0,0.0,43.0,57.7,6.0,26.0,7.53,0.0,9.5,1,20.0,20.0,0.0,0.0,0.0,11,0,5,0,0,0,5,335,0,65,32,238,0,17,0.194,0.0955,0,0,0,654.5,0.0,3700.0,0.0,3848.653,-2980.704,21.0,0.0,0.0,-600.0,5.671,-574.018,0.0,-2298.0,0.0,-1032.0,75.0,0.0,0.0,0.0,0.0,-612.0,0.0,-690.0,0.80114,7.58838,-0.17851,2.14789,-0.50879,1.08541,0.01146,0.53511,-0.19893,0.96923,0.0,-1779.589,3775.0,0.0,4734.462,-3179.998,-0.2719,2.24039,0.57678,7.51568,0.2375,1.59054,0.15951,1.70459,0.00611,94.375,0.99404,1.21649,0.0,-34.5127,53.6222,0.0,218.4754,-242.0783,-57.785,211,24,67,542,51,211,224,1030,292,311,427,0,541,277,212,0,309,2,153,0.283495145631068,0.525242718446602,1029,511,91,-10.757,8013.649,5.35,0.0,75.0,0.0,-2770.2,-1173.696,-3330.0,0.0,-1302.0,8013.649,5.35,0.0,75.0,0.0,-2770.2,-1173.696,-3330.0,0.0,-1302.0,0,151,40,37,3,3,3,1,451,5,0,0,0,0,,0,0,6,1,2,3200,426,426,1122,1122,1595,603,171,171,12,0,1161,94,0,0,477,11,0,6,10,10,0,0,105,212,4,166,4,305,0,158,1,0,5,17459,58.78916318231285,2.1496492595479344,23.964717337762757,1.5441025515736027,15.791282433129044,5.137751303052867,2.3659775117881754,0.0034723949195782995,0.0071327851505841415,0.0014875745955220294,-0.0058579213613461955,0.05188970009257999,-0.010809032402218335,0.004177047861575717,0.004902888288406473,0.43104554248324023,0.39667316381678036,0.10944463416976209,90296.0,,,,,
2,50_20_5_10_5_2,50_20_5_10_5_2_StartGoalLocations_Seed1015.csv,40,8159.733978718519,40,1.0,1,0,1,1,0,0,0,4,0,3,0.0,0.0038580246913580245,9.747871645070889,8,7,6,0.06352880658436214,0.5540123456790124,0.0,2,5,0,0,0,0,2,2,2,0,2,0,0,0,0,0,0,0,0,,7,,,8,,17.57,,,,33.86,,,,0.0,,,,0.0,,,26.08,0.0,0.2,0,,,,,,2,0,1,0,0,0,1,165,0,106,12,47,0,0,0.6424,0.0727,0,0,0,777.6,0.0,4000.0,0.0,7104.96,-2944.098,0.0,0.0,0.0,-100.0,0.032,-5.76,0.0,-54.0,0.0,-288.0,175.0,0.0,0.0,0.0,0.0,-506.0,0.0,0.0,1.14949,7.23024,-0.0136,0.80195,-0.04398,0.54574,0.02251,0.74975,-0.06507,0.16823,0.0,-127.208,4175.0,0.0,10133.582,-1880.577,-0.01636,0.82886,0.53691,7.19129,1.06134,1.37589,0.00129,12.7208,0.00604,88.82979,0.9937,1.55483,0.0,-3.1507,59.304,0.0,405.9978,-197.1485,-3.069,1,1,0,2,0,2,2,6,0,1,5,0,2,2,2,0,2,0,2,0.0,0.3333333333333333,6,4,0,0.48,11685.86,0.0,0.0,175.0,0.0,-2747.398,-105.728,-342.0,0.0,-506.0,11685.86,0.0,0.0,175.0,0.0,-2747.398,-105.728,-342.0,0.0,-506.0,0,2,40,40,0,6,6,0,1,5,0,0,0,0,,0,0,1,0,0,2500,0,0,0,0,12,8,0,0,0,0,117,4,0,0,208,0,0,0,1,1,0,0,1,10,1,1,0,3200,0,12,0,0,0,22219,10.378504883208064,1.0,5.130743957873892,1.5921052874833868,3.2944776992663938,0.6210900580584184,2.7704918032786887,0.0015998387836385517,0.004975508283218369,0.0015405262811109424,0.0036560797115569583,0.06615943086743355,0.018127775589389057,0.004110143525712192,0.03428571230731905,0.4043959866813385,0.29969990866785545,0.051656010905047046,22993.0,1.0,11.0,41.0,0.0,0.0
3,25_5_2_5_2_1,25_5_2_5_2_1_StartGoalLocations_Seed1004.csv,60,1890.043538928032,60,1.0,9,0,9,9,0,0,0,109,0,100,0.0,0.21761658031088082,5.18120772473913,2,2,2,0.14800431499460626,0.4968716289104639,0.0,1,2,0,0,0,1,101,327,295,32,4,27,26,1,25,3,31,17,10,,2,,,2,,2.25,,,,6.5,,,,0.0,,,,14.0,,,7.29,0.3,6.2,0,,,,,,15,0,10,0,0,0,6,230,0,132,23,75,0,40,0.5739,0.1,0,0,0,463.5,0.0,6000.0,0.0,3335.494,-2076.746,14.0,0.0,0.0,-900.0,9.444,-471.149,0.0,-1848.0,0.0,-2496.0,50.0,0.0,0.0,0.0,0.0,-190.5,0.0,0.0,1.66909,11.34481,-0.29379,3.11146,-0.93722,1.90501,0.01079,0.5192,-0.0411,0.13734,0.0,-1884.718,6050.0,0.0,3936.414,-1823.088,-0.40663,3.23157,1.30529,11.3144,0.45595,1.29304,0.1657,2.45406,0.01338,97.58065,0.98684,1.25918,0.0,-39.36,85.9375,0.0,191.3997,-129.5569,-61.547,138,15,43,320,46,191,194,753,88,333,332,0,319,241,193,0,261,4,56,0.11686586985391766,0.42363877822045154,751,319,88,-9.487,9663.896,8.072,0.0,50.0,0.0,-1927.647,-1369.777,-4344.0,0.0,-190.5,9663.896,8.072,0.0,50.0,0.0,-1927.647,-1369.777,-4344.0,0.0,-190.5,0,88,60,60,0,2,2,0,324,5,0,0,0,0,,0,0,9,3,3,884,421,421,396,396,1093,353,269,269,20,0,2058,225,0,0,835,1,0,5,11,11,0,0,100,98,6,143,4,305,0,82,3,0,15,10052,79.52646239554318,2.8865399049286964,30.411858336649424,1.1150515346157543,19.82690011937923,4.5861520095503385,2.7129954841946815,0.0015858832561849233,0.005974050315346662,0.00160951118619177,-0.002291725320465377,0.07404448644877559,0.03526000367536534,0.004110774210742696,0.044807451119755995,0.3861042676212322,0.22326076668244202,0.05112149959715727,8452.0,,,,,
4,25_5_2_5_2_1,25_5_2_5_2_1_StartGoalLocations_Seed1019.csv,25,3129.6936894655228,24,0.96,0,0,0,0,0,0,0,21,0,21,0.0,0.04566823371390195,8.23894345538179,3,2,2,0.04701141705842848,0.61316319677636,0.0,1,2,0,0,0,0,21,23,23,0,2,1,1,0,1,2,1,1,0,,2,,,3,,9.0,,,,14.5,,,,0.0,,,,0.0,,,10.07,0.0,1.2,0,,,,,,0,0,0,0,0,0,0,73,0,49,7,17,0,2,0.6712,0.0959,0,0,0,148.9,0.0,2400.0,0.0,1403.58,-619.08,0.0,0.0,0.0,0.0,0.0,-21.206,0.0,-191.5,0.0,0.0,50.0,0.0,0.0,0.0,0.0,-41.0,0.0,0.0,2.23868,12.59516,-0.01424,0.09111,-0.12861,0.21855,0.03358,0.91562,-0.02754,0.11406,0.0,-42.629,2450.0,0.0,1612.949,-538.667,-0.02863,0.1703,1.6454,12.62197,0.72148,1.33441,0.02955,0.96883,0.01746,94.23077,0.98254,1.47069,0.0,-0.6729,34.8011,0.0,80.2046,-37.7189,-1.082,8,5,2,21,0,12,13,46,13,21,12,0,21,13,12,0,8,0,0,0.2826086956521739,0.45652173913043476,46,16,4,-0.578,3910.88,0.0,0.0,50.0,0.0,-577.48,-21.206,-191.5,0.0,-41.0,3910.88,0.0,0.0,50.0,0.0,-577.48,-21.206,-191.5,0.0,-41.0,0,7,25,24,1,2,1,0,15,5,0,0,0,0,,0,0,0,0,0,740,4,4,44,44,156,28,14,14,4,0,140,0,0,0,453,2,0,0,0,0,0,0,4,0,0,7,0,305,0,5,0,0,0,3562,48.73666479505896,1.445852534562212,16.900617630544637,1.2014119783509214,9.320606400898372,1.0668163952835485,3.2801204819277108,0.0014003750494511395,0.006384123347674471,0.0016457874076189222,-0.0018832575479668654,0.0756345281327093,0.03431334390833571,0.005071916231080084,0.03450139942201408,0.37652954222965457,0.22368609480166118,0.05079511655729201,6983.0,1.0,5.5,10.0,0.0,0.0
5,25_5_2_5_2_1,25_5_2_5_2_1_StartGoalLocations_Seed1003.csv,40,3423.819498986006,39,0.975,2,0,2,2,0,0,0,88,0,86,0.0,0.16283064239093095,6.157941220839463,8,7,4,0.0831329440054964,0.5434558570937822,0.0,1,4,0,0,0,0,85,179,169,10,3,13,13,0,8,2,2,7,6,,7,,,8,,3.47,,,,6.71,,,,0.0,,,,4.4,,,7.8,0.0,1.9,0,,,,,,4,0,2,0,0,0,2,215,0,107,9,99,0,7,0.4977,0.0419,0,0,0,291.1,0.0,3900.0,0.0,2296.306,-1362.578,0.0,0.0,0.0,-200.0,3.709,-224.217,0.0,-1074.5,0.0,-304.0,175.0,0.0,0.0,0.0,0.0,-77.0,0.0,0.0,1.7605,11.53451,-0.14445,1.86166,-0.47355,0.89205,0.06012,1.22446,-0.02645,0.11192,0.0,-648.51,4075.0,0.0,2610.473,-1204.904,-0.22278,1.94402,1.39986,11.55499,0.48285,1.3207,0.13947,1.59732,0.0158,88.58696,0.9866,1.32847,0.0,-12.4199,57.8835,0.0,131.2175,-82.2616,-22.002,27,5,2,116,62,143,81,404,71,157,176,0,116,145,143,0,59,0,24,0.17574257425742573,0.2871287128712871,404,155,44,-7.998,6388.92,3.578,0.0,175.0,0.0,-1264.092,-424.086,-1378.5,0.0,-77.0,6388.92,3.578,0.0,175.0,0.0,-1264.092,-424.086,-1378.5,0.0,-77.0,0,78,40,39,1,6,5,0,127,5,0,0,0,0,,0,0,2,0,0,1024,77,77,313,313,848,312,50,50,8,0,766,74,0,0,856,2,0,1,2,2,0,0,15,9,1,41,0,305,0,23,0,0,0,8168,68.73163565132224,2.5618097613110082,25.37952987267385,1.3050952894744332,15.915768854064643,3.060724779627816,2.6761538461538463,0.0012763479985551385,0.0069982647335109505,0.0018553216295913444,-0.0021645943518819877,0.07903918949887156,0.03652472842077259,0.005915206662393757,0.0332473750504505,0.3678002022963085,0.24286179567907937,0.04796873978990164,9211.0,1.0,1.0,5.0,0.0,19.0
6,50_20_5_10_5_2,50_20_5_10_5_2_StartGoalLocations_Seed1017.csv,40,7141.599913597107,40,1.0,0,0,0,0,0,0,0,1,0,1,0.0,0.0006788866259334691,9.8377460964019,1,1,1,0.010183299389002037,0.8010862186014935,0.0,0,0,0,0,0,0,1,1,1,0,2,0,0,0,0,0,0,0,0,,1,,,1,,7.5,,,,40.0,,,,0.0,,,,0.0,,,23.94,0.0,0.0,0,,,,,,0,0,0,0,0,0,0,109,0,92,6,11,0,0,0.844,0.055,0,0,0,294.6,0.0,4000.0,0.0,3547.5,-655.5,0.0,0.0,0.0,0.0,0.0,0.0,0.0,-19.0,0.0,0.0,25.0,0.0,0.0,0.0,0.0,-51.0,0.0,0.0,2.43944,11.50845,0.0,0.0,-0.00645,0.05642,0.00849,0.46052,-0.01731,0.09141,0.0,-1.0,4025.0,0.0,4734.065,-409.82,-0.00034,0.01302,1.36626,11.58114,1.46784,1.13646,0.00068,0.5,0.01392,98.17073,0.98642,1.77009,0.0,-0.0292,57.1733,0.0,202.7143,-40.3714,0.0,0,0,0,1,0,0,1,2,1,1,0,0,1,1,0,0,0,0,0,0.5,0.5,2,0,0,0.0,7798.4,0.0,0.0,25.0,0.0,-611.8,0.0,-19.0,0.0,-51.0,7798.4,0.0,0.0,25.0,0.0,-611.8,0.0,-19.0,0.0,-51.0,0,0,40,40,0,1,1,0,1,5,0,0,0,0,,0,0,0,0,0,756,0,0,4,4,4,0,0,0,0,0,4,0,0,0,121,0,0,0,0,0,0,0,0,0,0,0,0,3200,0,0,0,0,0,6010,6.422628951747088,1.0103626943005182,2.329450915141431,1.7969643153117172,1.1647254575707155,0.7321131447587355,1.9428571428571428,0.0011421678950129294,0.007398724656985708,0.002245355744860948,1.4983238105905815e-05,0.10462774434890697,0.0765408144071304,0.012787820157846288,0.03080967553674426,0.3880098025645765,0.1811937857726901,0.04288131433915515,6115.0,,,,,
7,50_20_5_10_5_2,50_20_5_10_5_2_StartGoalLocations_Seed1010.csv,40,7488.7821308374405,40,1.0,0,0,0,0,0,0,0,44,0,44,0.0,0.028843742162026585,9.467454461666286,3,3,2,0.028843742162026585,0.7772761474793077,0.0,1,3,0,0,0,0,44,58,58,0,2,6,6,0,6,2,7,3,3,,3,,,3,,15.5,,,,46.33,,,,0.0,,,,0.7,,,28.7,0.0,0.9,0,,,,,,0,0,0,0,0,0,0,152,0,127,15,10,0,0,0.8355,0.0987,0,0,0,398.7,0.0,4000.0,0.0,4669.093,-923.593,0.0,0.0,0.0,0.0,2.481,-56.899,0.0,-607.5,0.0,0.0,75.0,0.0,0.0,0.0,0.0,-68.5,0.0,0.0,2.04269,9.93209,-0.01365,0.10111,-0.15237,0.23015,0.01881,0.68551,-0.01718,0.09108,0.0,-111.734,4075.0,0.0,6498.99,-605.691,-0.02802,0.17298,1.02207,9.98758,1.47813,1.21145,0.02859,0.98012,0.01079,94.76744,0.98846,1.80276,0.0,-1.7808,57.8835,0.0,266.8054,-56.6911,-4.083,7,2,0,35,13,26,42,116,16,62,38,0,35,55,26,0,21,0,7,0.13793103448275862,0.3017241379310345,116,52,14,0.316,9004.593,2.481,0.0,75.0,0.0,-860.393,-56.899,-607.5,0.0,-68.5,9004.593,2.481,0.0,75.0,0.0,-860.393,-56.899,-607.5,0.0,-68.5,0,19,40,40,0,3,3,0,38,5,0,0,0,0,,0,0,0,0,0,1092,56,56,34,34,320,76,64,64,0,0,240,0,0,0,521,1,0,0,2,2,0,0,8,16,2,8,0,3200,0,9,0,0,0,8866,14.854500338371306,1.1123766135155657,8.030678998420933,1.2481039488646255,6.079404466501241,1.9399954883825852,2.7087198515769946,0.0010423794155940413,0.0066810935102880765,0.0021271902846936616,0.0013671868479269045,0.10482723170366043,0.08623928355646658,0.01968414970799844,-0.005817838000379257,0.37427083705217035,0.18391888705493986,0.039137931026392965,8482.0,,,,,
8,50_20_5_10_5_2,50_20_5_10_5_2_StartGoalLocations_Seed1016.csv,40,7837.699948884547,39,0.975,0,0,0,0,0,0,0,0,0,0,0.0,0.0004075810067250866,9.837375178316691,11,7,6,0.025066231913592828,0.7165274098227022,0.5,2,6,0,0,0,0,0,0,0,0,0,0,0,0,0,0,0,0,0,,7,1.0,1.0,12,,20.0,0.5,9.5,,35.0,23.0,19.0,,0.0,0.0,0.0,,0.0,0.0,0.0,27.29,0.0,0.0,0,,,,,,0,0,0,0,0,0,0,527,0,435,49,43,0,0,0.8254,0.093,0,0,0,490.7,0.0,3900.0,0.0,5335.5,-1600.5,0.0,0.0,0.0,0.0,0.0,0.0,0.0,0.0,0.0,0.0,175.0,0.0,0.0,0.0,0.0,-118.0,0.0,-345.0,1.65594,8.89818,0.0,0.0,0.0,0.0,0.03566,0.94356,-0.09436,0.77875,0.0,0.0,4075.0,0.0,7323.162,-1513.312,0.0,0.0,0.83045,8.92638,1.18399,1.67186,0.0,0.0,0.00937,88.58696,0.99144,1.81634,0.0,0.0,57.8835,0.0,302.9238,-115.9524,0.0,0,0,0,0,0,0,0,0,0,0,0,0,0,0,0,0,0,0,0,,,0,0,0,0.0,9619.5,0.0,0.0,175.0,0.0,-1493.8,0.0,0.0,0.0,-463.0,9619.5,0.0,0.0,175.0,0.0,-1493.8,0.0,0.0,0.0,-463.0,0,0,40,39,1,7,7,1,0,5,0,0,0,0,,0,0,0,0,0,3200,0,0,0,0,0,0,0,0,0,0,24,0,0,0,540,0,0,0,0,0,0,0,0,0,0,0,0,3200,0,0,0,0,0,23063,15.383948315483675,1.0,7.249707323418463,1.1476076688465962,6.226423275376144,1.7777392360057234,3.344707520891365,0.0008166358443759236,0.006189745393494377,0.002162363573734183,0.0035411522457025058,0.11301190172322094,0.1024562212638557,0.024567999474238603,-0.022630631902866297,0.37554954161875237,0.16398729538236012,0.034110547744743376,20465.0,3.0,4.0,17.67,0.0,0.0
9,25_5_2_5_2_1,25_5_2_5_2_1_StartGoalLocations_Seed1000.csv,60,4463.651988983154,60,1.0,4,1,4,4,0,1,1,240,1,236,0.004166666666666667,0.2109297725024728,5.542476484225925,5,5,3,0.1584672435105068,0.46279357231149565,0.0,1,2,0,1,2,0,231,338,268,70,4,14,14,0,11,2,10,9,5,,5,,,5,,7.91,,,,12.6,,,,1.0,,,,33.2,,,7.01,0.0,4.6,0,,,,,,9,0,5,0,0,0,4,285,0,188,55,42,0,38,0.6596,0.193,0,0,0,404.5,0.0,6000.0,0.0,2747.456,-1470.747,63.0,0.0,0.0,-400.0,3.336,-472.894,0.0,-1832.5,0.0,-364.0,125.0,0.0,0.0,0.0,0.0,-339.5,0.0,0.0,1.91451,12.10971,-0.21497,2.22805,-0.54302,0.71077,0.0309,0.87841,-0.08393,0.18687,0.0,-1390.324,6125.0,0.0,3335.046,-1360.112,-0.34371,2.34328,1.51422,12.11656,0.48824,1.25103,0.20692,1.66108,0.01607,94.23077,0.98368,1.17998,0.0,-24.7704,87.0028,0.0,160.5975,-103.4427,-30.626,239,16,129,463,59,155,154,834,278,286,270,0,463,217,154,0,193,2,89,0.3333333333333333,0.5551558752997602,830,220,39,-2.233,9108.379,2.137,0.0,125.0,0.0,-1364.17,-871.694,-2196.5,0.0,-339.5,9108.379,2.137,0.0,125.0,0.0,-1364.17,-871.694,-2196.5,0.0,-339.5,0,95,60,60,0,4,4,0,444,5,1,0,1,0,1.0,0,2,5,1,2,1468,119,119,1294,1294,1047,376,99,99,0,0,1689,283,0,0,628,7,1,3,6,6,0,0,68,14,3,137,0,305,0,49,1,0,5,10282,79.77047267068664,2.575469397707876,34.68196848862089,1.4127085865043005,21.82454775335538,4.269597354600272,2.7905525846702317,0.0006914184002423969,0.006782082994328939,0.0022979368352932647,0.0019206766637307985,0.14417338543837988,0.11830514854160251,0.020928057923161852,-0.002591633556057935,0.3486084228046058,0.1960590048436812,0.03521407518914744,9084.0,,,,,
10,50_20_5_10_5_2,50_20_5_10_5_2_StartGoalLocations_Seed1000.csv,60,7912.087738394737,60,1.0,0,1,0,0,0,1,1,34,1,34,0.029411764705882353,0.021970233876683204,9.555797305367333,1,1,1,0.00956768249468462,0.77462792345854,0.0,0,0,0,1,2,0,34,34,34,0,2,0,0,0,0,0,0,0,0,,1,,,1,,8.5,,,,20.0,,,,0.0,,,,0.0,,,15.08,0.0,0.6,0,,,,,,2,0,1,0,0,0,1,158,0,122,33,3,0,0,0.7722,0.2089,0,0,0,282.2,0.0,6000.0,0.0,3239.4,-577.68,0.0,0.0,0.0,0.0,0.0,-44.832,0.0,-780.5,0.0,-140.0,25.0,0.0,0.0,0.0,0.0,-91.5,0.0,0.0,3.16936,14.32545,-0.01589,0.10676,-0.32619,0.47993,0.00886,0.47053,-0.03242,0.12313,0.0,-85.416,6025.0,0.0,3836.444,-509.422,-0.03027,0.20845,2.13501,14.43185,1.17896,1.11429,0.0241,1.25612,0.02162,98.77049,0.97803,1.57459,0.0,-1.0087,85.5824,0.0,185.1086,-38.2389,-1.6,18,15,12,39,12,13,3,68,38,17,13,0,39,16,13,0,1,0,0,0.5588235294117647,0.5735294117647058,68,4,0,-0.416,9482.5,0.0,0.0,25.0,0.0,-538.58,-44.832,-920.5,0.0,-91.5,9482.5,0.0,0.0,25.0,0.0,-538.58,-44.832,-920.5,0.0,-91.5,0,13,60,60,0,1,1,0,20,5,1,0,1,0,1.0,0,2,1,0,0,596,0,0,82,82,104,52,0,0,0,0,56,0,0,0,284,0,0,0,0,0,0,0,0,0,0,1,0,3200,0,1,0,0,0,5714,9.9929996499825,1.0,3.5351767588379417,1.8519802272762402,1.960098004900245,0.07000350017500875,2.5892857142857144,0.0010122305549714002,0.007486201100826463,0.0022759461734793932,0.00209823970870629,0.15266706164451255,0.11801422032333861,0.02632000691088654,-0.024846862777348783,0.3578003526761614,0.173874926943308,0.03333811636650934,3422.0,,,,,
